GAS LISTING /tmp/ccHMMbxq.s 			page 1


   1              		.file	"dickman.cpp"
   2              		.file 1 "/usr/include/c++/13/cmath"
   3              		.file 2 "/usr/include/c++/13/bits/std_abs.h"
   4              		.file 3 "/usr/include/c++/13/type_traits"
   5              		.file 4 "/usr/include/x86_64-linux-gnu/c++/13/bits/c++config.h"
   6              		.file 5 "/usr/include/c++/13/bits/stl_pair.h"
   7              		.file 6 "/usr/include/c++/13/debug/debug.h"
   8              		.file 7 "/usr/include/c++/13/bits/stl_construct.h"
   9              		.file 8 "/usr/include/c++/13/bits/new_allocator.h"
  10              		.file 9 "/usr/include/c++/13/bits/allocator.h"
  11              		.file 10 "/usr/include/c++/13/bits/alloc_traits.h"
  12              		.file 11 "/usr/include/c++/13/bits/stl_vector.h"
  13              		.file 12 "/usr/include/c++/13/bits/vector.tcc"
  14              		.file 13 "/usr/include/c++/13/bits/stl_iterator_base_types.h"
  15              		.file 14 "/usr/include/c++/13/bits/functexcept.h"
  16              		.file 15 "/usr/include/c++/13/bits/stl_uninitialized.h"
  17              		.file 16 "/usr/include/c++/13/bits/stl_algobase.h"
  18              		.file 17 "/usr/include/c++/13/bits/predefined_ops.h"
  19              		.file 18 "/usr/include/c++/13/ext/alloc_traits.h"
  20              		.file 19 "/usr/include/c++/13/bits/stl_iterator.h"
  21              		.file 20 "/usr/include/c++/13/ext/type_traits.h"
  22              		.file 21 "/usr/include/math.h"
  23              		.file 22 "/usr/include/c++/13/math.h"
  24              		.file 23 "dickman.cpp"
  25              		.file 24 "/usr/include/c++/13/new"
  26              		.file 25 "/usr/include/x86_64-linux-gnu/bits/mathcalls.h"
  27              		.section	.gnu.debuglto_.debug_info,"e",@progbits
  28              	.Ldebug_info0:
  29              		.hidden	dickman.cpp.5799373d
  30              		.weak	dickman.cpp.5799373d
  31              	dickman.cpp.5799373d:
  32 0000 A63E0000 		.long	0x3ea6
  33 0004 0500     		.value	0x5
  34 0006 01       		.byte	0x1
  35 0007 08       		.byte	0x8
  36 0008 00000000 		.long	.Ldebug_abbrev0
  37 000c 44       		.uleb128 0x44
  38 000d 00000000 		.long	.LASF620
  39 0011 21       		.byte	0x21
  40 0012 00000000 		.long	.LASF0
  41 0016 00000000 		.long	.LASF1
  42 001a 00000000 		.long	.Ldebug_line0
  43 001e 45       		.uleb128 0x45
  44 001f 73746400 		.string	"std"
  45 0023 04       		.byte	0x4
  46 0024 3201     		.value	0x132
  47 0026 0B       		.byte	0xb
  48 0027 6E280000 		.long	0x286e
  49 002b 21       		.uleb128 0x21
  50 002c 01       		.byte	0x1
  51 002d 5907     		.value	0x759
  52 002f BB2C0000 		.long	0x2cbb
  53 0033 21       		.uleb128 0x21
  54 0034 01       		.byte	0x1
  55 0035 5A07     		.value	0x75a
  56 0037 AF2C0000 		.long	0x2caf
  57 003b 1F       		.uleb128 0x1f
GAS LISTING /tmp/ccHMMbxq.s 			page 2


  58 003c 61627300 		.string	"abs"
  59 0040 02       		.byte	0x2
  60 0041 4F       		.byte	0x4f
  61 0042 00000000 		.long	.LASF2
  62 0046 8C2C0000 		.long	0x2c8c
  63 004a 54000000 		.long	0x54
  64 004e 01       		.uleb128 0x1
  65 004f 8C2C0000 		.long	0x2c8c
  66 0053 00       		.byte	0
  67 0054 1F       		.uleb128 0x1f
  68 0055 61627300 		.string	"abs"
  69 0059 02       		.byte	0x2
  70 005a 4B       		.byte	0x4b
  71 005b 00000000 		.long	.LASF3
  72 005f 9A2C0000 		.long	0x2c9a
  73 0063 6D000000 		.long	0x6d
  74 0067 01       		.uleb128 0x1
  75 0068 9A2C0000 		.long	0x2c9a
  76 006c 00       		.byte	0
  77 006d 1F       		.uleb128 0x1f
  78 006e 61627300 		.string	"abs"
  79 0072 02       		.byte	0x2
  80 0073 47       		.byte	0x47
  81 0074 00000000 		.long	.LASF4
  82 0078 932C0000 		.long	0x2c93
  83 007c 86000000 		.long	0x86
  84 0080 01       		.uleb128 0x1
  85 0081 932C0000 		.long	0x2c93
  86 0085 00       		.byte	0
  87 0086 1F       		.uleb128 0x1f
  88 0087 61627300 		.string	"abs"
  89 008b 02       		.byte	0x2
  90 008c 3D       		.byte	0x3d
  91 008d 00000000 		.long	.LASF5
  92 0091 852C0000 		.long	0x2c85
  93 0095 9F000000 		.long	0x9f
  94 0099 01       		.uleb128 0x1
  95 009a 852C0000 		.long	0x2c85
  96 009e 00       		.byte	0
  97 009f 1F       		.uleb128 0x1f
  98 00a0 61627300 		.string	"abs"
  99 00a4 02       		.byte	0x2
 100 00a5 38       		.byte	0x38
 101 00a6 00000000 		.long	.LASF6
 102 00aa 7E2C0000 		.long	0x2c7e
 103 00ae B8000000 		.long	0xb8
 104 00b2 01       		.uleb128 0x1
 105 00b3 7E2C0000 		.long	0x2c7e
 106 00b7 00       		.byte	0
 107 00b8 12       		.uleb128 0x12
 108 00b9 00000000 		.long	.LASF7
 109 00bd 01       		.byte	0x1
 110 00be 5D       		.byte	0x5d
 111 00bf 03       		.byte	0x3
 112 00c0 00000000 		.long	.LASF8
 113 00c4 8C2C0000 		.long	0x2c8c
 114 00c8 D2000000 		.long	0xd2
GAS LISTING /tmp/ccHMMbxq.s 			page 3


 115 00cc 01       		.uleb128 0x1
 116 00cd 8C2C0000 		.long	0x2c8c
 117 00d1 00       		.byte	0
 118 00d2 12       		.uleb128 0x12
 119 00d3 00000000 		.long	.LASF7
 120 00d7 01       		.byte	0x1
 121 00d8 59       		.byte	0x59
 122 00d9 03       		.byte	0x3
 123 00da 00000000 		.long	.LASF9
 124 00de 9A2C0000 		.long	0x2c9a
 125 00e2 EC000000 		.long	0xec
 126 00e6 01       		.uleb128 0x1
 127 00e7 9A2C0000 		.long	0x2c9a
 128 00eb 00       		.byte	0
 129 00ec 12       		.uleb128 0x12
 130 00ed 00000000 		.long	.LASF10
 131 00f1 01       		.byte	0x1
 132 00f2 70       		.byte	0x70
 133 00f3 03       		.byte	0x3
 134 00f4 00000000 		.long	.LASF11
 135 00f8 8C2C0000 		.long	0x2c8c
 136 00fc 06010000 		.long	0x106
 137 0100 01       		.uleb128 0x1
 138 0101 8C2C0000 		.long	0x2c8c
 139 0105 00       		.byte	0
 140 0106 12       		.uleb128 0x12
 141 0107 00000000 		.long	.LASF10
 142 010b 01       		.byte	0x1
 143 010c 6C       		.byte	0x6c
 144 010d 03       		.byte	0x3
 145 010e 00000000 		.long	.LASF12
 146 0112 9A2C0000 		.long	0x2c9a
 147 0116 20010000 		.long	0x120
 148 011a 01       		.uleb128 0x1
 149 011b 9A2C0000 		.long	0x2c9a
 150 011f 00       		.byte	0
 151 0120 12       		.uleb128 0x12
 152 0121 00000000 		.long	.LASF13
 153 0125 01       		.byte	0x1
 154 0126 83       		.byte	0x83
 155 0127 03       		.byte	0x3
 156 0128 00000000 		.long	.LASF14
 157 012c 8C2C0000 		.long	0x2c8c
 158 0130 3A010000 		.long	0x13a
 159 0134 01       		.uleb128 0x1
 160 0135 8C2C0000 		.long	0x2c8c
 161 0139 00       		.byte	0
 162 013a 12       		.uleb128 0x12
 163 013b 00000000 		.long	.LASF13
 164 013f 01       		.byte	0x1
 165 0140 7F       		.byte	0x7f
 166 0141 03       		.byte	0x3
 167 0142 00000000 		.long	.LASF15
 168 0146 9A2C0000 		.long	0x2c9a
 169 014a 54010000 		.long	0x154
 170 014e 01       		.uleb128 0x1
 171 014f 9A2C0000 		.long	0x2c9a
GAS LISTING /tmp/ccHMMbxq.s 			page 4


 172 0153 00       		.byte	0
 173 0154 12       		.uleb128 0x12
 174 0155 00000000 		.long	.LASF16
 175 0159 01       		.byte	0x1
 176 015a 96       		.byte	0x96
 177 015b 03       		.byte	0x3
 178 015c 00000000 		.long	.LASF17
 179 0160 8C2C0000 		.long	0x2c8c
 180 0164 73010000 		.long	0x173
 181 0168 01       		.uleb128 0x1
 182 0169 8C2C0000 		.long	0x2c8c
 183 016d 01       		.uleb128 0x1
 184 016e 8C2C0000 		.long	0x2c8c
 185 0172 00       		.byte	0
 186 0173 12       		.uleb128 0x12
 187 0174 00000000 		.long	.LASF16
 188 0178 01       		.byte	0x1
 189 0179 92       		.byte	0x92
 190 017a 03       		.byte	0x3
 191 017b 00000000 		.long	.LASF18
 192 017f 9A2C0000 		.long	0x2c9a
 193 0183 92010000 		.long	0x192
 194 0187 01       		.uleb128 0x1
 195 0188 9A2C0000 		.long	0x2c9a
 196 018c 01       		.uleb128 0x1
 197 018d 9A2C0000 		.long	0x2c9a
 198 0191 00       		.byte	0
 199 0192 1F       		.uleb128 0x1f
 200 0193 636F7300 		.string	"cos"
 201 0197 01       		.byte	0x1
 202 0198 B5       		.byte	0xb5
 203 0199 00000000 		.long	.LASF19
 204 019d 8C2C0000 		.long	0x2c8c
 205 01a1 AB010000 		.long	0x1ab
 206 01a5 01       		.uleb128 0x1
 207 01a6 8C2C0000 		.long	0x2c8c
 208 01aa 00       		.byte	0
 209 01ab 1F       		.uleb128 0x1f
 210 01ac 636F7300 		.string	"cos"
 211 01b0 01       		.byte	0x1
 212 01b1 B1       		.byte	0xb1
 213 01b2 00000000 		.long	.LASF20
 214 01b6 9A2C0000 		.long	0x2c9a
 215 01ba C4010000 		.long	0x1c4
 216 01be 01       		.uleb128 0x1
 217 01bf 9A2C0000 		.long	0x2c9a
 218 01c3 00       		.byte	0
 219 01c4 18       		.uleb128 0x18
 220 01c5 73696E00 		.string	"sin"
 221 01c9 9401     		.value	0x194
 222 01cb 00000000 		.long	.LASF21
 223 01cf 8C2C0000 		.long	0x2c8c
 224 01d3 DD010000 		.long	0x1dd
 225 01d7 01       		.uleb128 0x1
 226 01d8 8C2C0000 		.long	0x2c8c
 227 01dc 00       		.byte	0
 228 01dd 18       		.uleb128 0x18
GAS LISTING /tmp/ccHMMbxq.s 			page 5


 229 01de 73696E00 		.string	"sin"
 230 01e2 9001     		.value	0x190
 231 01e4 00000000 		.long	.LASF22
 232 01e8 9A2C0000 		.long	0x2c9a
 233 01ec F6010000 		.long	0x1f6
 234 01f0 01       		.uleb128 0x1
 235 01f1 9A2C0000 		.long	0x2c9a
 236 01f5 00       		.byte	0
 237 01f6 18       		.uleb128 0x18
 238 01f7 74616E00 		.string	"tan"
 239 01fb CD01     		.value	0x1cd
 240 01fd 00000000 		.long	.LASF23
 241 0201 8C2C0000 		.long	0x2c8c
 242 0205 0F020000 		.long	0x20f
 243 0209 01       		.uleb128 0x1
 244 020a 8C2C0000 		.long	0x2c8c
 245 020e 00       		.byte	0
 246 020f 18       		.uleb128 0x18
 247 0210 74616E00 		.string	"tan"
 248 0214 C901     		.value	0x1c9
 249 0216 00000000 		.long	.LASF24
 250 021a 9A2C0000 		.long	0x2c9a
 251 021e 28020000 		.long	0x228
 252 0222 01       		.uleb128 0x1
 253 0223 9A2C0000 		.long	0x2c9a
 254 0227 00       		.byte	0
 255 0228 12       		.uleb128 0x12
 256 0229 00000000 		.long	.LASF25
 257 022d 01       		.byte	0x1
 258 022e C8       		.byte	0xc8
 259 022f 03       		.byte	0x3
 260 0230 00000000 		.long	.LASF26
 261 0234 8C2C0000 		.long	0x2c8c
 262 0238 42020000 		.long	0x242
 263 023c 01       		.uleb128 0x1
 264 023d 8C2C0000 		.long	0x2c8c
 265 0241 00       		.byte	0
 266 0242 12       		.uleb128 0x12
 267 0243 00000000 		.long	.LASF25
 268 0247 01       		.byte	0x1
 269 0248 C4       		.byte	0xc4
 270 0249 03       		.byte	0x3
 271 024a 00000000 		.long	.LASF27
 272 024e 9A2C0000 		.long	0x2c9a
 273 0252 5C020000 		.long	0x25c
 274 0256 01       		.uleb128 0x1
 275 0257 9A2C0000 		.long	0x2c9a
 276 025b 00       		.byte	0
 277 025c 04       		.uleb128 0x4
 278 025d 00000000 		.long	.LASF28
 279 0261 01       		.byte	0x1
 280 0262 A701     		.value	0x1a7
 281 0264 03       		.byte	0x3
 282 0265 00000000 		.long	.LASF29
 283 0269 8C2C0000 		.long	0x2c8c
 284 026d 77020000 		.long	0x277
 285 0271 01       		.uleb128 0x1
GAS LISTING /tmp/ccHMMbxq.s 			page 6


 286 0272 8C2C0000 		.long	0x2c8c
 287 0276 00       		.byte	0
 288 0277 04       		.uleb128 0x4
 289 0278 00000000 		.long	.LASF28
 290 027c 01       		.byte	0x1
 291 027d A301     		.value	0x1a3
 292 027f 03       		.byte	0x3
 293 0280 00000000 		.long	.LASF30
 294 0284 9A2C0000 		.long	0x2c9a
 295 0288 92020000 		.long	0x292
 296 028c 01       		.uleb128 0x1
 297 028d 9A2C0000 		.long	0x2c9a
 298 0291 00       		.byte	0
 299 0292 04       		.uleb128 0x4
 300 0293 00000000 		.long	.LASF31
 301 0297 01       		.byte	0x1
 302 0298 E001     		.value	0x1e0
 303 029a 03       		.byte	0x3
 304 029b 00000000 		.long	.LASF32
 305 029f 8C2C0000 		.long	0x2c8c
 306 02a3 AD020000 		.long	0x2ad
 307 02a7 01       		.uleb128 0x1
 308 02a8 8C2C0000 		.long	0x2c8c
 309 02ac 00       		.byte	0
 310 02ad 04       		.uleb128 0x4
 311 02ae 00000000 		.long	.LASF31
 312 02b2 01       		.byte	0x1
 313 02b3 DC01     		.value	0x1dc
 314 02b5 03       		.byte	0x3
 315 02b6 00000000 		.long	.LASF33
 316 02ba 9A2C0000 		.long	0x2c9a
 317 02be C8020000 		.long	0x2c8
 318 02c2 01       		.uleb128 0x1
 319 02c3 9A2C0000 		.long	0x2c9a
 320 02c7 00       		.byte	0
 321 02c8 1F       		.uleb128 0x1f
 322 02c9 65787000 		.string	"exp"
 323 02cd 01       		.byte	0x1
 324 02ce DB       		.byte	0xdb
 325 02cf 00000000 		.long	.LASF34
 326 02d3 8C2C0000 		.long	0x2c8c
 327 02d7 E1020000 		.long	0x2e1
 328 02db 01       		.uleb128 0x1
 329 02dc 8C2C0000 		.long	0x2c8c
 330 02e0 00       		.byte	0
 331 02e1 1F       		.uleb128 0x1f
 332 02e2 65787000 		.string	"exp"
 333 02e6 01       		.byte	0x1
 334 02e7 D7       		.byte	0xd7
 335 02e8 00000000 		.long	.LASF35
 336 02ec 9A2C0000 		.long	0x2c9a
 337 02f0 FA020000 		.long	0x2fa
 338 02f4 01       		.uleb128 0x1
 339 02f5 9A2C0000 		.long	0x2c9a
 340 02f9 00       		.byte	0
 341 02fa 04       		.uleb128 0x4
 342 02fb 00000000 		.long	.LASF36
GAS LISTING /tmp/ccHMMbxq.s 			page 7


 343 02ff 01       		.byte	0x1
 344 0300 2001     		.value	0x120
 345 0302 03       		.byte	0x3
 346 0303 00000000 		.long	.LASF37
 347 0307 8C2C0000 		.long	0x2c8c
 348 030b 1A030000 		.long	0x31a
 349 030f 01       		.uleb128 0x1
 350 0310 8C2C0000 		.long	0x2c8c
 351 0314 01       		.uleb128 0x1
 352 0315 CD2D0000 		.long	0x2dcd
 353 0319 00       		.byte	0
 354 031a 04       		.uleb128 0x4
 355 031b 00000000 		.long	.LASF36
 356 031f 01       		.byte	0x1
 357 0320 1C01     		.value	0x11c
 358 0322 03       		.byte	0x3
 359 0323 00000000 		.long	.LASF38
 360 0327 9A2C0000 		.long	0x2c9a
 361 032b 3A030000 		.long	0x33a
 362 032f 01       		.uleb128 0x1
 363 0330 9A2C0000 		.long	0x2c9a
 364 0334 01       		.uleb128 0x1
 365 0335 CD2D0000 		.long	0x2dcd
 366 0339 00       		.byte	0
 367 033a 04       		.uleb128 0x4
 368 033b 00000000 		.long	.LASF39
 369 033f 01       		.byte	0x1
 370 0340 3301     		.value	0x133
 371 0342 03       		.byte	0x3
 372 0343 00000000 		.long	.LASF40
 373 0347 8C2C0000 		.long	0x2c8c
 374 034b 5A030000 		.long	0x35a
 375 034f 01       		.uleb128 0x1
 376 0350 8C2C0000 		.long	0x2c8c
 377 0354 01       		.uleb128 0x1
 378 0355 722C0000 		.long	0x2c72
 379 0359 00       		.byte	0
 380 035a 04       		.uleb128 0x4
 381 035b 00000000 		.long	.LASF39
 382 035f 01       		.byte	0x1
 383 0360 2F01     		.value	0x12f
 384 0362 03       		.byte	0x3
 385 0363 00000000 		.long	.LASF41
 386 0367 9A2C0000 		.long	0x2c9a
 387 036b 7A030000 		.long	0x37a
 388 036f 01       		.uleb128 0x1
 389 0370 9A2C0000 		.long	0x2c9a
 390 0374 01       		.uleb128 0x1
 391 0375 722C0000 		.long	0x2c72
 392 0379 00       		.byte	0
 393 037a 18       		.uleb128 0x18
 394 037b 6C6F6700 		.string	"log"
 395 037f 4601     		.value	0x146
 396 0381 00000000 		.long	.LASF42
 397 0385 8C2C0000 		.long	0x2c8c
 398 0389 93030000 		.long	0x393
 399 038d 01       		.uleb128 0x1
GAS LISTING /tmp/ccHMMbxq.s 			page 8


 400 038e 8C2C0000 		.long	0x2c8c
 401 0392 00       		.byte	0
 402 0393 18       		.uleb128 0x18
 403 0394 6C6F6700 		.string	"log"
 404 0398 4201     		.value	0x142
 405 039a 00000000 		.long	.LASF43
 406 039e 9A2C0000 		.long	0x2c9a
 407 03a2 AC030000 		.long	0x3ac
 408 03a6 01       		.uleb128 0x1
 409 03a7 9A2C0000 		.long	0x2c9a
 410 03ab 00       		.byte	0
 411 03ac 04       		.uleb128 0x4
 412 03ad 00000000 		.long	.LASF44
 413 03b1 01       		.byte	0x1
 414 03b2 5901     		.value	0x159
 415 03b4 03       		.byte	0x3
 416 03b5 00000000 		.long	.LASF45
 417 03b9 8C2C0000 		.long	0x2c8c
 418 03bd C7030000 		.long	0x3c7
 419 03c1 01       		.uleb128 0x1
 420 03c2 8C2C0000 		.long	0x2c8c
 421 03c6 00       		.byte	0
 422 03c7 04       		.uleb128 0x4
 423 03c8 00000000 		.long	.LASF44
 424 03cc 01       		.byte	0x1
 425 03cd 5501     		.value	0x155
 426 03cf 03       		.byte	0x3
 427 03d0 00000000 		.long	.LASF46
 428 03d4 9A2C0000 		.long	0x2c9a
 429 03d8 E2030000 		.long	0x3e2
 430 03dc 01       		.uleb128 0x1
 431 03dd 9A2C0000 		.long	0x2c9a
 432 03e1 00       		.byte	0
 433 03e2 04       		.uleb128 0x4
 434 03e3 00000000 		.long	.LASF47
 435 03e7 01       		.byte	0x1
 436 03e8 6C01     		.value	0x16c
 437 03ea 03       		.byte	0x3
 438 03eb 00000000 		.long	.LASF48
 439 03ef 8C2C0000 		.long	0x2c8c
 440 03f3 02040000 		.long	0x402
 441 03f7 01       		.uleb128 0x1
 442 03f8 8C2C0000 		.long	0x2c8c
 443 03fc 01       		.uleb128 0x1
 444 03fd 122E0000 		.long	0x2e12
 445 0401 00       		.byte	0
 446 0402 04       		.uleb128 0x4
 447 0403 00000000 		.long	.LASF47
 448 0407 01       		.byte	0x1
 449 0408 6801     		.value	0x168
 450 040a 03       		.byte	0x3
 451 040b 00000000 		.long	.LASF49
 452 040f 9A2C0000 		.long	0x2c9a
 453 0413 22040000 		.long	0x422
 454 0417 01       		.uleb128 0x1
 455 0418 9A2C0000 		.long	0x2c9a
 456 041c 01       		.uleb128 0x1
GAS LISTING /tmp/ccHMMbxq.s 			page 9


 457 041d 1F2E0000 		.long	0x2e1f
 458 0421 00       		.byte	0
 459 0422 18       		.uleb128 0x18
 460 0423 706F7700 		.string	"pow"
 461 0427 7801     		.value	0x178
 462 0429 00000000 		.long	.LASF50
 463 042d 8C2C0000 		.long	0x2c8c
 464 0431 40040000 		.long	0x440
 465 0435 01       		.uleb128 0x1
 466 0436 8C2C0000 		.long	0x2c8c
 467 043a 01       		.uleb128 0x1
 468 043b 8C2C0000 		.long	0x2c8c
 469 043f 00       		.byte	0
 470 0440 18       		.uleb128 0x18
 471 0441 706F7700 		.string	"pow"
 472 0445 7401     		.value	0x174
 473 0447 00000000 		.long	.LASF51
 474 044b 9A2C0000 		.long	0x2c9a
 475 044f 5E040000 		.long	0x45e
 476 0453 01       		.uleb128 0x1
 477 0454 9A2C0000 		.long	0x2c9a
 478 0458 01       		.uleb128 0x1
 479 0459 9A2C0000 		.long	0x2c9a
 480 045d 00       		.byte	0
 481 045e 04       		.uleb128 0x4
 482 045f 00000000 		.long	.LASF52
 483 0463 01       		.byte	0x1
 484 0464 BA01     		.value	0x1ba
 485 0466 03       		.byte	0x3
 486 0467 00000000 		.long	.LASF53
 487 046b 8C2C0000 		.long	0x2c8c
 488 046f 79040000 		.long	0x479
 489 0473 01       		.uleb128 0x1
 490 0474 8C2C0000 		.long	0x2c8c
 491 0478 00       		.byte	0
 492 0479 04       		.uleb128 0x4
 493 047a 00000000 		.long	.LASF52
 494 047e 01       		.byte	0x1
 495 047f B601     		.value	0x1b6
 496 0481 03       		.byte	0x3
 497 0482 00000000 		.long	.LASF54
 498 0486 9A2C0000 		.long	0x2c9a
 499 048a 94040000 		.long	0x494
 500 048e 01       		.uleb128 0x1
 501 048f 9A2C0000 		.long	0x2c9a
 502 0493 00       		.byte	0
 503 0494 12       		.uleb128 0x12
 504 0495 00000000 		.long	.LASF55
 505 0499 01       		.byte	0x1
 506 049a A2       		.byte	0xa2
 507 049b 03       		.byte	0x3
 508 049c 00000000 		.long	.LASF56
 509 04a0 8C2C0000 		.long	0x2c8c
 510 04a4 AE040000 		.long	0x4ae
 511 04a8 01       		.uleb128 0x1
 512 04a9 8C2C0000 		.long	0x2c8c
 513 04ad 00       		.byte	0
GAS LISTING /tmp/ccHMMbxq.s 			page 10


 514 04ae 12       		.uleb128 0x12
 515 04af 00000000 		.long	.LASF55
 516 04b3 01       		.byte	0x1
 517 04b4 9E       		.byte	0x9e
 518 04b5 03       		.byte	0x3
 519 04b6 00000000 		.long	.LASF57
 520 04ba 9A2C0000 		.long	0x2c9a
 521 04be C8040000 		.long	0x4c8
 522 04c2 01       		.uleb128 0x1
 523 04c3 9A2C0000 		.long	0x2c9a
 524 04c7 00       		.byte	0
 525 04c8 12       		.uleb128 0x12
 526 04c9 00000000 		.long	.LASF58
 527 04cd 01       		.byte	0x1
 528 04ce EE       		.byte	0xee
 529 04cf 03       		.byte	0x3
 530 04d0 00000000 		.long	.LASF59
 531 04d4 8C2C0000 		.long	0x2c8c
 532 04d8 E2040000 		.long	0x4e2
 533 04dc 01       		.uleb128 0x1
 534 04dd 8C2C0000 		.long	0x2c8c
 535 04e1 00       		.byte	0
 536 04e2 12       		.uleb128 0x12
 537 04e3 00000000 		.long	.LASF58
 538 04e7 01       		.byte	0x1
 539 04e8 EA       		.byte	0xea
 540 04e9 03       		.byte	0x3
 541 04ea 00000000 		.long	.LASF60
 542 04ee 9A2C0000 		.long	0x2c9a
 543 04f2 FC040000 		.long	0x4fc
 544 04f6 01       		.uleb128 0x1
 545 04f7 9A2C0000 		.long	0x2c9a
 546 04fb 00       		.byte	0
 547 04fc 04       		.uleb128 0x4
 548 04fd 00000000 		.long	.LASF61
 549 0501 01       		.byte	0x1
 550 0502 0101     		.value	0x101
 551 0504 03       		.byte	0x3
 552 0505 00000000 		.long	.LASF62
 553 0509 8C2C0000 		.long	0x2c8c
 554 050d 17050000 		.long	0x517
 555 0511 01       		.uleb128 0x1
 556 0512 8C2C0000 		.long	0x2c8c
 557 0516 00       		.byte	0
 558 0517 12       		.uleb128 0x12
 559 0518 00000000 		.long	.LASF61
 560 051c 01       		.byte	0x1
 561 051d FD       		.byte	0xfd
 562 051e 03       		.byte	0x3
 563 051f 00000000 		.long	.LASF63
 564 0523 9A2C0000 		.long	0x2c9a
 565 0527 31050000 		.long	0x531
 566 052b 01       		.uleb128 0x1
 567 052c 9A2C0000 		.long	0x2c9a
 568 0530 00       		.byte	0
 569 0531 04       		.uleb128 0x4
 570 0532 00000000 		.long	.LASF64
GAS LISTING /tmp/ccHMMbxq.s 			page 11


 571 0536 01       		.byte	0x1
 572 0537 1401     		.value	0x114
 573 0539 03       		.byte	0x3
 574 053a 00000000 		.long	.LASF65
 575 053e 8C2C0000 		.long	0x2c8c
 576 0542 51050000 		.long	0x551
 577 0546 01       		.uleb128 0x1
 578 0547 8C2C0000 		.long	0x2c8c
 579 054b 01       		.uleb128 0x1
 580 054c 8C2C0000 		.long	0x2c8c
 581 0550 00       		.byte	0
 582 0551 04       		.uleb128 0x4
 583 0552 00000000 		.long	.LASF64
 584 0556 01       		.byte	0x1
 585 0557 1001     		.value	0x110
 586 0559 03       		.byte	0x3
 587 055a 00000000 		.long	.LASF66
 588 055e 9A2C0000 		.long	0x2c9a
 589 0562 71050000 		.long	0x571
 590 0566 01       		.uleb128 0x1
 591 0567 9A2C0000 		.long	0x2c9a
 592 056b 01       		.uleb128 0x1
 593 056c 9A2C0000 		.long	0x2c9a
 594 0570 00       		.byte	0
 595 0571 04       		.uleb128 0x4
 596 0572 00000000 		.long	.LASF67
 597 0576 01       		.byte	0x1
 598 0577 5304     		.value	0x453
 599 0579 03       		.byte	0x3
 600 057a 00000000 		.long	.LASF68
 601 057e 722C0000 		.long	0x2c72
 602 0582 8C050000 		.long	0x58c
 603 0586 01       		.uleb128 0x1
 604 0587 8C2C0000 		.long	0x2c8c
 605 058b 00       		.byte	0
 606 058c 04       		.uleb128 0x4
 607 058d 00000000 		.long	.LASF67
 608 0591 01       		.byte	0x1
 609 0592 4E04     		.value	0x44e
 610 0594 03       		.byte	0x3
 611 0595 00000000 		.long	.LASF69
 612 0599 722C0000 		.long	0x2c72
 613 059d A7050000 		.long	0x5a7
 614 05a1 01       		.uleb128 0x1
 615 05a2 932C0000 		.long	0x2c93
 616 05a6 00       		.byte	0
 617 05a7 04       		.uleb128 0x4
 618 05a8 00000000 		.long	.LASF67
 619 05ac 01       		.byte	0x1
 620 05ad 4904     		.value	0x449
 621 05af 03       		.byte	0x3
 622 05b0 00000000 		.long	.LASF70
 623 05b4 722C0000 		.long	0x2c72
 624 05b8 C2050000 		.long	0x5c2
 625 05bc 01       		.uleb128 0x1
 626 05bd 9A2C0000 		.long	0x2c9a
 627 05c1 00       		.byte	0
GAS LISTING /tmp/ccHMMbxq.s 			page 12


 628 05c2 04       		.uleb128 0x4
 629 05c3 00000000 		.long	.LASF71
 630 05c7 01       		.byte	0x1
 631 05c8 6A04     		.value	0x46a
 632 05ca 03       		.byte	0x3
 633 05cb 00000000 		.long	.LASF72
 634 05cf A42E0000 		.long	0x2ea4
 635 05d3 DD050000 		.long	0x5dd
 636 05d7 01       		.uleb128 0x1
 637 05d8 8C2C0000 		.long	0x2c8c
 638 05dc 00       		.byte	0
 639 05dd 04       		.uleb128 0x4
 640 05de 00000000 		.long	.LASF71
 641 05e2 01       		.byte	0x1
 642 05e3 6604     		.value	0x466
 643 05e5 03       		.byte	0x3
 644 05e6 00000000 		.long	.LASF73
 645 05ea A42E0000 		.long	0x2ea4
 646 05ee F8050000 		.long	0x5f8
 647 05f2 01       		.uleb128 0x1
 648 05f3 932C0000 		.long	0x2c93
 649 05f7 00       		.byte	0
 650 05f8 04       		.uleb128 0x4
 651 05f9 00000000 		.long	.LASF71
 652 05fd 01       		.byte	0x1
 653 05fe 6204     		.value	0x462
 654 0600 03       		.byte	0x3
 655 0601 00000000 		.long	.LASF74
 656 0605 A42E0000 		.long	0x2ea4
 657 0609 13060000 		.long	0x613
 658 060d 01       		.uleb128 0x1
 659 060e 9A2C0000 		.long	0x2c9a
 660 0612 00       		.byte	0
 661 0613 04       		.uleb128 0x4
 662 0614 00000000 		.long	.LASF75
 663 0618 01       		.byte	0x1
 664 0619 8504     		.value	0x485
 665 061b 03       		.byte	0x3
 666 061c 00000000 		.long	.LASF76
 667 0620 A42E0000 		.long	0x2ea4
 668 0624 2E060000 		.long	0x62e
 669 0628 01       		.uleb128 0x1
 670 0629 8C2C0000 		.long	0x2c8c
 671 062d 00       		.byte	0
 672 062e 04       		.uleb128 0x4
 673 062f 00000000 		.long	.LASF75
 674 0633 01       		.byte	0x1
 675 0634 8004     		.value	0x480
 676 0636 03       		.byte	0x3
 677 0637 00000000 		.long	.LASF77
 678 063b A42E0000 		.long	0x2ea4
 679 063f 49060000 		.long	0x649
 680 0643 01       		.uleb128 0x1
 681 0644 932C0000 		.long	0x2c93
 682 0648 00       		.byte	0
 683 0649 04       		.uleb128 0x4
 684 064a 00000000 		.long	.LASF75
GAS LISTING /tmp/ccHMMbxq.s 			page 13


 685 064e 01       		.byte	0x1
 686 064f 7804     		.value	0x478
 687 0651 03       		.byte	0x3
 688 0652 00000000 		.long	.LASF78
 689 0656 A42E0000 		.long	0x2ea4
 690 065a 64060000 		.long	0x664
 691 065e 01       		.uleb128 0x1
 692 065f 9A2C0000 		.long	0x2c9a
 693 0663 00       		.byte	0
 694 0664 04       		.uleb128 0x4
 695 0665 00000000 		.long	.LASF79
 696 0669 01       		.byte	0x1
 697 066a A004     		.value	0x4a0
 698 066c 03       		.byte	0x3
 699 066d 00000000 		.long	.LASF80
 700 0671 A42E0000 		.long	0x2ea4
 701 0675 7F060000 		.long	0x67f
 702 0679 01       		.uleb128 0x1
 703 067a 8C2C0000 		.long	0x2c8c
 704 067e 00       		.byte	0
 705 067f 04       		.uleb128 0x4
 706 0680 00000000 		.long	.LASF79
 707 0684 01       		.byte	0x1
 708 0685 9B04     		.value	0x49b
 709 0687 03       		.byte	0x3
 710 0688 00000000 		.long	.LASF81
 711 068c A42E0000 		.long	0x2ea4
 712 0690 9A060000 		.long	0x69a
 713 0694 01       		.uleb128 0x1
 714 0695 932C0000 		.long	0x2c93
 715 0699 00       		.byte	0
 716 069a 04       		.uleb128 0x4
 717 069b 00000000 		.long	.LASF79
 718 069f 01       		.byte	0x1
 719 06a0 9304     		.value	0x493
 720 06a2 03       		.byte	0x3
 721 06a3 00000000 		.long	.LASF82
 722 06a7 A42E0000 		.long	0x2ea4
 723 06ab B5060000 		.long	0x6b5
 724 06af 01       		.uleb128 0x1
 725 06b0 9A2C0000 		.long	0x2c9a
 726 06b4 00       		.byte	0
 727 06b5 04       		.uleb128 0x4
 728 06b6 00000000 		.long	.LASF83
 729 06ba 01       		.byte	0x1
 730 06bb B604     		.value	0x4b6
 731 06bd 03       		.byte	0x3
 732 06be 00000000 		.long	.LASF84
 733 06c2 A42E0000 		.long	0x2ea4
 734 06c6 D0060000 		.long	0x6d0
 735 06ca 01       		.uleb128 0x1
 736 06cb 8C2C0000 		.long	0x2c8c
 737 06cf 00       		.byte	0
 738 06d0 04       		.uleb128 0x4
 739 06d1 00000000 		.long	.LASF83
 740 06d5 01       		.byte	0x1
 741 06d6 B204     		.value	0x4b2
GAS LISTING /tmp/ccHMMbxq.s 			page 14


 742 06d8 03       		.byte	0x3
 743 06d9 00000000 		.long	.LASF85
 744 06dd A42E0000 		.long	0x2ea4
 745 06e1 EB060000 		.long	0x6eb
 746 06e5 01       		.uleb128 0x1
 747 06e6 932C0000 		.long	0x2c93
 748 06ea 00       		.byte	0
 749 06eb 04       		.uleb128 0x4
 750 06ec 00000000 		.long	.LASF83
 751 06f0 01       		.byte	0x1
 752 06f1 AE04     		.value	0x4ae
 753 06f3 03       		.byte	0x3
 754 06f4 00000000 		.long	.LASF86
 755 06f8 A42E0000 		.long	0x2ea4
 756 06fc 06070000 		.long	0x706
 757 0700 01       		.uleb128 0x1
 758 0701 9A2C0000 		.long	0x2c9a
 759 0705 00       		.byte	0
 760 0706 04       		.uleb128 0x4
 761 0707 00000000 		.long	.LASF87
 762 070b 01       		.byte	0x1
 763 070c CD04     		.value	0x4cd
 764 070e 03       		.byte	0x3
 765 070f 00000000 		.long	.LASF88
 766 0713 A42E0000 		.long	0x2ea4
 767 0717 21070000 		.long	0x721
 768 071b 01       		.uleb128 0x1
 769 071c 8C2C0000 		.long	0x2c8c
 770 0720 00       		.byte	0
 771 0721 04       		.uleb128 0x4
 772 0722 00000000 		.long	.LASF87
 773 0726 01       		.byte	0x1
 774 0727 C904     		.value	0x4c9
 775 0729 03       		.byte	0x3
 776 072a 00000000 		.long	.LASF89
 777 072e A42E0000 		.long	0x2ea4
 778 0732 3C070000 		.long	0x73c
 779 0736 01       		.uleb128 0x1
 780 0737 932C0000 		.long	0x2c93
 781 073b 00       		.byte	0
 782 073c 04       		.uleb128 0x4
 783 073d 00000000 		.long	.LASF87
 784 0741 01       		.byte	0x1
 785 0742 C504     		.value	0x4c5
 786 0744 03       		.byte	0x3
 787 0745 00000000 		.long	.LASF90
 788 0749 A42E0000 		.long	0x2ea4
 789 074d 57070000 		.long	0x757
 790 0751 01       		.uleb128 0x1
 791 0752 9A2C0000 		.long	0x2c9a
 792 0756 00       		.byte	0
 793 0757 04       		.uleb128 0x4
 794 0758 00000000 		.long	.LASF91
 795 075c 01       		.byte	0x1
 796 075d E304     		.value	0x4e3
 797 075f 03       		.byte	0x3
 798 0760 00000000 		.long	.LASF92
GAS LISTING /tmp/ccHMMbxq.s 			page 15


 799 0764 A42E0000 		.long	0x2ea4
 800 0768 77070000 		.long	0x777
 801 076c 01       		.uleb128 0x1
 802 076d 8C2C0000 		.long	0x2c8c
 803 0771 01       		.uleb128 0x1
 804 0772 8C2C0000 		.long	0x2c8c
 805 0776 00       		.byte	0
 806 0777 04       		.uleb128 0x4
 807 0778 00000000 		.long	.LASF91
 808 077c 01       		.byte	0x1
 809 077d DF04     		.value	0x4df
 810 077f 03       		.byte	0x3
 811 0780 00000000 		.long	.LASF93
 812 0784 A42E0000 		.long	0x2ea4
 813 0788 97070000 		.long	0x797
 814 078c 01       		.uleb128 0x1
 815 078d 932C0000 		.long	0x2c93
 816 0791 01       		.uleb128 0x1
 817 0792 932C0000 		.long	0x2c93
 818 0796 00       		.byte	0
 819 0797 04       		.uleb128 0x4
 820 0798 00000000 		.long	.LASF91
 821 079c 01       		.byte	0x1
 822 079d DB04     		.value	0x4db
 823 079f 03       		.byte	0x3
 824 07a0 00000000 		.long	.LASF94
 825 07a4 A42E0000 		.long	0x2ea4
 826 07a8 B7070000 		.long	0x7b7
 827 07ac 01       		.uleb128 0x1
 828 07ad 9A2C0000 		.long	0x2c9a
 829 07b1 01       		.uleb128 0x1
 830 07b2 9A2C0000 		.long	0x2c9a
 831 07b6 00       		.byte	0
 832 07b7 04       		.uleb128 0x4
 833 07b8 00000000 		.long	.LASF95
 834 07bc 01       		.byte	0x1
 835 07bd FD04     		.value	0x4fd
 836 07bf 03       		.byte	0x3
 837 07c0 00000000 		.long	.LASF96
 838 07c4 A42E0000 		.long	0x2ea4
 839 07c8 D7070000 		.long	0x7d7
 840 07cc 01       		.uleb128 0x1
 841 07cd 8C2C0000 		.long	0x2c8c
 842 07d1 01       		.uleb128 0x1
 843 07d2 8C2C0000 		.long	0x2c8c
 844 07d6 00       		.byte	0
 845 07d7 04       		.uleb128 0x4
 846 07d8 00000000 		.long	.LASF95
 847 07dc 01       		.byte	0x1
 848 07dd F904     		.value	0x4f9
 849 07df 03       		.byte	0x3
 850 07e0 00000000 		.long	.LASF97
 851 07e4 A42E0000 		.long	0x2ea4
 852 07e8 F7070000 		.long	0x7f7
 853 07ec 01       		.uleb128 0x1
 854 07ed 932C0000 		.long	0x2c93
 855 07f1 01       		.uleb128 0x1
GAS LISTING /tmp/ccHMMbxq.s 			page 16


 856 07f2 932C0000 		.long	0x2c93
 857 07f6 00       		.byte	0
 858 07f7 04       		.uleb128 0x4
 859 07f8 00000000 		.long	.LASF95
 860 07fc 01       		.byte	0x1
 861 07fd F504     		.value	0x4f5
 862 07ff 03       		.byte	0x3
 863 0800 00000000 		.long	.LASF98
 864 0804 A42E0000 		.long	0x2ea4
 865 0808 17080000 		.long	0x817
 866 080c 01       		.uleb128 0x1
 867 080d 9A2C0000 		.long	0x2c9a
 868 0811 01       		.uleb128 0x1
 869 0812 9A2C0000 		.long	0x2c9a
 870 0816 00       		.byte	0
 871 0817 04       		.uleb128 0x4
 872 0818 00000000 		.long	.LASF99
 873 081c 01       		.byte	0x1
 874 081d 1705     		.value	0x517
 875 081f 03       		.byte	0x3
 876 0820 00000000 		.long	.LASF100
 877 0824 A42E0000 		.long	0x2ea4
 878 0828 37080000 		.long	0x837
 879 082c 01       		.uleb128 0x1
 880 082d 8C2C0000 		.long	0x2c8c
 881 0831 01       		.uleb128 0x1
 882 0832 8C2C0000 		.long	0x2c8c
 883 0836 00       		.byte	0
 884 0837 04       		.uleb128 0x4
 885 0838 00000000 		.long	.LASF99
 886 083c 01       		.byte	0x1
 887 083d 1305     		.value	0x513
 888 083f 03       		.byte	0x3
 889 0840 00000000 		.long	.LASF101
 890 0844 A42E0000 		.long	0x2ea4
 891 0848 57080000 		.long	0x857
 892 084c 01       		.uleb128 0x1
 893 084d 932C0000 		.long	0x2c93
 894 0851 01       		.uleb128 0x1
 895 0852 932C0000 		.long	0x2c93
 896 0856 00       		.byte	0
 897 0857 04       		.uleb128 0x4
 898 0858 00000000 		.long	.LASF99
 899 085c 01       		.byte	0x1
 900 085d 0F05     		.value	0x50f
 901 085f 03       		.byte	0x3
 902 0860 00000000 		.long	.LASF102
 903 0864 A42E0000 		.long	0x2ea4
 904 0868 77080000 		.long	0x877
 905 086c 01       		.uleb128 0x1
 906 086d 9A2C0000 		.long	0x2c9a
 907 0871 01       		.uleb128 0x1
 908 0872 9A2C0000 		.long	0x2c9a
 909 0876 00       		.byte	0
 910 0877 04       		.uleb128 0x4
 911 0878 00000000 		.long	.LASF103
 912 087c 01       		.byte	0x1
GAS LISTING /tmp/ccHMMbxq.s 			page 17


 913 087d 3105     		.value	0x531
 914 087f 03       		.byte	0x3
 915 0880 00000000 		.long	.LASF104
 916 0884 A42E0000 		.long	0x2ea4
 917 0888 97080000 		.long	0x897
 918 088c 01       		.uleb128 0x1
 919 088d 8C2C0000 		.long	0x2c8c
 920 0891 01       		.uleb128 0x1
 921 0892 8C2C0000 		.long	0x2c8c
 922 0896 00       		.byte	0
 923 0897 04       		.uleb128 0x4
 924 0898 00000000 		.long	.LASF103
 925 089c 01       		.byte	0x1
 926 089d 2D05     		.value	0x52d
 927 089f 03       		.byte	0x3
 928 08a0 00000000 		.long	.LASF105
 929 08a4 A42E0000 		.long	0x2ea4
 930 08a8 B7080000 		.long	0x8b7
 931 08ac 01       		.uleb128 0x1
 932 08ad 932C0000 		.long	0x2c93
 933 08b1 01       		.uleb128 0x1
 934 08b2 932C0000 		.long	0x2c93
 935 08b6 00       		.byte	0
 936 08b7 04       		.uleb128 0x4
 937 08b8 00000000 		.long	.LASF103
 938 08bc 01       		.byte	0x1
 939 08bd 2905     		.value	0x529
 940 08bf 03       		.byte	0x3
 941 08c0 00000000 		.long	.LASF106
 942 08c4 A42E0000 		.long	0x2ea4
 943 08c8 D7080000 		.long	0x8d7
 944 08cc 01       		.uleb128 0x1
 945 08cd 9A2C0000 		.long	0x2c9a
 946 08d1 01       		.uleb128 0x1
 947 08d2 9A2C0000 		.long	0x2c9a
 948 08d6 00       		.byte	0
 949 08d7 04       		.uleb128 0x4
 950 08d8 00000000 		.long	.LASF107
 951 08dc 01       		.byte	0x1
 952 08dd 4B05     		.value	0x54b
 953 08df 03       		.byte	0x3
 954 08e0 00000000 		.long	.LASF108
 955 08e4 A42E0000 		.long	0x2ea4
 956 08e8 F7080000 		.long	0x8f7
 957 08ec 01       		.uleb128 0x1
 958 08ed 8C2C0000 		.long	0x2c8c
 959 08f1 01       		.uleb128 0x1
 960 08f2 8C2C0000 		.long	0x2c8c
 961 08f6 00       		.byte	0
 962 08f7 04       		.uleb128 0x4
 963 08f8 00000000 		.long	.LASF107
 964 08fc 01       		.byte	0x1
 965 08fd 4705     		.value	0x547
 966 08ff 03       		.byte	0x3
 967 0900 00000000 		.long	.LASF109
 968 0904 A42E0000 		.long	0x2ea4
 969 0908 17090000 		.long	0x917
GAS LISTING /tmp/ccHMMbxq.s 			page 18


 970 090c 01       		.uleb128 0x1
 971 090d 932C0000 		.long	0x2c93
 972 0911 01       		.uleb128 0x1
 973 0912 932C0000 		.long	0x2c93
 974 0916 00       		.byte	0
 975 0917 04       		.uleb128 0x4
 976 0918 00000000 		.long	.LASF107
 977 091c 01       		.byte	0x1
 978 091d 4305     		.value	0x543
 979 091f 03       		.byte	0x3
 980 0920 00000000 		.long	.LASF110
 981 0924 A42E0000 		.long	0x2ea4
 982 0928 37090000 		.long	0x937
 983 092c 01       		.uleb128 0x1
 984 092d 9A2C0000 		.long	0x2c9a
 985 0931 01       		.uleb128 0x1
 986 0932 9A2C0000 		.long	0x2c9a
 987 0936 00       		.byte	0
 988 0937 04       		.uleb128 0x4
 989 0938 00000000 		.long	.LASF111
 990 093c 01       		.byte	0x1
 991 093d 6505     		.value	0x565
 992 093f 03       		.byte	0x3
 993 0940 00000000 		.long	.LASF112
 994 0944 A42E0000 		.long	0x2ea4
 995 0948 57090000 		.long	0x957
 996 094c 01       		.uleb128 0x1
 997 094d 8C2C0000 		.long	0x2c8c
 998 0951 01       		.uleb128 0x1
 999 0952 8C2C0000 		.long	0x2c8c
 1000 0956 00       		.byte	0
 1001 0957 04       		.uleb128 0x4
 1002 0958 00000000 		.long	.LASF111
 1003 095c 01       		.byte	0x1
 1004 095d 6105     		.value	0x561
 1005 095f 03       		.byte	0x3
 1006 0960 00000000 		.long	.LASF113
 1007 0964 A42E0000 		.long	0x2ea4
 1008 0968 77090000 		.long	0x977
 1009 096c 01       		.uleb128 0x1
 1010 096d 932C0000 		.long	0x2c93
 1011 0971 01       		.uleb128 0x1
 1012 0972 932C0000 		.long	0x2c93
 1013 0976 00       		.byte	0
 1014 0977 04       		.uleb128 0x4
 1015 0978 00000000 		.long	.LASF111
 1016 097c 01       		.byte	0x1
 1017 097d 5D05     		.value	0x55d
 1018 097f 03       		.byte	0x3
 1019 0980 00000000 		.long	.LASF114
 1020 0984 A42E0000 		.long	0x2ea4
 1021 0988 97090000 		.long	0x997
 1022 098c 01       		.uleb128 0x1
 1023 098d 9A2C0000 		.long	0x2c9a
 1024 0991 01       		.uleb128 0x1
 1025 0992 9A2C0000 		.long	0x2c9a
 1026 0996 00       		.byte	0
GAS LISTING /tmp/ccHMMbxq.s 			page 19


 1027 0997 04       		.uleb128 0x4
 1028 0998 00000000 		.long	.LASF115
 1029 099c 01       		.byte	0x1
 1030 099d F207     		.value	0x7f2
 1031 099f 03       		.byte	0x3
 1032 09a0 00000000 		.long	.LASF116
 1033 09a4 8C2C0000 		.long	0x2c8c
 1034 09a8 B2090000 		.long	0x9b2
 1035 09ac 01       		.uleb128 0x1
 1036 09ad 8C2C0000 		.long	0x2c8c
 1037 09b1 00       		.byte	0
 1038 09b2 04       		.uleb128 0x4
 1039 09b3 00000000 		.long	.LASF115
 1040 09b7 01       		.byte	0x1
 1041 09b8 EE07     		.value	0x7ee
 1042 09ba 03       		.byte	0x3
 1043 09bb 00000000 		.long	.LASF117
 1044 09bf 9A2C0000 		.long	0x2c9a
 1045 09c3 CD090000 		.long	0x9cd
 1046 09c7 01       		.uleb128 0x1
 1047 09c8 9A2C0000 		.long	0x2c9a
 1048 09cc 00       		.byte	0
 1049 09cd 04       		.uleb128 0x4
 1050 09ce 00000000 		.long	.LASF118
 1051 09d2 01       		.byte	0x1
 1052 09d3 0408     		.value	0x804
 1053 09d5 03       		.byte	0x3
 1054 09d6 00000000 		.long	.LASF119
 1055 09da 8C2C0000 		.long	0x2c8c
 1056 09de E8090000 		.long	0x9e8
 1057 09e2 01       		.uleb128 0x1
 1058 09e3 8C2C0000 		.long	0x2c8c
 1059 09e7 00       		.byte	0
 1060 09e8 04       		.uleb128 0x4
 1061 09e9 00000000 		.long	.LASF118
 1062 09ed 01       		.byte	0x1
 1063 09ee 0008     		.value	0x800
 1064 09f0 03       		.byte	0x3
 1065 09f1 00000000 		.long	.LASF120
 1066 09f5 9A2C0000 		.long	0x2c9a
 1067 09f9 030A0000 		.long	0xa03
 1068 09fd 01       		.uleb128 0x1
 1069 09fe 9A2C0000 		.long	0x2c9a
 1070 0a02 00       		.byte	0
 1071 0a03 04       		.uleb128 0x4
 1072 0a04 00000000 		.long	.LASF121
 1073 0a08 01       		.byte	0x1
 1074 0a09 1608     		.value	0x816
 1075 0a0b 03       		.byte	0x3
 1076 0a0c 00000000 		.long	.LASF122
 1077 0a10 8C2C0000 		.long	0x2c8c
 1078 0a14 1E0A0000 		.long	0xa1e
 1079 0a18 01       		.uleb128 0x1
 1080 0a19 8C2C0000 		.long	0x2c8c
 1081 0a1d 00       		.byte	0
 1082 0a1e 04       		.uleb128 0x4
 1083 0a1f 00000000 		.long	.LASF121
GAS LISTING /tmp/ccHMMbxq.s 			page 20


 1084 0a23 01       		.byte	0x1
 1085 0a24 1208     		.value	0x812
 1086 0a26 03       		.byte	0x3
 1087 0a27 00000000 		.long	.LASF123
 1088 0a2b 9A2C0000 		.long	0x2c9a
 1089 0a2f 390A0000 		.long	0xa39
 1090 0a33 01       		.uleb128 0x1
 1091 0a34 9A2C0000 		.long	0x2c9a
 1092 0a38 00       		.byte	0
 1093 0a39 04       		.uleb128 0x4
 1094 0a3a 00000000 		.long	.LASF124
 1095 0a3e 01       		.byte	0x1
 1096 0a3f 2808     		.value	0x828
 1097 0a41 03       		.byte	0x3
 1098 0a42 00000000 		.long	.LASF125
 1099 0a46 8C2C0000 		.long	0x2c8c
 1100 0a4a 540A0000 		.long	0xa54
 1101 0a4e 01       		.uleb128 0x1
 1102 0a4f 8C2C0000 		.long	0x2c8c
 1103 0a53 00       		.byte	0
 1104 0a54 04       		.uleb128 0x4
 1105 0a55 00000000 		.long	.LASF124
 1106 0a59 01       		.byte	0x1
 1107 0a5a 2408     		.value	0x824
 1108 0a5c 03       		.byte	0x3
 1109 0a5d 00000000 		.long	.LASF126
 1110 0a61 9A2C0000 		.long	0x2c9a
 1111 0a65 6F0A0000 		.long	0xa6f
 1112 0a69 01       		.uleb128 0x1
 1113 0a6a 9A2C0000 		.long	0x2c9a
 1114 0a6e 00       		.byte	0
 1115 0a6f 04       		.uleb128 0x4
 1116 0a70 00000000 		.long	.LASF127
 1117 0a74 01       		.byte	0x1
 1118 0a75 3A08     		.value	0x83a
 1119 0a77 03       		.byte	0x3
 1120 0a78 00000000 		.long	.LASF128
 1121 0a7c 8C2C0000 		.long	0x2c8c
 1122 0a80 8F0A0000 		.long	0xa8f
 1123 0a84 01       		.uleb128 0x1
 1124 0a85 8C2C0000 		.long	0x2c8c
 1125 0a89 01       		.uleb128 0x1
 1126 0a8a 8C2C0000 		.long	0x2c8c
 1127 0a8e 00       		.byte	0
 1128 0a8f 04       		.uleb128 0x4
 1129 0a90 00000000 		.long	.LASF127
 1130 0a94 01       		.byte	0x1
 1131 0a95 3608     		.value	0x836
 1132 0a97 03       		.byte	0x3
 1133 0a98 00000000 		.long	.LASF129
 1134 0a9c 9A2C0000 		.long	0x2c9a
 1135 0aa0 AF0A0000 		.long	0xaaf
 1136 0aa4 01       		.uleb128 0x1
 1137 0aa5 9A2C0000 		.long	0x2c9a
 1138 0aa9 01       		.uleb128 0x1
 1139 0aaa 9A2C0000 		.long	0x2c9a
 1140 0aae 00       		.byte	0
GAS LISTING /tmp/ccHMMbxq.s 			page 21


 1141 0aaf 18       		.uleb128 0x18
 1142 0ab0 65726600 		.string	"erf"
 1143 0ab4 4408     		.value	0x844
 1144 0ab6 00000000 		.long	.LASF130
 1145 0aba 8C2C0000 		.long	0x2c8c
 1146 0abe C80A0000 		.long	0xac8
 1147 0ac2 01       		.uleb128 0x1
 1148 0ac3 8C2C0000 		.long	0x2c8c
 1149 0ac7 00       		.byte	0
 1150 0ac8 18       		.uleb128 0x18
 1151 0ac9 65726600 		.string	"erf"
 1152 0acd 4008     		.value	0x840
 1153 0acf 00000000 		.long	.LASF131
 1154 0ad3 9A2C0000 		.long	0x2c9a
 1155 0ad7 E10A0000 		.long	0xae1
 1156 0adb 01       		.uleb128 0x1
 1157 0adc 9A2C0000 		.long	0x2c9a
 1158 0ae0 00       		.byte	0
 1159 0ae1 04       		.uleb128 0x4
 1160 0ae2 00000000 		.long	.LASF132
 1161 0ae6 01       		.byte	0x1
 1162 0ae7 5608     		.value	0x856
 1163 0ae9 03       		.byte	0x3
 1164 0aea 00000000 		.long	.LASF133
 1165 0aee 8C2C0000 		.long	0x2c8c
 1166 0af2 FC0A0000 		.long	0xafc
 1167 0af6 01       		.uleb128 0x1
 1168 0af7 8C2C0000 		.long	0x2c8c
 1169 0afb 00       		.byte	0
 1170 0afc 04       		.uleb128 0x4
 1171 0afd 00000000 		.long	.LASF132
 1172 0b01 01       		.byte	0x1
 1173 0b02 5208     		.value	0x852
 1174 0b04 03       		.byte	0x3
 1175 0b05 00000000 		.long	.LASF134
 1176 0b09 9A2C0000 		.long	0x2c9a
 1177 0b0d 170B0000 		.long	0xb17
 1178 0b11 01       		.uleb128 0x1
 1179 0b12 9A2C0000 		.long	0x2c9a
 1180 0b16 00       		.byte	0
 1181 0b17 04       		.uleb128 0x4
 1182 0b18 00000000 		.long	.LASF135
 1183 0b1c 01       		.byte	0x1
 1184 0b1d 6808     		.value	0x868
 1185 0b1f 03       		.byte	0x3
 1186 0b20 00000000 		.long	.LASF136
 1187 0b24 8C2C0000 		.long	0x2c8c
 1188 0b28 320B0000 		.long	0xb32
 1189 0b2c 01       		.uleb128 0x1
 1190 0b2d 8C2C0000 		.long	0x2c8c
 1191 0b31 00       		.byte	0
 1192 0b32 04       		.uleb128 0x4
 1193 0b33 00000000 		.long	.LASF135
 1194 0b37 01       		.byte	0x1
 1195 0b38 6408     		.value	0x864
 1196 0b3a 03       		.byte	0x3
 1197 0b3b 00000000 		.long	.LASF137
GAS LISTING /tmp/ccHMMbxq.s 			page 22


 1198 0b3f 9A2C0000 		.long	0x2c9a
 1199 0b43 4D0B0000 		.long	0xb4d
 1200 0b47 01       		.uleb128 0x1
 1201 0b48 9A2C0000 		.long	0x2c9a
 1202 0b4c 00       		.byte	0
 1203 0b4d 04       		.uleb128 0x4
 1204 0b4e 00000000 		.long	.LASF138
 1205 0b52 01       		.byte	0x1
 1206 0b53 7A08     		.value	0x87a
 1207 0b55 03       		.byte	0x3
 1208 0b56 00000000 		.long	.LASF139
 1209 0b5a 8C2C0000 		.long	0x2c8c
 1210 0b5e 680B0000 		.long	0xb68
 1211 0b62 01       		.uleb128 0x1
 1212 0b63 8C2C0000 		.long	0x2c8c
 1213 0b67 00       		.byte	0
 1214 0b68 04       		.uleb128 0x4
 1215 0b69 00000000 		.long	.LASF138
 1216 0b6d 01       		.byte	0x1
 1217 0b6e 7608     		.value	0x876
 1218 0b70 03       		.byte	0x3
 1219 0b71 00000000 		.long	.LASF140
 1220 0b75 9A2C0000 		.long	0x2c9a
 1221 0b79 830B0000 		.long	0xb83
 1222 0b7d 01       		.uleb128 0x1
 1223 0b7e 9A2C0000 		.long	0x2c9a
 1224 0b82 00       		.byte	0
 1225 0b83 04       		.uleb128 0x4
 1226 0b84 00000000 		.long	.LASF141
 1227 0b88 01       		.byte	0x1
 1228 0b89 8C08     		.value	0x88c
 1229 0b8b 03       		.byte	0x3
 1230 0b8c 00000000 		.long	.LASF142
 1231 0b90 8C2C0000 		.long	0x2c8c
 1232 0b94 A30B0000 		.long	0xba3
 1233 0b98 01       		.uleb128 0x1
 1234 0b99 8C2C0000 		.long	0x2c8c
 1235 0b9d 01       		.uleb128 0x1
 1236 0b9e 8C2C0000 		.long	0x2c8c
 1237 0ba2 00       		.byte	0
 1238 0ba3 04       		.uleb128 0x4
 1239 0ba4 00000000 		.long	.LASF141
 1240 0ba8 01       		.byte	0x1
 1241 0ba9 8808     		.value	0x888
 1242 0bab 03       		.byte	0x3
 1243 0bac 00000000 		.long	.LASF143
 1244 0bb0 9A2C0000 		.long	0x2c9a
 1245 0bb4 C30B0000 		.long	0xbc3
 1246 0bb8 01       		.uleb128 0x1
 1247 0bb9 9A2C0000 		.long	0x2c9a
 1248 0bbd 01       		.uleb128 0x1
 1249 0bbe 9A2C0000 		.long	0x2c9a
 1250 0bc2 00       		.byte	0
 1251 0bc3 18       		.uleb128 0x18
 1252 0bc4 666D6100 		.string	"fma"
 1253 0bc8 9608     		.value	0x896
 1254 0bca 00000000 		.long	.LASF144
GAS LISTING /tmp/ccHMMbxq.s 			page 23


 1255 0bce 8C2C0000 		.long	0x2c8c
 1256 0bd2 E60B0000 		.long	0xbe6
 1257 0bd6 01       		.uleb128 0x1
 1258 0bd7 8C2C0000 		.long	0x2c8c
 1259 0bdb 01       		.uleb128 0x1
 1260 0bdc 8C2C0000 		.long	0x2c8c
 1261 0be0 01       		.uleb128 0x1
 1262 0be1 8C2C0000 		.long	0x2c8c
 1263 0be5 00       		.byte	0
 1264 0be6 18       		.uleb128 0x18
 1265 0be7 666D6100 		.string	"fma"
 1266 0beb 9208     		.value	0x892
 1267 0bed 00000000 		.long	.LASF145
 1268 0bf1 9A2C0000 		.long	0x2c9a
 1269 0bf5 090C0000 		.long	0xc09
 1270 0bf9 01       		.uleb128 0x1
 1271 0bfa 9A2C0000 		.long	0x2c9a
 1272 0bfe 01       		.uleb128 0x1
 1273 0bff 9A2C0000 		.long	0x2c9a
 1274 0c03 01       		.uleb128 0x1
 1275 0c04 9A2C0000 		.long	0x2c9a
 1276 0c08 00       		.byte	0
 1277 0c09 04       		.uleb128 0x4
 1278 0c0a 00000000 		.long	.LASF146
 1279 0c0e 01       		.byte	0x1
 1280 0c0f A008     		.value	0x8a0
 1281 0c11 03       		.byte	0x3
 1282 0c12 00000000 		.long	.LASF147
 1283 0c16 8C2C0000 		.long	0x2c8c
 1284 0c1a 290C0000 		.long	0xc29
 1285 0c1e 01       		.uleb128 0x1
 1286 0c1f 8C2C0000 		.long	0x2c8c
 1287 0c23 01       		.uleb128 0x1
 1288 0c24 8C2C0000 		.long	0x2c8c
 1289 0c28 00       		.byte	0
 1290 0c29 04       		.uleb128 0x4
 1291 0c2a 00000000 		.long	.LASF146
 1292 0c2e 01       		.byte	0x1
 1293 0c2f 9C08     		.value	0x89c
 1294 0c31 03       		.byte	0x3
 1295 0c32 00000000 		.long	.LASF148
 1296 0c36 9A2C0000 		.long	0x2c9a
 1297 0c3a 490C0000 		.long	0xc49
 1298 0c3e 01       		.uleb128 0x1
 1299 0c3f 9A2C0000 		.long	0x2c9a
 1300 0c43 01       		.uleb128 0x1
 1301 0c44 9A2C0000 		.long	0x2c9a
 1302 0c48 00       		.byte	0
 1303 0c49 04       		.uleb128 0x4
 1304 0c4a 00000000 		.long	.LASF149
 1305 0c4e 01       		.byte	0x1
 1306 0c4f AA08     		.value	0x8aa
 1307 0c51 03       		.byte	0x3
 1308 0c52 00000000 		.long	.LASF150
 1309 0c56 8C2C0000 		.long	0x2c8c
 1310 0c5a 690C0000 		.long	0xc69
 1311 0c5e 01       		.uleb128 0x1
GAS LISTING /tmp/ccHMMbxq.s 			page 24


 1312 0c5f 8C2C0000 		.long	0x2c8c
 1313 0c63 01       		.uleb128 0x1
 1314 0c64 8C2C0000 		.long	0x2c8c
 1315 0c68 00       		.byte	0
 1316 0c69 04       		.uleb128 0x4
 1317 0c6a 00000000 		.long	.LASF149
 1318 0c6e 01       		.byte	0x1
 1319 0c6f A608     		.value	0x8a6
 1320 0c71 03       		.byte	0x3
 1321 0c72 00000000 		.long	.LASF151
 1322 0c76 9A2C0000 		.long	0x2c9a
 1323 0c7a 890C0000 		.long	0xc89
 1324 0c7e 01       		.uleb128 0x1
 1325 0c7f 9A2C0000 		.long	0x2c9a
 1326 0c83 01       		.uleb128 0x1
 1327 0c84 9A2C0000 		.long	0x2c9a
 1328 0c88 00       		.byte	0
 1329 0c89 04       		.uleb128 0x4
 1330 0c8a 00000000 		.long	.LASF152
 1331 0c8e 01       		.byte	0x1
 1332 0c8f B408     		.value	0x8b4
 1333 0c91 03       		.byte	0x3
 1334 0c92 00000000 		.long	.LASF153
 1335 0c96 8C2C0000 		.long	0x2c8c
 1336 0c9a A90C0000 		.long	0xca9
 1337 0c9e 01       		.uleb128 0x1
 1338 0c9f 8C2C0000 		.long	0x2c8c
 1339 0ca3 01       		.uleb128 0x1
 1340 0ca4 8C2C0000 		.long	0x2c8c
 1341 0ca8 00       		.byte	0
 1342 0ca9 04       		.uleb128 0x4
 1343 0caa 00000000 		.long	.LASF152
 1344 0cae 01       		.byte	0x1
 1345 0caf B008     		.value	0x8b0
 1346 0cb1 03       		.byte	0x3
 1347 0cb2 00000000 		.long	.LASF154
 1348 0cb6 9A2C0000 		.long	0x2c9a
 1349 0cba C90C0000 		.long	0xcc9
 1350 0cbe 01       		.uleb128 0x1
 1351 0cbf 9A2C0000 		.long	0x2c9a
 1352 0cc3 01       		.uleb128 0x1
 1353 0cc4 9A2C0000 		.long	0x2c9a
 1354 0cc8 00       		.byte	0
 1355 0cc9 04       		.uleb128 0x4
 1356 0cca 00000000 		.long	.LASF155
 1357 0cce 01       		.byte	0x1
 1358 0ccf BE08     		.value	0x8be
 1359 0cd1 03       		.byte	0x3
 1360 0cd2 00000000 		.long	.LASF156
 1361 0cd6 722C0000 		.long	0x2c72
 1362 0cda E40C0000 		.long	0xce4
 1363 0cde 01       		.uleb128 0x1
 1364 0cdf 8C2C0000 		.long	0x2c8c
 1365 0ce3 00       		.byte	0
 1366 0ce4 04       		.uleb128 0x4
 1367 0ce5 00000000 		.long	.LASF155
 1368 0ce9 01       		.byte	0x1
GAS LISTING /tmp/ccHMMbxq.s 			page 25


 1369 0cea BA08     		.value	0x8ba
 1370 0cec 03       		.byte	0x3
 1371 0ced 00000000 		.long	.LASF157
 1372 0cf1 722C0000 		.long	0x2c72
 1373 0cf5 FF0C0000 		.long	0xcff
 1374 0cf9 01       		.uleb128 0x1
 1375 0cfa 9A2C0000 		.long	0x2c9a
 1376 0cfe 00       		.byte	0
 1377 0cff 04       		.uleb128 0x4
 1378 0d00 00000000 		.long	.LASF158
 1379 0d04 01       		.byte	0x1
 1380 0d05 D108     		.value	0x8d1
 1381 0d07 03       		.byte	0x3
 1382 0d08 00000000 		.long	.LASF159
 1383 0d0c 8C2C0000 		.long	0x2c8c
 1384 0d10 1A0D0000 		.long	0xd1a
 1385 0d14 01       		.uleb128 0x1
 1386 0d15 8C2C0000 		.long	0x2c8c
 1387 0d19 00       		.byte	0
 1388 0d1a 04       		.uleb128 0x4
 1389 0d1b 00000000 		.long	.LASF158
 1390 0d1f 01       		.byte	0x1
 1391 0d20 CD08     		.value	0x8cd
 1392 0d22 03       		.byte	0x3
 1393 0d23 00000000 		.long	.LASF160
 1394 0d27 9A2C0000 		.long	0x2c9a
 1395 0d2b 350D0000 		.long	0xd35
 1396 0d2f 01       		.uleb128 0x1
 1397 0d30 9A2C0000 		.long	0x2c9a
 1398 0d34 00       		.byte	0
 1399 0d35 04       		.uleb128 0x4
 1400 0d36 00000000 		.long	.LASF161
 1401 0d3a 01       		.byte	0x1
 1402 0d3b E308     		.value	0x8e3
 1403 0d3d 03       		.byte	0x3
 1404 0d3e 00000000 		.long	.LASF162
 1405 0d42 852C0000 		.long	0x2c85
 1406 0d46 500D0000 		.long	0xd50
 1407 0d4a 01       		.uleb128 0x1
 1408 0d4b 8C2C0000 		.long	0x2c8c
 1409 0d4f 00       		.byte	0
 1410 0d50 04       		.uleb128 0x4
 1411 0d51 00000000 		.long	.LASF161
 1412 0d55 01       		.byte	0x1
 1413 0d56 DF08     		.value	0x8df
 1414 0d58 03       		.byte	0x3
 1415 0d59 00000000 		.long	.LASF163
 1416 0d5d 852C0000 		.long	0x2c85
 1417 0d61 6B0D0000 		.long	0xd6b
 1418 0d65 01       		.uleb128 0x1
 1419 0d66 9A2C0000 		.long	0x2c9a
 1420 0d6a 00       		.byte	0
 1421 0d6b 04       		.uleb128 0x4
 1422 0d6c 00000000 		.long	.LASF164
 1423 0d70 01       		.byte	0x1
 1424 0d71 F508     		.value	0x8f5
 1425 0d73 03       		.byte	0x3
GAS LISTING /tmp/ccHMMbxq.s 			page 26


 1426 0d74 00000000 		.long	.LASF165
 1427 0d78 852C0000 		.long	0x2c85
 1428 0d7c 860D0000 		.long	0xd86
 1429 0d80 01       		.uleb128 0x1
 1430 0d81 8C2C0000 		.long	0x2c8c
 1431 0d85 00       		.byte	0
 1432 0d86 04       		.uleb128 0x4
 1433 0d87 00000000 		.long	.LASF164
 1434 0d8b 01       		.byte	0x1
 1435 0d8c F108     		.value	0x8f1
 1436 0d8e 03       		.byte	0x3
 1437 0d8f 00000000 		.long	.LASF166
 1438 0d93 852C0000 		.long	0x2c85
 1439 0d97 A10D0000 		.long	0xda1
 1440 0d9b 01       		.uleb128 0x1
 1441 0d9c 9A2C0000 		.long	0x2c9a
 1442 0da0 00       		.byte	0
 1443 0da1 04       		.uleb128 0x4
 1444 0da2 00000000 		.long	.LASF167
 1445 0da6 01       		.byte	0x1
 1446 0da7 0709     		.value	0x907
 1447 0da9 03       		.byte	0x3
 1448 0daa 00000000 		.long	.LASF168
 1449 0dae 8C2C0000 		.long	0x2c8c
 1450 0db2 BC0D0000 		.long	0xdbc
 1451 0db6 01       		.uleb128 0x1
 1452 0db7 8C2C0000 		.long	0x2c8c
 1453 0dbb 00       		.byte	0
 1454 0dbc 04       		.uleb128 0x4
 1455 0dbd 00000000 		.long	.LASF167
 1456 0dc1 01       		.byte	0x1
 1457 0dc2 0309     		.value	0x903
 1458 0dc4 03       		.byte	0x3
 1459 0dc5 00000000 		.long	.LASF169
 1460 0dc9 9A2C0000 		.long	0x2c9a
 1461 0dcd D70D0000 		.long	0xdd7
 1462 0dd1 01       		.uleb128 0x1
 1463 0dd2 9A2C0000 		.long	0x2c9a
 1464 0dd6 00       		.byte	0
 1465 0dd7 04       		.uleb128 0x4
 1466 0dd8 00000000 		.long	.LASF170
 1467 0ddc 01       		.byte	0x1
 1468 0ddd 1A09     		.value	0x91a
 1469 0ddf 03       		.byte	0x3
 1470 0de0 00000000 		.long	.LASF171
 1471 0de4 8C2C0000 		.long	0x2c8c
 1472 0de8 F20D0000 		.long	0xdf2
 1473 0dec 01       		.uleb128 0x1
 1474 0ded 8C2C0000 		.long	0x2c8c
 1475 0df1 00       		.byte	0
 1476 0df2 04       		.uleb128 0x4
 1477 0df3 00000000 		.long	.LASF170
 1478 0df7 01       		.byte	0x1
 1479 0df8 1609     		.value	0x916
 1480 0dfa 03       		.byte	0x3
 1481 0dfb 00000000 		.long	.LASF172
 1482 0dff 9A2C0000 		.long	0x2c9a
GAS LISTING /tmp/ccHMMbxq.s 			page 27


 1483 0e03 0D0E0000 		.long	0xe0d
 1484 0e07 01       		.uleb128 0x1
 1485 0e08 9A2C0000 		.long	0x2c9a
 1486 0e0c 00       		.byte	0
 1487 0e0d 04       		.uleb128 0x4
 1488 0e0e 00000000 		.long	.LASF173
 1489 0e12 01       		.byte	0x1
 1490 0e13 2C09     		.value	0x92c
 1491 0e15 03       		.byte	0x3
 1492 0e16 00000000 		.long	.LASF174
 1493 0e1a 8C2C0000 		.long	0x2c8c
 1494 0e1e 280E0000 		.long	0xe28
 1495 0e22 01       		.uleb128 0x1
 1496 0e23 8C2C0000 		.long	0x2c8c
 1497 0e27 00       		.byte	0
 1498 0e28 04       		.uleb128 0x4
 1499 0e29 00000000 		.long	.LASF173
 1500 0e2d 01       		.byte	0x1
 1501 0e2e 2809     		.value	0x928
 1502 0e30 03       		.byte	0x3
 1503 0e31 00000000 		.long	.LASF175
 1504 0e35 9A2C0000 		.long	0x2c9a
 1505 0e39 430E0000 		.long	0xe43
 1506 0e3d 01       		.uleb128 0x1
 1507 0e3e 9A2C0000 		.long	0x2c9a
 1508 0e42 00       		.byte	0
 1509 0e43 04       		.uleb128 0x4
 1510 0e44 00000000 		.long	.LASF176
 1511 0e48 01       		.byte	0x1
 1512 0e49 3E09     		.value	0x93e
 1513 0e4b 03       		.byte	0x3
 1514 0e4c 00000000 		.long	.LASF177
 1515 0e50 7E2C0000 		.long	0x2c7e
 1516 0e54 5E0E0000 		.long	0xe5e
 1517 0e58 01       		.uleb128 0x1
 1518 0e59 8C2C0000 		.long	0x2c8c
 1519 0e5d 00       		.byte	0
 1520 0e5e 04       		.uleb128 0x4
 1521 0e5f 00000000 		.long	.LASF176
 1522 0e63 01       		.byte	0x1
 1523 0e64 3A09     		.value	0x93a
 1524 0e66 03       		.byte	0x3
 1525 0e67 00000000 		.long	.LASF178
 1526 0e6b 7E2C0000 		.long	0x2c7e
 1527 0e6f 790E0000 		.long	0xe79
 1528 0e73 01       		.uleb128 0x1
 1529 0e74 9A2C0000 		.long	0x2c9a
 1530 0e78 00       		.byte	0
 1531 0e79 04       		.uleb128 0x4
 1532 0e7a 00000000 		.long	.LASF179
 1533 0e7e 01       		.byte	0x1
 1534 0e7f 5009     		.value	0x950
 1535 0e81 03       		.byte	0x3
 1536 0e82 00000000 		.long	.LASF180
 1537 0e86 7E2C0000 		.long	0x2c7e
 1538 0e8a 940E0000 		.long	0xe94
 1539 0e8e 01       		.uleb128 0x1
GAS LISTING /tmp/ccHMMbxq.s 			page 28


 1540 0e8f 8C2C0000 		.long	0x2c8c
 1541 0e93 00       		.byte	0
 1542 0e94 04       		.uleb128 0x4
 1543 0e95 00000000 		.long	.LASF179
 1544 0e99 01       		.byte	0x1
 1545 0e9a 4C09     		.value	0x94c
 1546 0e9c 03       		.byte	0x3
 1547 0e9d 00000000 		.long	.LASF181
 1548 0ea1 7E2C0000 		.long	0x2c7e
 1549 0ea5 AF0E0000 		.long	0xeaf
 1550 0ea9 01       		.uleb128 0x1
 1551 0eaa 9A2C0000 		.long	0x2c9a
 1552 0eae 00       		.byte	0
 1553 0eaf 04       		.uleb128 0x4
 1554 0eb0 00000000 		.long	.LASF182
 1555 0eb4 01       		.byte	0x1
 1556 0eb5 6209     		.value	0x962
 1557 0eb7 03       		.byte	0x3
 1558 0eb8 00000000 		.long	.LASF183
 1559 0ebc 8C2C0000 		.long	0x2c8c
 1560 0ec0 CA0E0000 		.long	0xeca
 1561 0ec4 01       		.uleb128 0x1
 1562 0ec5 8C2C0000 		.long	0x2c8c
 1563 0ec9 00       		.byte	0
 1564 0eca 04       		.uleb128 0x4
 1565 0ecb 00000000 		.long	.LASF182
 1566 0ecf 01       		.byte	0x1
 1567 0ed0 5E09     		.value	0x95e
 1568 0ed2 03       		.byte	0x3
 1569 0ed3 00000000 		.long	.LASF184
 1570 0ed7 9A2C0000 		.long	0x2c9a
 1571 0edb E50E0000 		.long	0xee5
 1572 0edf 01       		.uleb128 0x1
 1573 0ee0 9A2C0000 		.long	0x2c9a
 1574 0ee4 00       		.byte	0
 1575 0ee5 04       		.uleb128 0x4
 1576 0ee6 00000000 		.long	.LASF185
 1577 0eea 01       		.byte	0x1
 1578 0eeb 7409     		.value	0x974
 1579 0eed 03       		.byte	0x3
 1580 0eee 00000000 		.long	.LASF186
 1581 0ef2 8C2C0000 		.long	0x2c8c
 1582 0ef6 050F0000 		.long	0xf05
 1583 0efa 01       		.uleb128 0x1
 1584 0efb 8C2C0000 		.long	0x2c8c
 1585 0eff 01       		.uleb128 0x1
 1586 0f00 8C2C0000 		.long	0x2c8c
 1587 0f04 00       		.byte	0
 1588 0f05 04       		.uleb128 0x4
 1589 0f06 00000000 		.long	.LASF185
 1590 0f0a 01       		.byte	0x1
 1591 0f0b 7009     		.value	0x970
 1592 0f0d 03       		.byte	0x3
 1593 0f0e 00000000 		.long	.LASF187
 1594 0f12 9A2C0000 		.long	0x2c9a
 1595 0f16 250F0000 		.long	0xf25
 1596 0f1a 01       		.uleb128 0x1
GAS LISTING /tmp/ccHMMbxq.s 			page 29


 1597 0f1b 9A2C0000 		.long	0x2c9a
 1598 0f1f 01       		.uleb128 0x1
 1599 0f20 9A2C0000 		.long	0x2c9a
 1600 0f24 00       		.byte	0
 1601 0f25 04       		.uleb128 0x4
 1602 0f26 00000000 		.long	.LASF188
 1603 0f2a 01       		.byte	0x1
 1604 0f2b 7E09     		.value	0x97e
 1605 0f2d 03       		.byte	0x3
 1606 0f2e 00000000 		.long	.LASF189
 1607 0f32 8C2C0000 		.long	0x2c8c
 1608 0f36 450F0000 		.long	0xf45
 1609 0f3a 01       		.uleb128 0x1
 1610 0f3b 8C2C0000 		.long	0x2c8c
 1611 0f3f 01       		.uleb128 0x1
 1612 0f40 8C2C0000 		.long	0x2c8c
 1613 0f44 00       		.byte	0
 1614 0f45 04       		.uleb128 0x4
 1615 0f46 00000000 		.long	.LASF188
 1616 0f4a 01       		.byte	0x1
 1617 0f4b 7A09     		.value	0x97a
 1618 0f4d 03       		.byte	0x3
 1619 0f4e 00000000 		.long	.LASF190
 1620 0f52 9A2C0000 		.long	0x2c9a
 1621 0f56 650F0000 		.long	0xf65
 1622 0f5a 01       		.uleb128 0x1
 1623 0f5b 9A2C0000 		.long	0x2c9a
 1624 0f5f 01       		.uleb128 0x1
 1625 0f60 8C2C0000 		.long	0x2c8c
 1626 0f64 00       		.byte	0
 1627 0f65 04       		.uleb128 0x4
 1628 0f66 00000000 		.long	.LASF191
 1629 0f6a 01       		.byte	0x1
 1630 0f6b 9009     		.value	0x990
 1631 0f6d 03       		.byte	0x3
 1632 0f6e 00000000 		.long	.LASF192
 1633 0f72 8C2C0000 		.long	0x2c8c
 1634 0f76 850F0000 		.long	0xf85
 1635 0f7a 01       		.uleb128 0x1
 1636 0f7b 8C2C0000 		.long	0x2c8c
 1637 0f7f 01       		.uleb128 0x1
 1638 0f80 8C2C0000 		.long	0x2c8c
 1639 0f84 00       		.byte	0
 1640 0f85 04       		.uleb128 0x4
 1641 0f86 00000000 		.long	.LASF191
 1642 0f8a 01       		.byte	0x1
 1643 0f8b 8C09     		.value	0x98c
 1644 0f8d 03       		.byte	0x3
 1645 0f8e 00000000 		.long	.LASF193
 1646 0f92 9A2C0000 		.long	0x2c9a
 1647 0f96 A50F0000 		.long	0xfa5
 1648 0f9a 01       		.uleb128 0x1
 1649 0f9b 9A2C0000 		.long	0x2c9a
 1650 0f9f 01       		.uleb128 0x1
 1651 0fa0 9A2C0000 		.long	0x2c9a
 1652 0fa4 00       		.byte	0
 1653 0fa5 04       		.uleb128 0x4
GAS LISTING /tmp/ccHMMbxq.s 			page 30


 1654 0fa6 00000000 		.long	.LASF194
 1655 0faa 01       		.byte	0x1
 1656 0fab 9A09     		.value	0x99a
 1657 0fad 03       		.byte	0x3
 1658 0fae 00000000 		.long	.LASF195
 1659 0fb2 8C2C0000 		.long	0x2c8c
 1660 0fb6 CA0F0000 		.long	0xfca
 1661 0fba 01       		.uleb128 0x1
 1662 0fbb 8C2C0000 		.long	0x2c8c
 1663 0fbf 01       		.uleb128 0x1
 1664 0fc0 8C2C0000 		.long	0x2c8c
 1665 0fc4 01       		.uleb128 0x1
 1666 0fc5 CD2D0000 		.long	0x2dcd
 1667 0fc9 00       		.byte	0
 1668 0fca 04       		.uleb128 0x4
 1669 0fcb 00000000 		.long	.LASF194
 1670 0fcf 01       		.byte	0x1
 1671 0fd0 9609     		.value	0x996
 1672 0fd2 03       		.byte	0x3
 1673 0fd3 00000000 		.long	.LASF196
 1674 0fd7 9A2C0000 		.long	0x2c9a
 1675 0fdb EF0F0000 		.long	0xfef
 1676 0fdf 01       		.uleb128 0x1
 1677 0fe0 9A2C0000 		.long	0x2c9a
 1678 0fe4 01       		.uleb128 0x1
 1679 0fe5 9A2C0000 		.long	0x2c9a
 1680 0fe9 01       		.uleb128 0x1
 1681 0fea CD2D0000 		.long	0x2dcd
 1682 0fee 00       		.byte	0
 1683 0fef 04       		.uleb128 0x4
 1684 0ff0 00000000 		.long	.LASF197
 1685 0ff4 01       		.byte	0x1
 1686 0ff5 A409     		.value	0x9a4
 1687 0ff7 03       		.byte	0x3
 1688 0ff8 00000000 		.long	.LASF198
 1689 0ffc 8C2C0000 		.long	0x2c8c
 1690 1000 0A100000 		.long	0x100a
 1691 1004 01       		.uleb128 0x1
 1692 1005 8C2C0000 		.long	0x2c8c
 1693 1009 00       		.byte	0
 1694 100a 04       		.uleb128 0x4
 1695 100b 00000000 		.long	.LASF197
 1696 100f 01       		.byte	0x1
 1697 1010 A009     		.value	0x9a0
 1698 1012 03       		.byte	0x3
 1699 1013 00000000 		.long	.LASF199
 1700 1017 9A2C0000 		.long	0x2c9a
 1701 101b 25100000 		.long	0x1025
 1702 101f 01       		.uleb128 0x1
 1703 1020 9A2C0000 		.long	0x2c9a
 1704 1024 00       		.byte	0
 1705 1025 04       		.uleb128 0x4
 1706 1026 00000000 		.long	.LASF200
 1707 102a 01       		.byte	0x1
 1708 102b B609     		.value	0x9b6
 1709 102d 03       		.byte	0x3
 1710 102e 00000000 		.long	.LASF201
GAS LISTING /tmp/ccHMMbxq.s 			page 31


 1711 1032 8C2C0000 		.long	0x2c8c
 1712 1036 40100000 		.long	0x1040
 1713 103a 01       		.uleb128 0x1
 1714 103b 8C2C0000 		.long	0x2c8c
 1715 103f 00       		.byte	0
 1716 1040 04       		.uleb128 0x4
 1717 1041 00000000 		.long	.LASF200
 1718 1045 01       		.byte	0x1
 1719 1046 B209     		.value	0x9b2
 1720 1048 03       		.byte	0x3
 1721 1049 00000000 		.long	.LASF202
 1722 104d 9A2C0000 		.long	0x2c9a
 1723 1051 5B100000 		.long	0x105b
 1724 1055 01       		.uleb128 0x1
 1725 1056 9A2C0000 		.long	0x2c9a
 1726 105a 00       		.byte	0
 1727 105b 04       		.uleb128 0x4
 1728 105c 00000000 		.long	.LASF203
 1729 1060 01       		.byte	0x1
 1730 1061 C809     		.value	0x9c8
 1731 1063 03       		.byte	0x3
 1732 1064 00000000 		.long	.LASF204
 1733 1068 8C2C0000 		.long	0x2c8c
 1734 106c 7B100000 		.long	0x107b
 1735 1070 01       		.uleb128 0x1
 1736 1071 8C2C0000 		.long	0x2c8c
 1737 1075 01       		.uleb128 0x1
 1738 1076 7E2C0000 		.long	0x2c7e
 1739 107a 00       		.byte	0
 1740 107b 04       		.uleb128 0x4
 1741 107c 00000000 		.long	.LASF203
 1742 1080 01       		.byte	0x1
 1743 1081 C409     		.value	0x9c4
 1744 1083 03       		.byte	0x3
 1745 1084 00000000 		.long	.LASF205
 1746 1088 9A2C0000 		.long	0x2c9a
 1747 108c 9B100000 		.long	0x109b
 1748 1090 01       		.uleb128 0x1
 1749 1091 9A2C0000 		.long	0x2c9a
 1750 1095 01       		.uleb128 0x1
 1751 1096 7E2C0000 		.long	0x2c7e
 1752 109a 00       		.byte	0
 1753 109b 04       		.uleb128 0x4
 1754 109c 00000000 		.long	.LASF206
 1755 10a0 01       		.byte	0x1
 1756 10a1 DA09     		.value	0x9da
 1757 10a3 03       		.byte	0x3
 1758 10a4 00000000 		.long	.LASF207
 1759 10a8 8C2C0000 		.long	0x2c8c
 1760 10ac BB100000 		.long	0x10bb
 1761 10b0 01       		.uleb128 0x1
 1762 10b1 8C2C0000 		.long	0x2c8c
 1763 10b5 01       		.uleb128 0x1
 1764 10b6 722C0000 		.long	0x2c72
 1765 10ba 00       		.byte	0
 1766 10bb 04       		.uleb128 0x4
 1767 10bc 00000000 		.long	.LASF206
GAS LISTING /tmp/ccHMMbxq.s 			page 32


 1768 10c0 01       		.byte	0x1
 1769 10c1 D609     		.value	0x9d6
 1770 10c3 03       		.byte	0x3
 1771 10c4 00000000 		.long	.LASF208
 1772 10c8 9A2C0000 		.long	0x2c9a
 1773 10cc DB100000 		.long	0x10db
 1774 10d0 01       		.uleb128 0x1
 1775 10d1 9A2C0000 		.long	0x2c9a
 1776 10d5 01       		.uleb128 0x1
 1777 10d6 722C0000 		.long	0x2c72
 1778 10da 00       		.byte	0
 1779 10db 04       		.uleb128 0x4
 1780 10dc 00000000 		.long	.LASF209
 1781 10e0 01       		.byte	0x1
 1782 10e1 EC09     		.value	0x9ec
 1783 10e3 03       		.byte	0x3
 1784 10e4 00000000 		.long	.LASF210
 1785 10e8 8C2C0000 		.long	0x2c8c
 1786 10ec F6100000 		.long	0x10f6
 1787 10f0 01       		.uleb128 0x1
 1788 10f1 8C2C0000 		.long	0x2c8c
 1789 10f5 00       		.byte	0
 1790 10f6 04       		.uleb128 0x4
 1791 10f7 00000000 		.long	.LASF209
 1792 10fb 01       		.byte	0x1
 1793 10fc E809     		.value	0x9e8
 1794 10fe 03       		.byte	0x3
 1795 10ff 00000000 		.long	.LASF211
 1796 1103 9A2C0000 		.long	0x2c9a
 1797 1107 11110000 		.long	0x1111
 1798 110b 01       		.uleb128 0x1
 1799 110c 9A2C0000 		.long	0x2c9a
 1800 1110 00       		.byte	0
 1801 1111 04       		.uleb128 0x4
 1802 1112 00000000 		.long	.LASF212
 1803 1116 01       		.byte	0x1
 1804 1117 FE09     		.value	0x9fe
 1805 1119 03       		.byte	0x3
 1806 111a 00000000 		.long	.LASF213
 1807 111e 8C2C0000 		.long	0x2c8c
 1808 1122 2C110000 		.long	0x112c
 1809 1126 01       		.uleb128 0x1
 1810 1127 8C2C0000 		.long	0x2c8c
 1811 112b 00       		.byte	0
 1812 112c 04       		.uleb128 0x4
 1813 112d 00000000 		.long	.LASF212
 1814 1131 01       		.byte	0x1
 1815 1132 FA09     		.value	0x9fa
 1816 1134 03       		.byte	0x3
 1817 1135 00000000 		.long	.LASF214
 1818 1139 9A2C0000 		.long	0x2c9a
 1819 113d 47110000 		.long	0x1147
 1820 1141 01       		.uleb128 0x1
 1821 1142 9A2C0000 		.long	0x2c9a
 1822 1146 00       		.byte	0
 1823 1147 15       		.uleb128 0x15
 1824 1148 00000000 		.long	.LASF219
GAS LISTING /tmp/ccHMMbxq.s 			page 33


 1825 114c 01       		.byte	0x1
 1826 114d 03       		.byte	0x3
 1827 114e 3E       		.byte	0x3e
 1828 114f 0C       		.byte	0xc
 1829 1150 B0110000 		.long	0x11b0
 1830 1154 0F       		.uleb128 0xf
 1831 1155 00000000 		.long	.LASF221
 1832 1159 03       		.byte	0x3
 1833 115a 41       		.byte	0x41
 1834 115b 2D       		.byte	0x2d
 1835 115c A42E0000 		.long	0x2ea4
 1836 1160 28       		.uleb128 0x28
 1837 1161 00000000 		.long	.LASF215
 1838 1165 03       		.byte	0x3
 1839 1166 43       		.byte	0x43
 1840 1167 11       		.byte	0x11
 1841 1168 00000000 		.long	.LASF217
 1842 116c 54110000 		.long	0x1154
 1843 1170 78110000 		.long	0x1178
 1844 1174 7E110000 		.long	0x117e
 1845 1178 03       		.uleb128 0x3
 1846 1179 D3310000 		.long	0x31d3
 1847 117d 00       		.byte	0
 1848 117e 28       		.uleb128 0x28
 1849 117f 00000000 		.long	.LASF216
 1850 1183 03       		.byte	0x3
 1851 1184 48       		.byte	0x48
 1852 1185 1C       		.byte	0x1c
 1853 1186 00000000 		.long	.LASF218
 1854 118a 54110000 		.long	0x1154
 1855 118e 96110000 		.long	0x1196
 1856 1192 9C110000 		.long	0x119c
 1857 1196 03       		.uleb128 0x3
 1858 1197 D3310000 		.long	0x31d3
 1859 119b 00       		.byte	0
 1860 119c 08       		.uleb128 0x8
 1861 119d 5F547000 		.string	"_Tp"
 1862 11a1 A42E0000 		.long	0x2ea4
 1863 11a5 34       		.uleb128 0x34
 1864 11a6 5F5F7600 		.string	"__v"
 1865 11aa A42E0000 		.long	0x2ea4
 1866 11ae 01       		.byte	0x1
 1867 11af 00       		.byte	0
 1868 11b0 07       		.uleb128 0x7
 1869 11b1 47110000 		.long	0x1147
 1870 11b5 15       		.uleb128 0x15
 1871 11b6 00000000 		.long	.LASF220
 1872 11ba 01       		.byte	0x1
 1873 11bb 03       		.byte	0x3
 1874 11bc 3E       		.byte	0x3e
 1875 11bd 0C       		.byte	0xc
 1876 11be 1E120000 		.long	0x121e
 1877 11c2 0F       		.uleb128 0xf
 1878 11c3 00000000 		.long	.LASF221
 1879 11c7 03       		.byte	0x3
 1880 11c8 41       		.byte	0x41
 1881 11c9 2D       		.byte	0x2d
GAS LISTING /tmp/ccHMMbxq.s 			page 34


 1882 11ca A42E0000 		.long	0x2ea4
 1883 11ce 28       		.uleb128 0x28
 1884 11cf 00000000 		.long	.LASF222
 1885 11d3 03       		.byte	0x3
 1886 11d4 43       		.byte	0x43
 1887 11d5 11       		.byte	0x11
 1888 11d6 00000000 		.long	.LASF223
 1889 11da C2110000 		.long	0x11c2
 1890 11de E6110000 		.long	0x11e6
 1891 11e2 EC110000 		.long	0x11ec
 1892 11e6 03       		.uleb128 0x3
 1893 11e7 D8310000 		.long	0x31d8
 1894 11eb 00       		.byte	0
 1895 11ec 28       		.uleb128 0x28
 1896 11ed 00000000 		.long	.LASF216
 1897 11f1 03       		.byte	0x3
 1898 11f2 48       		.byte	0x48
 1899 11f3 1C       		.byte	0x1c
 1900 11f4 00000000 		.long	.LASF224
 1901 11f8 C2110000 		.long	0x11c2
 1902 11fc 04120000 		.long	0x1204
 1903 1200 0A120000 		.long	0x120a
 1904 1204 03       		.uleb128 0x3
 1905 1205 D8310000 		.long	0x31d8
 1906 1209 00       		.byte	0
 1907 120a 08       		.uleb128 0x8
 1908 120b 5F547000 		.string	"_Tp"
 1909 120f A42E0000 		.long	0x2ea4
 1910 1213 34       		.uleb128 0x34
 1911 1214 5F5F7600 		.string	"__v"
 1912 1218 A42E0000 		.long	0x2ea4
 1913 121c 00       		.byte	0
 1914 121d 00       		.byte	0
 1915 121e 07       		.uleb128 0x7
 1916 121f B5110000 		.long	0x11b5
 1917 1223 0F       		.uleb128 0xf
 1918 1224 00000000 		.long	.LASF225
 1919 1228 03       		.byte	0x3
 1920 1229 55       		.byte	0x55
 1921 122a 09       		.byte	0x9
 1922 122b B5110000 		.long	0x11b5
 1923 122f 1C       		.uleb128 0x1c
 1924 1230 00000000 		.long	.LASF226
 1925 1234 04       		.byte	0x4
 1926 1235 3401     		.value	0x134
 1927 1237 1A       		.byte	0x1a
 1928 1238 512C0000 		.long	0x2c51
 1929 123c 07       		.uleb128 0x7
 1930 123d 2F120000 		.long	0x122f
 1931 1241 46       		.uleb128 0x46
 1932 1242 00000000 		.long	.LASF229
 1933 1246 03       		.byte	0x3
 1934 1247 B00A     		.value	0xab0
 1935 1249 0D       		.byte	0xd
 1936 124a 15       		.uleb128 0x15
 1937 124b 00000000 		.long	.LASF227
 1938 124f 01       		.byte	0x1
GAS LISTING /tmp/ccHMMbxq.s 			page 35


 1939 1250 05       		.byte	0x5
 1940 1251 50       		.byte	0x50
 1941 1252 0A       		.byte	0xa
 1942 1253 6F120000 		.long	0x126f
 1943 1257 47       		.uleb128 0x47
 1944 1258 00000000 		.long	.LASF227
 1945 125c 05       		.byte	0x5
 1946 125d 50       		.byte	0x50
 1947 125e 2B       		.byte	0x2b
 1948 125f 00000000 		.long	.LASF228
 1949 1263 01       		.byte	0x1
 1950 1264 68120000 		.long	0x1268
 1951 1268 03       		.uleb128 0x3
 1952 1269 F2310000 		.long	0x31f2
 1953 126d 00       		.byte	0
 1954 126e 00       		.byte	0
 1955 126f 07       		.uleb128 0x7
 1956 1270 4A120000 		.long	0x124a
 1957 1274 48       		.uleb128 0x48
 1958 1275 00000000 		.long	.LASF621
 1959 1279 05       		.byte	0x5
 1960 127a 53       		.byte	0x53
 1961 127b 35       		.byte	0x35
 1962 127c 6F120000 		.long	0x126f
 1963 1280 01       		.byte	0x1
 1964 1281 00       		.byte	0
 1965 1282 35       		.uleb128 0x35
 1966 1283 00000000 		.long	.LASF230
 1967 1287 06       		.byte	0x6
 1968 1288 32       		.byte	0x32
 1969 1289 0D       		.byte	0xd
 1970 128a 1C       		.uleb128 0x1c
 1971 128b 00000000 		.long	.LASF231
 1972 128f 04       		.byte	0x4
 1973 1290 3501     		.value	0x135
 1974 1292 1C       		.byte	0x1c
 1975 1293 7E2C0000 		.long	0x2c7e
 1976 1297 0F       		.uleb128 0xf
 1977 1298 00000000 		.long	.LASF232
 1978 129c 03       		.byte	0x3
 1979 129d 52       		.byte	0x52
 1980 129e 09       		.byte	0x9
 1981 129f 47110000 		.long	0x1147
 1982 12a3 15       		.uleb128 0x15
 1983 12a4 00000000 		.long	.LASF233
 1984 12a8 01       		.byte	0x1
 1985 12a9 07       		.byte	0x7
 1986 12aa A8       		.byte	0xa8
 1987 12ab 0C       		.byte	0xc
 1988 12ac D1120000 		.long	0x12d1
 1989 12b0 49       		.uleb128 0x49
 1990 12b1 00000000 		.long	.LASF277
 1991 12b5 07       		.byte	0x7
 1992 12b6 AC       		.byte	0xac
 1993 12b7 09       		.byte	0x9
 1994 12b8 00000000 		.long	.LASF622
 1995 12bc 0B       		.uleb128 0xb
GAS LISTING /tmp/ccHMMbxq.s 			page 36


 1996 12bd 00000000 		.long	.LASF234
 1997 12c1 8F320000 		.long	0x328f
 1998 12c5 01       		.uleb128 0x1
 1999 12c6 8F320000 		.long	0x328f
 2000 12ca 01       		.uleb128 0x1
 2001 12cb 8F320000 		.long	0x328f
 2002 12cf 00       		.byte	0
 2003 12d0 00       		.byte	0
 2004 12d1 36       		.uleb128 0x36
 2005 12d2 00000000 		.long	.LASF258
 2006 12d6 08       		.byte	0x8
 2007 12d7 3F       		.byte	0x3f
 2008 12d8 A6140000 		.long	0x14a6
 2009 12dc 22       		.uleb128 0x22
 2010 12dd 00000000 		.long	.LASF235
 2011 12e1 08       		.byte	0x8
 2012 12e2 58       		.byte	0x58
 2013 12e3 07       		.byte	0x7
 2014 12e4 00000000 		.long	.LASF236
 2015 12e8 F0120000 		.long	0x12f0
 2016 12ec F6120000 		.long	0x12f6
 2017 12f0 03       		.uleb128 0x3
 2018 12f1 7B320000 		.long	0x327b
 2019 12f5 00       		.byte	0
 2020 12f6 22       		.uleb128 0x22
 2021 12f7 00000000 		.long	.LASF235
 2022 12fb 08       		.byte	0x8
 2023 12fc 5C       		.byte	0x5c
 2024 12fd 07       		.byte	0x7
 2025 12fe 00000000 		.long	.LASF237
 2026 1302 0A130000 		.long	0x130a
 2027 1306 15130000 		.long	0x1315
 2028 130a 03       		.uleb128 0x3
 2029 130b 7B320000 		.long	0x327b
 2030 130f 01       		.uleb128 0x1
 2031 1310 85320000 		.long	0x3285
 2032 1314 00       		.byte	0
 2033 1315 37       		.uleb128 0x37
 2034 1316 00000000 		.long	.LASF263
 2035 131a 08       		.byte	0x8
 2036 131b 64       		.byte	0x64
 2037 131c 18       		.byte	0x18
 2038 131d 00000000 		.long	.LASF264
 2039 1321 8A320000 		.long	0x328a
 2040 1325 2D130000 		.long	0x132d
 2041 1329 38130000 		.long	0x1338
 2042 132d 03       		.uleb128 0x3
 2043 132e 7B320000 		.long	0x327b
 2044 1332 01       		.uleb128 0x1
 2045 1333 85320000 		.long	0x3285
 2046 1337 00       		.byte	0
 2047 1338 22       		.uleb128 0x22
 2048 1339 00000000 		.long	.LASF238
 2049 133d 08       		.byte	0x8
 2050 133e 68       		.byte	0x68
 2051 133f 07       		.byte	0x7
 2052 1340 00000000 		.long	.LASF239
GAS LISTING /tmp/ccHMMbxq.s 			page 37


 2053 1344 4C130000 		.long	0x134c
 2054 1348 57130000 		.long	0x1357
 2055 134c 03       		.uleb128 0x3
 2056 134d 7B320000 		.long	0x327b
 2057 1351 03       		.uleb128 0x3
 2058 1352 722C0000 		.long	0x2c72
 2059 1356 00       		.byte	0
 2060 1357 29       		.uleb128 0x29
 2061 1358 00000000 		.long	.LASF240
 2062 135c 46       		.byte	0x46
 2063 135d 1A       		.byte	0x1a
 2064 135e 8F320000 		.long	0x328f
 2065 1362 20       		.uleb128 0x20
 2066 1363 00000000 		.long	.LASF243
 2067 1367 08       		.byte	0x8
 2068 1368 6B       		.byte	0x6b
 2069 1369 07       		.byte	0x7
 2070 136a 00000000 		.long	.LASF244
 2071 136e 57130000 		.long	0x1357
 2072 1372 01       		.byte	0x1
 2073 1373 7B130000 		.long	0x137b
 2074 1377 86130000 		.long	0x1386
 2075 137b 03       		.uleb128 0x3
 2076 137c 99320000 		.long	0x3299
 2077 1380 01       		.uleb128 0x1
 2078 1381 86130000 		.long	0x1386
 2079 1385 00       		.byte	0
 2080 1386 29       		.uleb128 0x29
 2081 1387 00000000 		.long	.LASF241
 2082 138b 48       		.byte	0x48
 2083 138c 1A       		.byte	0x1a
 2084 138d A3320000 		.long	0x32a3
 2085 1391 29       		.uleb128 0x29
 2086 1392 00000000 		.long	.LASF242
 2087 1396 47       		.byte	0x47
 2088 1397 1A       		.byte	0x1a
 2089 1398 A8320000 		.long	0x32a8
 2090 139c 20       		.uleb128 0x20
 2091 139d 00000000 		.long	.LASF243
 2092 13a1 08       		.byte	0x8
 2093 13a2 6F       		.byte	0x6f
 2094 13a3 07       		.byte	0x7
 2095 13a4 00000000 		.long	.LASF245
 2096 13a8 91130000 		.long	0x1391
 2097 13ac 01       		.byte	0x1
 2098 13ad B5130000 		.long	0x13b5
 2099 13b1 C0130000 		.long	0x13c0
 2100 13b5 03       		.uleb128 0x3
 2101 13b6 99320000 		.long	0x3299
 2102 13ba 01       		.uleb128 0x1
 2103 13bb C0130000 		.long	0x13c0
 2104 13bf 00       		.byte	0
 2105 13c0 29       		.uleb128 0x29
 2106 13c1 00000000 		.long	.LASF246
 2107 13c5 49       		.byte	0x49
 2108 13c6 1A       		.byte	0x1a
 2109 13c7 AD320000 		.long	0x32ad
GAS LISTING /tmp/ccHMMbxq.s 			page 38


 2110 13cb 20       		.uleb128 0x20
 2111 13cc 00000000 		.long	.LASF247
 2112 13d0 08       		.byte	0x8
 2113 13d1 7E       		.byte	0x7e
 2114 13d2 07       		.byte	0x7
 2115 13d3 00000000 		.long	.LASF248
 2116 13d7 8F320000 		.long	0x328f
 2117 13db 01       		.byte	0x1
 2118 13dc E4130000 		.long	0x13e4
 2119 13e0 F4130000 		.long	0x13f4
 2120 13e4 03       		.uleb128 0x3
 2121 13e5 7B320000 		.long	0x327b
 2122 13e9 01       		.uleb128 0x1
 2123 13ea F4130000 		.long	0x13f4
 2124 13ee 01       		.uleb128 0x1
 2125 13ef EF2C0000 		.long	0x2cef
 2126 13f3 00       		.byte	0
 2127 13f4 29       		.uleb128 0x29
 2128 13f5 00000000 		.long	.LASF249
 2129 13f9 43       		.byte	0x43
 2130 13fa 1F       		.byte	0x1f
 2131 13fb 2F120000 		.long	0x122f
 2132 13ff 22       		.uleb128 0x22
 2133 1400 00000000 		.long	.LASF250
 2134 1404 08       		.byte	0x8
 2135 1405 9C       		.byte	0x9c
 2136 1406 07       		.byte	0x7
 2137 1407 00000000 		.long	.LASF251
 2138 140b 13140000 		.long	0x1413
 2139 140f 23140000 		.long	0x1423
 2140 1413 03       		.uleb128 0x3
 2141 1414 7B320000 		.long	0x327b
 2142 1418 01       		.uleb128 0x1
 2143 1419 8F320000 		.long	0x328f
 2144 141d 01       		.uleb128 0x1
 2145 141e F4130000 		.long	0x13f4
 2146 1422 00       		.byte	0
 2147 1423 20       		.uleb128 0x20
 2148 1424 00000000 		.long	.LASF252
 2149 1428 08       		.byte	0x8
 2150 1429 B6       		.byte	0xb6
 2151 142a 07       		.byte	0x7
 2152 142b 00000000 		.long	.LASF253
 2153 142f F4130000 		.long	0x13f4
 2154 1433 01       		.byte	0x1
 2155 1434 3C140000 		.long	0x143c
 2156 1438 42140000 		.long	0x1442
 2157 143c 03       		.uleb128 0x3
 2158 143d 99320000 		.long	0x3299
 2159 1441 00       		.byte	0
 2160 1442 28       		.uleb128 0x28
 2161 1443 00000000 		.long	.LASF254
 2162 1447 08       		.byte	0x8
 2163 1448 E6       		.byte	0xe6
 2164 1449 07       		.byte	0x7
 2165 144a 00000000 		.long	.LASF255
 2166 144e F4130000 		.long	0x13f4
GAS LISTING /tmp/ccHMMbxq.s 			page 39


 2167 1452 5A140000 		.long	0x145a
 2168 1456 60140000 		.long	0x1460
 2169 145a 03       		.uleb128 0x3
 2170 145b 99320000 		.long	0x3299
 2171 145f 00       		.byte	0
 2172 1460 22       		.uleb128 0x22
 2173 1461 00000000 		.long	.LASF256
 2174 1465 08       		.byte	0x8
 2175 1466 BD       		.byte	0xbd
 2176 1467 02       		.byte	0x2
 2177 1468 00000000 		.long	.LASF257
 2178 146c 8C140000 		.long	0x148c
 2179 1470 9C140000 		.long	0x149c
 2180 1474 08       		.uleb128 0x8
 2181 1475 5F557000 		.string	"_Up"
 2182 1479 61320000 		.long	0x3261
 2183 147d 24       		.uleb128 0x24
 2184 147e 00000000 		.long	.LASF278
 2185 1482 8C140000 		.long	0x148c
 2186 1486 25       		.uleb128 0x25
 2187 1487 AD320000 		.long	0x32ad
 2188 148b 00       		.byte	0
 2189 148c 03       		.uleb128 0x3
 2190 148d 7B320000 		.long	0x327b
 2191 1491 01       		.uleb128 0x1
 2192 1492 8F320000 		.long	0x328f
 2193 1496 01       		.uleb128 0x1
 2194 1497 AD320000 		.long	0x32ad
 2195 149b 00       		.byte	0
 2196 149c 08       		.uleb128 0x8
 2197 149d 5F547000 		.string	"_Tp"
 2198 14a1 61320000 		.long	0x3261
 2199 14a5 00       		.byte	0
 2200 14a6 07       		.uleb128 0x7
 2201 14a7 D1120000 		.long	0x12d1
 2202 14ab 36       		.uleb128 0x36
 2203 14ac 00000000 		.long	.LASF259
 2204 14b0 09       		.byte	0x9
 2205 14b1 82       		.byte	0x82
 2206 14b2 35150000 		.long	0x1535
 2207 14b6 38       		.uleb128 0x38
 2208 14b7 D1120000 		.long	0x12d1
 2209 14bb 01       		.byte	0x1
 2210 14bc 22       		.uleb128 0x22
 2211 14bd 00000000 		.long	.LASF260
 2212 14c1 09       		.byte	0x9
 2213 14c2 A3       		.byte	0xa3
 2214 14c3 07       		.byte	0x7
 2215 14c4 00000000 		.long	.LASF261
 2216 14c8 D0140000 		.long	0x14d0
 2217 14cc D6140000 		.long	0x14d6
 2218 14d0 03       		.uleb128 0x3
 2219 14d1 B2320000 		.long	0x32b2
 2220 14d5 00       		.byte	0
 2221 14d6 22       		.uleb128 0x22
 2222 14d7 00000000 		.long	.LASF260
 2223 14db 09       		.byte	0x9
GAS LISTING /tmp/ccHMMbxq.s 			page 40


 2224 14dc A7       		.byte	0xa7
 2225 14dd 07       		.byte	0x7
 2226 14de 00000000 		.long	.LASF262
 2227 14e2 EA140000 		.long	0x14ea
 2228 14e6 F5140000 		.long	0x14f5
 2229 14ea 03       		.uleb128 0x3
 2230 14eb B2320000 		.long	0x32b2
 2231 14ef 01       		.uleb128 0x1
 2232 14f0 BC320000 		.long	0x32bc
 2233 14f4 00       		.byte	0
 2234 14f5 37       		.uleb128 0x37
 2235 14f6 00000000 		.long	.LASF263
 2236 14fa 09       		.byte	0x9
 2237 14fb AC       		.byte	0xac
 2238 14fc 12       		.byte	0x12
 2239 14fd 00000000 		.long	.LASF265
 2240 1501 C1320000 		.long	0x32c1
 2241 1505 0D150000 		.long	0x150d
 2242 1509 18150000 		.long	0x1518
 2243 150d 03       		.uleb128 0x3
 2244 150e B2320000 		.long	0x32b2
 2245 1512 01       		.uleb128 0x1
 2246 1513 BC320000 		.long	0x32bc
 2247 1517 00       		.byte	0
 2248 1518 4A       		.uleb128 0x4a
 2249 1519 00000000 		.long	.LASF266
 2250 151d 09       		.byte	0x9
 2251 151e B8       		.byte	0xb8
 2252 151f 07       		.byte	0x7
 2253 1520 00000000 		.long	.LASF267
 2254 1524 01       		.byte	0x1
 2255 1525 29150000 		.long	0x1529
 2256 1529 03       		.uleb128 0x3
 2257 152a B2320000 		.long	0x32b2
 2258 152e 03       		.uleb128 0x3
 2259 152f 722C0000 		.long	0x2c72
 2260 1533 00       		.byte	0
 2261 1534 00       		.byte	0
 2262 1535 07       		.uleb128 0x7
 2263 1536 AB140000 		.long	0x14ab
 2264 153a 4B       		.uleb128 0x4b
 2265 153b 00000000 		.long	.LASF268
 2266 153f 01       		.byte	0x1
 2267 1540 0A       		.byte	0xa
 2268 1541 AC01     		.value	0x1ac
 2269 1543 0C       		.byte	0xc
 2270 1544 6C160000 		.long	0x166c
 2271 1548 1C       		.uleb128 0x1c
 2272 1549 00000000 		.long	.LASF240
 2273 154d 0A       		.byte	0xa
 2274 154e B501     		.value	0x1b5
 2275 1550 0D       		.byte	0xd
 2276 1551 8F320000 		.long	0x328f
 2277 1555 04       		.uleb128 0x4
 2278 1556 00000000 		.long	.LASF247
 2279 155a 0A       		.byte	0xa
 2280 155b E101     		.value	0x1e1
GAS LISTING /tmp/ccHMMbxq.s 			page 41


 2281 155d 07       		.byte	0x7
 2282 155e 00000000 		.long	.LASF269
 2283 1562 48150000 		.long	0x1548
 2284 1566 75150000 		.long	0x1575
 2285 156a 01       		.uleb128 0x1
 2286 156b C6320000 		.long	0x32c6
 2287 156f 01       		.uleb128 0x1
 2288 1570 87150000 		.long	0x1587
 2289 1574 00       		.byte	0
 2290 1575 1C       		.uleb128 0x1c
 2291 1576 00000000 		.long	.LASF270
 2292 157a 0A       		.byte	0xa
 2293 157b AF01     		.value	0x1af
 2294 157d 0D       		.byte	0xd
 2295 157e AB140000 		.long	0x14ab
 2296 1582 07       		.uleb128 0x7
 2297 1583 75150000 		.long	0x1575
 2298 1587 1C       		.uleb128 0x1c
 2299 1588 00000000 		.long	.LASF249
 2300 158c 0A       		.byte	0xa
 2301 158d C401     		.value	0x1c4
 2302 158f 0D       		.byte	0xd
 2303 1590 2F120000 		.long	0x122f
 2304 1594 04       		.uleb128 0x4
 2305 1595 00000000 		.long	.LASF247
 2306 1599 0A       		.byte	0xa
 2307 159a F001     		.value	0x1f0
 2308 159c 07       		.byte	0x7
 2309 159d 00000000 		.long	.LASF271
 2310 15a1 48150000 		.long	0x1548
 2311 15a5 B9150000 		.long	0x15b9
 2312 15a9 01       		.uleb128 0x1
 2313 15aa C6320000 		.long	0x32c6
 2314 15ae 01       		.uleb128 0x1
 2315 15af 87150000 		.long	0x1587
 2316 15b3 01       		.uleb128 0x1
 2317 15b4 B9150000 		.long	0x15b9
 2318 15b8 00       		.byte	0
 2319 15b9 1C       		.uleb128 0x1c
 2320 15ba 00000000 		.long	.LASF272
 2321 15be 0A       		.byte	0xa
 2322 15bf BE01     		.value	0x1be
 2323 15c1 0D       		.byte	0xd
 2324 15c2 EF2C0000 		.long	0x2cef
 2325 15c6 39       		.uleb128 0x39
 2326 15c7 00000000 		.long	.LASF250
 2327 15cb 0402     		.value	0x204
 2328 15cd 07       		.byte	0x7
 2329 15ce 00000000 		.long	.LASF486
 2330 15d2 E6150000 		.long	0x15e6
 2331 15d6 01       		.uleb128 0x1
 2332 15d7 C6320000 		.long	0x32c6
 2333 15db 01       		.uleb128 0x1
 2334 15dc 48150000 		.long	0x1548
 2335 15e0 01       		.uleb128 0x1
 2336 15e1 87150000 		.long	0x1587
 2337 15e5 00       		.byte	0
GAS LISTING /tmp/ccHMMbxq.s 			page 42


 2338 15e6 04       		.uleb128 0x4
 2339 15e7 00000000 		.long	.LASF252
 2340 15eb 0A       		.byte	0xa
 2341 15ec 3B02     		.value	0x23b
 2342 15ee 07       		.byte	0x7
 2343 15ef 00000000 		.long	.LASF273
 2344 15f3 87150000 		.long	0x1587
 2345 15f7 01160000 		.long	0x1601
 2346 15fb 01       		.uleb128 0x1
 2347 15fc CB320000 		.long	0x32cb
 2348 1600 00       		.byte	0
 2349 1601 04       		.uleb128 0x4
 2350 1602 00000000 		.long	.LASF274
 2351 1606 0A       		.byte	0xa
 2352 1607 4B02     		.value	0x24b
 2353 1609 07       		.byte	0x7
 2354 160a 00000000 		.long	.LASF275
 2355 160e 75150000 		.long	0x1575
 2356 1612 1C160000 		.long	0x161c
 2357 1616 01       		.uleb128 0x1
 2358 1617 CB320000 		.long	0x32cb
 2359 161b 00       		.byte	0
 2360 161c 1C       		.uleb128 0x1c
 2361 161d 00000000 		.long	.LASF221
 2362 1621 0A       		.byte	0xa
 2363 1622 B201     		.value	0x1b2
 2364 1624 0D       		.byte	0xd
 2365 1625 61320000 		.long	0x3261
 2366 1629 1C       		.uleb128 0x1c
 2367 162a 00000000 		.long	.LASF276
 2368 162e 0A       		.byte	0xa
 2369 162f D301     		.value	0x1d3
 2370 1631 08       		.byte	0x8
 2371 1632 AB140000 		.long	0x14ab
 2372 1636 4C       		.uleb128 0x4c
 2373 1637 00000000 		.long	.LASF256
 2374 163b 0A       		.byte	0xa
 2375 163c 1502     		.value	0x215
 2376 163e 02       		.byte	0x2
 2377 163f 00000000 		.long	.LASF623
 2378 1643 08       		.uleb128 0x8
 2379 1644 5F557000 		.string	"_Up"
 2380 1648 61320000 		.long	0x3261
 2381 164c 24       		.uleb128 0x24
 2382 164d 00000000 		.long	.LASF278
 2383 1651 5B160000 		.long	0x165b
 2384 1655 25       		.uleb128 0x25
 2385 1656 AD320000 		.long	0x32ad
 2386 165a 00       		.byte	0
 2387 165b 01       		.uleb128 0x1
 2388 165c C6320000 		.long	0x32c6
 2389 1660 01       		.uleb128 0x1
 2390 1661 8F320000 		.long	0x328f
 2391 1665 01       		.uleb128 0x1
 2392 1666 AD320000 		.long	0x32ad
 2393 166a 00       		.byte	0
 2394 166b 00       		.byte	0
GAS LISTING /tmp/ccHMMbxq.s 			page 43


 2395 166c 15       		.uleb128 0x15
 2396 166d 00000000 		.long	.LASF279
 2397 1671 18       		.byte	0x18
 2398 1672 0B       		.byte	0xb
 2399 1673 55       		.byte	0x55
 2400 1674 0C       		.byte	0xc
 2401 1675 001A0000 		.long	0x1a00
 2402 1679 15       		.uleb128 0x15
 2403 167a 00000000 		.long	.LASF280
 2404 167e 18       		.byte	0x18
 2405 167f 0B       		.byte	0xb
 2406 1680 5C       		.byte	0x5c
 2407 1681 0E       		.byte	0xe
 2408 1682 15170000 		.long	0x1715
 2409 1686 2E       		.uleb128 0x2e
 2410 1687 00000000 		.long	.LASF281
 2411 168b 5E       		.byte	0x5e
 2412 168c 1A170000 		.long	0x171a
 2413 1690 00       		.byte	0
 2414 1691 2E       		.uleb128 0x2e
 2415 1692 00000000 		.long	.LASF282
 2416 1696 5F       		.byte	0x5f
 2417 1697 1A170000 		.long	0x171a
 2418 169b 08       		.byte	0x8
 2419 169c 2E       		.uleb128 0x2e
 2420 169d 00000000 		.long	.LASF283
 2421 16a1 60       		.byte	0x60
 2422 16a2 1A170000 		.long	0x171a
 2423 16a6 10       		.byte	0x10
 2424 16a7 23       		.uleb128 0x23
 2425 16a8 00000000 		.long	.LASF280
 2426 16ac 63       		.byte	0x63
 2427 16ad 00000000 		.long	.LASF284
 2428 16b1 B9160000 		.long	0x16b9
 2429 16b5 BF160000 		.long	0x16bf
 2430 16b9 03       		.uleb128 0x3
 2431 16ba DA320000 		.long	0x32da
 2432 16be 00       		.byte	0
 2433 16bf 23       		.uleb128 0x23
 2434 16c0 00000000 		.long	.LASF280
 2435 16c4 69       		.byte	0x69
 2436 16c5 00000000 		.long	.LASF285
 2437 16c9 D1160000 		.long	0x16d1
 2438 16cd DC160000 		.long	0x16dc
 2439 16d1 03       		.uleb128 0x3
 2440 16d2 DA320000 		.long	0x32da
 2441 16d6 01       		.uleb128 0x1
 2442 16d7 E4320000 		.long	0x32e4
 2443 16db 00       		.byte	0
 2444 16dc 23       		.uleb128 0x23
 2445 16dd 00000000 		.long	.LASF286
 2446 16e1 71       		.byte	0x71
 2447 16e2 00000000 		.long	.LASF287
 2448 16e6 EE160000 		.long	0x16ee
 2449 16ea F9160000 		.long	0x16f9
 2450 16ee 03       		.uleb128 0x3
 2451 16ef DA320000 		.long	0x32da
GAS LISTING /tmp/ccHMMbxq.s 			page 44


 2452 16f3 01       		.uleb128 0x1
 2453 16f4 E9320000 		.long	0x32e9
 2454 16f8 00       		.byte	0
 2455 16f9 4D       		.uleb128 0x4d
 2456 16fa 00000000 		.long	.LASF288
 2457 16fe 0B       		.byte	0xb
 2458 16ff 7A       		.byte	0x7a
 2459 1700 02       		.byte	0x2
 2460 1701 00000000 		.long	.LASF483
 2461 1705 09170000 		.long	0x1709
 2462 1709 03       		.uleb128 0x3
 2463 170a DA320000 		.long	0x32da
 2464 170e 01       		.uleb128 0x1
 2465 170f EE320000 		.long	0x32ee
 2466 1713 00       		.byte	0
 2467 1714 00       		.byte	0
 2468 1715 07       		.uleb128 0x7
 2469 1716 79160000 		.long	0x1679
 2470 171a 0F       		.uleb128 0xf
 2471 171b 00000000 		.long	.LASF240
 2472 171f 0B       		.byte	0xb
 2473 1720 5A       		.byte	0x5a
 2474 1721 09       		.byte	0x9
 2475 1722 48290000 		.long	0x2948
 2476 1726 15       		.uleb128 0x15
 2477 1727 00000000 		.long	.LASF289
 2478 172b 18       		.byte	0x18
 2479 172c 0B       		.byte	0xb
 2480 172d 85       		.byte	0x85
 2481 172e 0E       		.byte	0xe
 2482 172f E7170000 		.long	0x17e7
 2483 1733 2F       		.uleb128 0x2f
 2484 1734 AB140000 		.long	0x14ab
 2485 1738 2F       		.uleb128 0x2f
 2486 1739 79160000 		.long	0x1679
 2487 173d 23       		.uleb128 0x23
 2488 173e 00000000 		.long	.LASF289
 2489 1742 89       		.byte	0x89
 2490 1743 00000000 		.long	.LASF290
 2491 1747 4F170000 		.long	0x174f
 2492 174b 55170000 		.long	0x1755
 2493 174f 03       		.uleb128 0x3
 2494 1750 F3320000 		.long	0x32f3
 2495 1754 00       		.byte	0
 2496 1755 23       		.uleb128 0x23
 2497 1756 00000000 		.long	.LASF289
 2498 175a 92       		.byte	0x92
 2499 175b 00000000 		.long	.LASF291
 2500 175f 67170000 		.long	0x1767
 2501 1763 72170000 		.long	0x1772
 2502 1767 03       		.uleb128 0x3
 2503 1768 F3320000 		.long	0x32f3
 2504 176c 01       		.uleb128 0x1
 2505 176d FD320000 		.long	0x32fd
 2506 1771 00       		.byte	0
 2507 1772 23       		.uleb128 0x23
 2508 1773 00000000 		.long	.LASF289
GAS LISTING /tmp/ccHMMbxq.s 			page 45


 2509 1777 9A       		.byte	0x9a
 2510 1778 00000000 		.long	.LASF292
 2511 177c 84170000 		.long	0x1784
 2512 1780 8F170000 		.long	0x178f
 2513 1784 03       		.uleb128 0x3
 2514 1785 F3320000 		.long	0x32f3
 2515 1789 01       		.uleb128 0x1
 2516 178a 02330000 		.long	0x3302
 2517 178e 00       		.byte	0
 2518 178f 23       		.uleb128 0x23
 2519 1790 00000000 		.long	.LASF289
 2520 1794 9F       		.byte	0x9f
 2521 1795 00000000 		.long	.LASF293
 2522 1799 A1170000 		.long	0x17a1
 2523 179d AC170000 		.long	0x17ac
 2524 17a1 03       		.uleb128 0x3
 2525 17a2 F3320000 		.long	0x32f3
 2526 17a6 01       		.uleb128 0x1
 2527 17a7 07330000 		.long	0x3307
 2528 17ab 00       		.byte	0
 2529 17ac 23       		.uleb128 0x23
 2530 17ad 00000000 		.long	.LASF289
 2531 17b1 A4       		.byte	0xa4
 2532 17b2 00000000 		.long	.LASF294
 2533 17b6 BE170000 		.long	0x17be
 2534 17ba CE170000 		.long	0x17ce
 2535 17be 03       		.uleb128 0x3
 2536 17bf F3320000 		.long	0x32f3
 2537 17c3 01       		.uleb128 0x1
 2538 17c4 07330000 		.long	0x3307
 2539 17c8 01       		.uleb128 0x1
 2540 17c9 02330000 		.long	0x3302
 2541 17cd 00       		.byte	0
 2542 17ce 4E       		.uleb128 0x4e
 2543 17cf 00000000 		.long	.LASF573
 2544 17d3 00000000 		.long	.LASF624
 2545 17d7 DB170000 		.long	0x17db
 2546 17db 03       		.uleb128 0x3
 2547 17dc F3320000 		.long	0x32f3
 2548 17e0 03       		.uleb128 0x3
 2549 17e1 722C0000 		.long	0x2c72
 2550 17e5 00       		.byte	0
 2551 17e6 00       		.byte	0
 2552 17e7 0F       		.uleb128 0xf
 2553 17e8 00000000 		.long	.LASF295
 2554 17ec 0B       		.byte	0xb
 2555 17ed 58       		.byte	0x58
 2556 17ee 15       		.byte	0x15
 2557 17ef 79290000 		.long	0x2979
 2558 17f3 07       		.uleb128 0x7
 2559 17f4 E7170000 		.long	0x17e7
 2560 17f8 2B       		.uleb128 0x2b
 2561 17f9 00000000 		.long	.LASF296
 2562 17fd 2D01     		.value	0x12d
 2563 17ff 00000000 		.long	.LASF297
 2564 1803 0C330000 		.long	0x330c
 2565 1807 0F180000 		.long	0x180f
GAS LISTING /tmp/ccHMMbxq.s 			page 46


 2566 180b 15180000 		.long	0x1815
 2567 180f 03       		.uleb128 0x3
 2568 1810 11330000 		.long	0x3311
 2569 1814 00       		.byte	0
 2570 1815 2B       		.uleb128 0x2b
 2571 1816 00000000 		.long	.LASF296
 2572 181a 3201     		.value	0x132
 2573 181c 00000000 		.long	.LASF298
 2574 1820 FD320000 		.long	0x32fd
 2575 1824 2C180000 		.long	0x182c
 2576 1828 32180000 		.long	0x1832
 2577 182c 03       		.uleb128 0x3
 2578 182d 1B330000 		.long	0x331b
 2579 1831 00       		.byte	0
 2580 1832 1C       		.uleb128 0x1c
 2581 1833 00000000 		.long	.LASF270
 2582 1837 0B       		.byte	0xb
 2583 1838 2901     		.value	0x129
 2584 183a 16       		.byte	0x16
 2585 183b AB140000 		.long	0x14ab
 2586 183f 07       		.uleb128 0x7
 2587 1840 32180000 		.long	0x1832
 2588 1844 2B       		.uleb128 0x2b
 2589 1845 00000000 		.long	.LASF299
 2590 1849 3701     		.value	0x137
 2591 184b 00000000 		.long	.LASF300
 2592 184f 32180000 		.long	0x1832
 2593 1853 5B180000 		.long	0x185b
 2594 1857 61180000 		.long	0x1861
 2595 185b 03       		.uleb128 0x3
 2596 185c 1B330000 		.long	0x331b
 2597 1860 00       		.byte	0
 2598 1861 3A       		.uleb128 0x3a
 2599 1862 00000000 		.long	.LASF301
 2600 1866 3B01     		.value	0x13b
 2601 1868 00000000 		.long	.LASF302
 2602 186c 74180000 		.long	0x1874
 2603 1870 7A180000 		.long	0x187a
 2604 1874 03       		.uleb128 0x3
 2605 1875 11330000 		.long	0x3311
 2606 1879 00       		.byte	0
 2607 187a 19       		.uleb128 0x19
 2608 187b 00000000 		.long	.LASF301
 2609 187f 4101     		.value	0x141
 2610 1881 00000000 		.long	.LASF303
 2611 1885 8D180000 		.long	0x188d
 2612 1889 98180000 		.long	0x1898
 2613 188d 03       		.uleb128 0x3
 2614 188e 11330000 		.long	0x3311
 2615 1892 01       		.uleb128 0x1
 2616 1893 25330000 		.long	0x3325
 2617 1897 00       		.byte	0
 2618 1898 19       		.uleb128 0x19
 2619 1899 00000000 		.long	.LASF301
 2620 189d 4701     		.value	0x147
 2621 189f 00000000 		.long	.LASF304
 2622 18a3 AB180000 		.long	0x18ab
GAS LISTING /tmp/ccHMMbxq.s 			page 47


 2623 18a7 B6180000 		.long	0x18b6
 2624 18ab 03       		.uleb128 0x3
 2625 18ac 11330000 		.long	0x3311
 2626 18b0 01       		.uleb128 0x1
 2627 18b1 2F120000 		.long	0x122f
 2628 18b5 00       		.byte	0
 2629 18b6 19       		.uleb128 0x19
 2630 18b7 00000000 		.long	.LASF301
 2631 18bb 4D01     		.value	0x14d
 2632 18bd 00000000 		.long	.LASF305
 2633 18c1 C9180000 		.long	0x18c9
 2634 18c5 D9180000 		.long	0x18d9
 2635 18c9 03       		.uleb128 0x3
 2636 18ca 11330000 		.long	0x3311
 2637 18ce 01       		.uleb128 0x1
 2638 18cf 2F120000 		.long	0x122f
 2639 18d3 01       		.uleb128 0x1
 2640 18d4 25330000 		.long	0x3325
 2641 18d8 00       		.byte	0
 2642 18d9 3A       		.uleb128 0x3a
 2643 18da 00000000 		.long	.LASF301
 2644 18de 5201     		.value	0x152
 2645 18e0 00000000 		.long	.LASF306
 2646 18e4 EC180000 		.long	0x18ec
 2647 18e8 F7180000 		.long	0x18f7
 2648 18ec 03       		.uleb128 0x3
 2649 18ed 11330000 		.long	0x3311
 2650 18f1 01       		.uleb128 0x1
 2651 18f2 2A330000 		.long	0x332a
 2652 18f6 00       		.byte	0
 2653 18f7 19       		.uleb128 0x19
 2654 18f8 00000000 		.long	.LASF301
 2655 18fc 5701     		.value	0x157
 2656 18fe 00000000 		.long	.LASF307
 2657 1902 0A190000 		.long	0x190a
 2658 1906 15190000 		.long	0x1915
 2659 190a 03       		.uleb128 0x3
 2660 190b 11330000 		.long	0x3311
 2661 190f 01       		.uleb128 0x1
 2662 1910 07330000 		.long	0x3307
 2663 1914 00       		.byte	0
 2664 1915 19       		.uleb128 0x19
 2665 1916 00000000 		.long	.LASF301
 2666 191a 5B01     		.value	0x15b
 2667 191c 00000000 		.long	.LASF308
 2668 1920 28190000 		.long	0x1928
 2669 1924 38190000 		.long	0x1938
 2670 1928 03       		.uleb128 0x3
 2671 1929 11330000 		.long	0x3311
 2672 192d 01       		.uleb128 0x1
 2673 192e 2A330000 		.long	0x332a
 2674 1932 01       		.uleb128 0x1
 2675 1933 25330000 		.long	0x3325
 2676 1937 00       		.byte	0
 2677 1938 19       		.uleb128 0x19
 2678 1939 00000000 		.long	.LASF301
 2679 193d 6901     		.value	0x169
GAS LISTING /tmp/ccHMMbxq.s 			page 48


 2680 193f 00000000 		.long	.LASF309
 2681 1943 4B190000 		.long	0x194b
 2682 1947 5B190000 		.long	0x195b
 2683 194b 03       		.uleb128 0x3
 2684 194c 11330000 		.long	0x3311
 2685 1950 01       		.uleb128 0x1
 2686 1951 25330000 		.long	0x3325
 2687 1955 01       		.uleb128 0x1
 2688 1956 2A330000 		.long	0x332a
 2689 195a 00       		.byte	0
 2690 195b 19       		.uleb128 0x19
 2691 195c 00000000 		.long	.LASF310
 2692 1960 6F01     		.value	0x16f
 2693 1962 00000000 		.long	.LASF311
 2694 1966 6E190000 		.long	0x196e
 2695 196a 79190000 		.long	0x1979
 2696 196e 03       		.uleb128 0x3
 2697 196f 11330000 		.long	0x3311
 2698 1973 03       		.uleb128 0x3
 2699 1974 722C0000 		.long	0x2c72
 2700 1978 00       		.byte	0
 2701 1979 4F       		.uleb128 0x4f
 2702 197a 00000000 		.long	.LASF312
 2703 197e 0B       		.byte	0xb
 2704 197f 7601     		.value	0x176
 2705 1981 14       		.byte	0x14
 2706 1982 26170000 		.long	0x1726
 2707 1986 00       		.byte	0
 2708 1987 2B       		.uleb128 0x2b
 2709 1988 00000000 		.long	.LASF313
 2710 198c 7A01     		.value	0x17a
 2711 198e 00000000 		.long	.LASF314
 2712 1992 1A170000 		.long	0x171a
 2713 1996 9E190000 		.long	0x199e
 2714 199a A9190000 		.long	0x19a9
 2715 199e 03       		.uleb128 0x3
 2716 199f 11330000 		.long	0x3311
 2717 19a3 01       		.uleb128 0x1
 2718 19a4 2F120000 		.long	0x122f
 2719 19a8 00       		.byte	0
 2720 19a9 19       		.uleb128 0x19
 2721 19aa 00000000 		.long	.LASF315
 2722 19ae 8201     		.value	0x182
 2723 19b0 00000000 		.long	.LASF316
 2724 19b4 BC190000 		.long	0x19bc
 2725 19b8 CC190000 		.long	0x19cc
 2726 19bc 03       		.uleb128 0x3
 2727 19bd 11330000 		.long	0x3311
 2728 19c1 01       		.uleb128 0x1
 2729 19c2 1A170000 		.long	0x171a
 2730 19c6 01       		.uleb128 0x1
 2731 19c7 2F120000 		.long	0x122f
 2732 19cb 00       		.byte	0
 2733 19cc 0A       		.uleb128 0xa
 2734 19cd 00000000 		.long	.LASF317
 2735 19d1 0B       		.byte	0xb
 2736 19d2 8C01     		.value	0x18c
GAS LISTING /tmp/ccHMMbxq.s 			page 49


 2737 19d4 07       		.byte	0x7
 2738 19d5 00000000 		.long	.LASF318
 2739 19d9 02       		.byte	0x2
 2740 19da E2190000 		.long	0x19e2
 2741 19de ED190000 		.long	0x19ed
 2742 19e2 03       		.uleb128 0x3
 2743 19e3 11330000 		.long	0x3311
 2744 19e7 01       		.uleb128 0x1
 2745 19e8 2F120000 		.long	0x122f
 2746 19ec 00       		.byte	0
 2747 19ed 08       		.uleb128 0x8
 2748 19ee 5F547000 		.string	"_Tp"
 2749 19f2 61320000 		.long	0x3261
 2750 19f6 0B       		.uleb128 0xb
 2751 19f7 00000000 		.long	.LASF319
 2752 19fb AB140000 		.long	0x14ab
 2753 19ff 00       		.byte	0
 2754 1a00 07       		.uleb128 0x7
 2755 1a01 6C160000 		.long	0x166c
 2756 1a05 15       		.uleb128 0x15
 2757 1a06 00000000 		.long	.LASF320
 2758 1a0a 01       		.byte	0x1
 2759 1a0b 03       		.byte	0x3
 2760 1a0c 8B       		.byte	0x8b
 2761 1a0d 0C       		.byte	0xc
 2762 1a0e 281A0000 		.long	0x1a28
 2763 1a12 0F       		.uleb128 0xf
 2764 1a13 00000000 		.long	.LASF321
 2765 1a17 03       		.byte	0x3
 2766 1a18 8C       		.byte	0x8c
 2767 1a19 0D       		.byte	0xd
 2768 1a1a AB140000 		.long	0x14ab
 2769 1a1e 0B       		.uleb128 0xb
 2770 1a1f 00000000 		.long	.LASF322
 2771 1a23 AB140000 		.long	0x14ab
 2772 1a27 00       		.byte	0
 2773 1a28 3B       		.uleb128 0x3b
 2774 1a29 00000000 		.long	.LASF323
 2775 1a2d 18       		.byte	0x18
 2776 1a2e 0B       		.byte	0xb
 2777 1a2f AC01     		.value	0x1ac
 2778 1a31 44260000 		.long	0x2644
 2779 1a35 21       		.uleb128 0x21
 2780 1a36 0B       		.byte	0xb
 2781 1a37 AC01     		.value	0x1ac
 2782 1a39 87190000 		.long	0x1987
 2783 1a3d 21       		.uleb128 0x21
 2784 1a3e 0B       		.byte	0xb
 2785 1a3f AC01     		.value	0x1ac
 2786 1a41 A9190000 		.long	0x19a9
 2787 1a45 21       		.uleb128 0x21
 2788 1a46 0B       		.byte	0xb
 2789 1a47 AC01     		.value	0x1ac
 2790 1a49 79190000 		.long	0x1979
 2791 1a4d 21       		.uleb128 0x21
 2792 1a4e 0B       		.byte	0xb
 2793 1a4f AC01     		.value	0x1ac
GAS LISTING /tmp/ccHMMbxq.s 			page 50


 2794 1a51 15180000 		.long	0x1815
 2795 1a55 21       		.uleb128 0x21
 2796 1a56 0B       		.byte	0xb
 2797 1a57 AC01     		.value	0x1ac
 2798 1a59 F8170000 		.long	0x17f8
 2799 1a5d 21       		.uleb128 0x21
 2800 1a5e 0B       		.byte	0xb
 2801 1a5f AC01     		.value	0x1ac
 2802 1a61 44180000 		.long	0x1844
 2803 1a65 38       		.uleb128 0x38
 2804 1a66 6C160000 		.long	0x166c
 2805 1a6a 02       		.byte	0x2
 2806 1a6b 04       		.uleb128 0x4
 2807 1a6c 00000000 		.long	.LASF324
 2808 1a70 0B       		.byte	0xb
 2809 1a71 D601     		.value	0x1d6
 2810 1a73 07       		.byte	0x7
 2811 1a74 00000000 		.long	.LASF325
 2812 1a78 A42E0000 		.long	0x2ea4
 2813 1a7c 861A0000 		.long	0x1a86
 2814 1a80 01       		.uleb128 0x1
 2815 1a81 97120000 		.long	0x1297
 2816 1a85 00       		.byte	0
 2817 1a86 04       		.uleb128 0x4
 2818 1a87 00000000 		.long	.LASF324
 2819 1a8b 0B       		.byte	0xb
 2820 1a8c DF01     		.value	0x1df
 2821 1a8e 07       		.byte	0x7
 2822 1a8f 00000000 		.long	.LASF326
 2823 1a93 A42E0000 		.long	0x2ea4
 2824 1a97 A11A0000 		.long	0x1aa1
 2825 1a9b 01       		.uleb128 0x1
 2826 1a9c 23120000 		.long	0x1223
 2827 1aa0 00       		.byte	0
 2828 1aa1 50       		.uleb128 0x50
 2829 1aa2 00000000 		.long	.LASF461
 2830 1aa6 0B       		.byte	0xb
 2831 1aa7 E301     		.value	0x1e3
 2832 1aa9 07       		.byte	0x7
 2833 1aaa 00000000 		.long	.LASF625
 2834 1aae A42E0000 		.long	0x2ea4
 2835 1ab2 16       		.uleb128 0x16
 2836 1ab3 00000000 		.long	.LASF240
 2837 1ab7 0B       		.byte	0xb
 2838 1ab8 C601     		.value	0x1c6
 2839 1aba 29       		.byte	0x29
 2840 1abb 1A170000 		.long	0x171a
 2841 1abf 04       		.uleb128 0x4
 2842 1ac0 00000000 		.long	.LASF327
 2843 1ac4 0B       		.byte	0xb
 2844 1ac5 EC01     		.value	0x1ec
 2845 1ac7 07       		.byte	0x7
 2846 1ac8 00000000 		.long	.LASF328
 2847 1acc B21A0000 		.long	0x1ab2
 2848 1ad0 EE1A0000 		.long	0x1aee
 2849 1ad4 01       		.uleb128 0x1
 2850 1ad5 B21A0000 		.long	0x1ab2
GAS LISTING /tmp/ccHMMbxq.s 			page 51


 2851 1ad9 01       		.uleb128 0x1
 2852 1ada B21A0000 		.long	0x1ab2
 2853 1ade 01       		.uleb128 0x1
 2854 1adf B21A0000 		.long	0x1ab2
 2855 1ae3 01       		.uleb128 0x1
 2856 1ae4 2F330000 		.long	0x332f
 2857 1ae8 01       		.uleb128 0x1
 2858 1ae9 97120000 		.long	0x1297
 2859 1aed 00       		.byte	0
 2860 1aee 1C       		.uleb128 0x1c
 2861 1aef 00000000 		.long	.LASF295
 2862 1af3 0B       		.byte	0xb
 2863 1af4 C101     		.value	0x1c1
 2864 1af6 2F       		.byte	0x2f
 2865 1af7 E7170000 		.long	0x17e7
 2866 1afb 07       		.uleb128 0x7
 2867 1afc EE1A0000 		.long	0x1aee
 2868 1b00 04       		.uleb128 0x4
 2869 1b01 00000000 		.long	.LASF327
 2870 1b05 0B       		.byte	0xb
 2871 1b06 F301     		.value	0x1f3
 2872 1b08 07       		.byte	0x7
 2873 1b09 00000000 		.long	.LASF329
 2874 1b0d B21A0000 		.long	0x1ab2
 2875 1b11 2F1B0000 		.long	0x1b2f
 2876 1b15 01       		.uleb128 0x1
 2877 1b16 B21A0000 		.long	0x1ab2
 2878 1b1a 01       		.uleb128 0x1
 2879 1b1b B21A0000 		.long	0x1ab2
 2880 1b1f 01       		.uleb128 0x1
 2881 1b20 B21A0000 		.long	0x1ab2
 2882 1b24 01       		.uleb128 0x1
 2883 1b25 2F330000 		.long	0x332f
 2884 1b29 01       		.uleb128 0x1
 2885 1b2a 23120000 		.long	0x1223
 2886 1b2e 00       		.byte	0
 2887 1b2f 04       		.uleb128 0x4
 2888 1b30 00000000 		.long	.LASF330
 2889 1b34 0B       		.byte	0xb
 2890 1b35 F801     		.value	0x1f8
 2891 1b37 07       		.byte	0x7
 2892 1b38 00000000 		.long	.LASF331
 2893 1b3c B21A0000 		.long	0x1ab2
 2894 1b40 591B0000 		.long	0x1b59
 2895 1b44 01       		.uleb128 0x1
 2896 1b45 B21A0000 		.long	0x1ab2
 2897 1b49 01       		.uleb128 0x1
 2898 1b4a B21A0000 		.long	0x1ab2
 2899 1b4e 01       		.uleb128 0x1
 2900 1b4f B21A0000 		.long	0x1ab2
 2901 1b53 01       		.uleb128 0x1
 2902 1b54 2F330000 		.long	0x332f
 2903 1b58 00       		.byte	0
 2904 1b59 3C       		.uleb128 0x3c
 2905 1b5a 00000000 		.long	.LASF332
 2906 1b5e 1302     		.value	0x213
 2907 1b60 00000000 		.long	.LASF333
GAS LISTING /tmp/ccHMMbxq.s 			page 52


 2908 1b64 6C1B0000 		.long	0x1b6c
 2909 1b68 721B0000 		.long	0x1b72
 2910 1b6c 03       		.uleb128 0x3
 2911 1b6d 34330000 		.long	0x3334
 2912 1b71 00       		.byte	0
 2913 1b72 30       		.uleb128 0x30
 2914 1b73 00000000 		.long	.LASF332
 2915 1b77 0B       		.byte	0xb
 2916 1b78 1E02     		.value	0x21e
 2917 1b7a 00000000 		.long	.LASF334
 2918 1b7e 861B0000 		.long	0x1b86
 2919 1b82 911B0000 		.long	0x1b91
 2920 1b86 03       		.uleb128 0x3
 2921 1b87 34330000 		.long	0x3334
 2922 1b8b 01       		.uleb128 0x1
 2923 1b8c 3E330000 		.long	0x333e
 2924 1b90 00       		.byte	0
 2925 1b91 16       		.uleb128 0x16
 2926 1b92 00000000 		.long	.LASF270
 2927 1b96 0B       		.byte	0xb
 2928 1b97 D101     		.value	0x1d1
 2929 1b99 1A       		.byte	0x1a
 2930 1b9a AB140000 		.long	0x14ab
 2931 1b9e 07       		.uleb128 0x7
 2932 1b9f 911B0000 		.long	0x1b91
 2933 1ba3 30       		.uleb128 0x30
 2934 1ba4 00000000 		.long	.LASF332
 2935 1ba8 0B       		.byte	0xb
 2936 1ba9 2C02     		.value	0x22c
 2937 1bab 00000000 		.long	.LASF335
 2938 1baf B71B0000 		.long	0x1bb7
 2939 1bb3 C71B0000 		.long	0x1bc7
 2940 1bb7 03       		.uleb128 0x3
 2941 1bb8 34330000 		.long	0x3334
 2942 1bbc 01       		.uleb128 0x1
 2943 1bbd C71B0000 		.long	0x1bc7
 2944 1bc1 01       		.uleb128 0x1
 2945 1bc2 3E330000 		.long	0x333e
 2946 1bc6 00       		.byte	0
 2947 1bc7 16       		.uleb128 0x16
 2948 1bc8 00000000 		.long	.LASF249
 2949 1bcc 0B       		.byte	0xb
 2950 1bcd CF01     		.value	0x1cf
 2951 1bcf 1A       		.byte	0x1a
 2952 1bd0 2F120000 		.long	0x122f
 2953 1bd4 07       		.uleb128 0x7
 2954 1bd5 C71B0000 		.long	0x1bc7
 2955 1bd9 0A       		.uleb128 0xa
 2956 1bda 00000000 		.long	.LASF332
 2957 1bde 0B       		.byte	0xb
 2958 1bdf 3902     		.value	0x239
 2959 1be1 07       		.byte	0x7
 2960 1be2 00000000 		.long	.LASF336
 2961 1be6 01       		.byte	0x1
 2962 1be7 EF1B0000 		.long	0x1bef
 2963 1beb 041C0000 		.long	0x1c04
 2964 1bef 03       		.uleb128 0x3
GAS LISTING /tmp/ccHMMbxq.s 			page 53


 2965 1bf0 34330000 		.long	0x3334
 2966 1bf4 01       		.uleb128 0x1
 2967 1bf5 C71B0000 		.long	0x1bc7
 2968 1bf9 01       		.uleb128 0x1
 2969 1bfa 43330000 		.long	0x3343
 2970 1bfe 01       		.uleb128 0x1
 2971 1bff 3E330000 		.long	0x333e
 2972 1c03 00       		.byte	0
 2973 1c04 16       		.uleb128 0x16
 2974 1c05 00000000 		.long	.LASF221
 2975 1c09 0B       		.byte	0xb
 2976 1c0a C501     		.value	0x1c5
 2977 1c0c 17       		.byte	0x17
 2978 1c0d 61320000 		.long	0x3261
 2979 1c11 07       		.uleb128 0x7
 2980 1c12 041C0000 		.long	0x1c04
 2981 1c16 0A       		.uleb128 0xa
 2982 1c17 00000000 		.long	.LASF332
 2983 1c1b 0B       		.byte	0xb
 2984 1c1c 5902     		.value	0x259
 2985 1c1e 07       		.byte	0x7
 2986 1c1f 00000000 		.long	.LASF337
 2987 1c23 01       		.byte	0x1
 2988 1c24 2C1C0000 		.long	0x1c2c
 2989 1c28 371C0000 		.long	0x1c37
 2990 1c2c 03       		.uleb128 0x3
 2991 1c2d 34330000 		.long	0x3334
 2992 1c31 01       		.uleb128 0x1
 2993 1c32 48330000 		.long	0x3348
 2994 1c36 00       		.byte	0
 2995 1c37 3C       		.uleb128 0x3c
 2996 1c38 00000000 		.long	.LASF332
 2997 1c3c 6C02     		.value	0x26c
 2998 1c3e 00000000 		.long	.LASF338
 2999 1c42 4A1C0000 		.long	0x1c4a
 3000 1c46 551C0000 		.long	0x1c55
 3001 1c4a 03       		.uleb128 0x3
 3002 1c4b 34330000 		.long	0x3334
 3003 1c4f 01       		.uleb128 0x1
 3004 1c50 4D330000 		.long	0x334d
 3005 1c54 00       		.byte	0
 3006 1c55 0A       		.uleb128 0xa
 3007 1c56 00000000 		.long	.LASF332
 3008 1c5a 0B       		.byte	0xb
 3009 1c5b 7002     		.value	0x270
 3010 1c5d 07       		.byte	0x7
 3011 1c5e 00000000 		.long	.LASF339
 3012 1c62 01       		.byte	0x1
 3013 1c63 6B1C0000 		.long	0x1c6b
 3014 1c67 7B1C0000 		.long	0x1c7b
 3015 1c6b 03       		.uleb128 0x3
 3016 1c6c 34330000 		.long	0x3334
 3017 1c70 01       		.uleb128 0x1
 3018 1c71 48330000 		.long	0x3348
 3019 1c75 01       		.uleb128 0x1
 3020 1c76 52330000 		.long	0x3352
 3021 1c7a 00       		.byte	0
GAS LISTING /tmp/ccHMMbxq.s 			page 54


 3022 1c7b 19       		.uleb128 0x19
 3023 1c7c 00000000 		.long	.LASF332
 3024 1c80 7B02     		.value	0x27b
 3025 1c82 00000000 		.long	.LASF340
 3026 1c86 8E1C0000 		.long	0x1c8e
 3027 1c8a A31C0000 		.long	0x1ca3
 3028 1c8e 03       		.uleb128 0x3
 3029 1c8f 34330000 		.long	0x3334
 3030 1c93 01       		.uleb128 0x1
 3031 1c94 4D330000 		.long	0x334d
 3032 1c98 01       		.uleb128 0x1
 3033 1c99 3E330000 		.long	0x333e
 3034 1c9d 01       		.uleb128 0x1
 3035 1c9e 97120000 		.long	0x1297
 3036 1ca2 00       		.byte	0
 3037 1ca3 19       		.uleb128 0x19
 3038 1ca4 00000000 		.long	.LASF332
 3039 1ca8 8002     		.value	0x280
 3040 1caa 00000000 		.long	.LASF341
 3041 1cae B61C0000 		.long	0x1cb6
 3042 1cb2 CB1C0000 		.long	0x1ccb
 3043 1cb6 03       		.uleb128 0x3
 3044 1cb7 34330000 		.long	0x3334
 3045 1cbb 01       		.uleb128 0x1
 3046 1cbc 4D330000 		.long	0x334d
 3047 1cc0 01       		.uleb128 0x1
 3048 1cc1 3E330000 		.long	0x333e
 3049 1cc5 01       		.uleb128 0x1
 3050 1cc6 23120000 		.long	0x1223
 3051 1cca 00       		.byte	0
 3052 1ccb 0A       		.uleb128 0xa
 3053 1ccc 00000000 		.long	.LASF332
 3054 1cd0 0B       		.byte	0xb
 3055 1cd1 9302     		.value	0x293
 3056 1cd3 07       		.byte	0x7
 3057 1cd4 00000000 		.long	.LASF342
 3058 1cd8 01       		.byte	0x1
 3059 1cd9 E11C0000 		.long	0x1ce1
 3060 1cdd F11C0000 		.long	0x1cf1
 3061 1ce1 03       		.uleb128 0x3
 3062 1ce2 34330000 		.long	0x3334
 3063 1ce6 01       		.uleb128 0x1
 3064 1ce7 4D330000 		.long	0x334d
 3065 1ceb 01       		.uleb128 0x1
 3066 1cec 52330000 		.long	0x3352
 3067 1cf0 00       		.byte	0
 3068 1cf1 0A       		.uleb128 0xa
 3069 1cf2 00000000 		.long	.LASF332
 3070 1cf6 0B       		.byte	0xb
 3071 1cf7 A602     		.value	0x2a6
 3072 1cf9 07       		.byte	0x7
 3073 1cfa 00000000 		.long	.LASF343
 3074 1cfe 01       		.byte	0x1
 3075 1cff 071D0000 		.long	0x1d07
 3076 1d03 171D0000 		.long	0x1d17
 3077 1d07 03       		.uleb128 0x3
 3078 1d08 34330000 		.long	0x3334
GAS LISTING /tmp/ccHMMbxq.s 			page 55


 3079 1d0c 01       		.uleb128 0x1
 3080 1d0d 5A260000 		.long	0x265a
 3081 1d11 01       		.uleb128 0x1
 3082 1d12 3E330000 		.long	0x333e
 3083 1d16 00       		.byte	0
 3084 1d17 0A       		.uleb128 0xa
 3085 1d18 00000000 		.long	.LASF344
 3086 1d1c 0B       		.byte	0xb
 3087 1d1d DD02     		.value	0x2dd
 3088 1d1f 07       		.byte	0x7
 3089 1d20 00000000 		.long	.LASF345
 3090 1d24 01       		.byte	0x1
 3091 1d25 2D1D0000 		.long	0x1d2d
 3092 1d29 381D0000 		.long	0x1d38
 3093 1d2d 03       		.uleb128 0x3
 3094 1d2e 34330000 		.long	0x3334
 3095 1d32 03       		.uleb128 0x3
 3096 1d33 722C0000 		.long	0x2c72
 3097 1d37 00       		.byte	0
 3098 1d38 20       		.uleb128 0x20
 3099 1d39 00000000 		.long	.LASF263
 3100 1d3d 0C       		.byte	0xc
 3101 1d3e D2       		.byte	0xd2
 3102 1d3f 05       		.byte	0x5
 3103 1d40 00000000 		.long	.LASF346
 3104 1d44 57330000 		.long	0x3357
 3105 1d48 01       		.byte	0x1
 3106 1d49 511D0000 		.long	0x1d51
 3107 1d4d 5C1D0000 		.long	0x1d5c
 3108 1d51 03       		.uleb128 0x3
 3109 1d52 34330000 		.long	0x3334
 3110 1d56 01       		.uleb128 0x1
 3111 1d57 48330000 		.long	0x3348
 3112 1d5b 00       		.byte	0
 3113 1d5c 05       		.uleb128 0x5
 3114 1d5d 00000000 		.long	.LASF263
 3115 1d61 0B       		.byte	0xb
 3116 1d62 FE02     		.value	0x2fe
 3117 1d64 07       		.byte	0x7
 3118 1d65 00000000 		.long	.LASF347
 3119 1d69 57330000 		.long	0x3357
 3120 1d6d 01       		.byte	0x1
 3121 1d6e 761D0000 		.long	0x1d76
 3122 1d72 811D0000 		.long	0x1d81
 3123 1d76 03       		.uleb128 0x3
 3124 1d77 34330000 		.long	0x3334
 3125 1d7b 01       		.uleb128 0x1
 3126 1d7c 4D330000 		.long	0x334d
 3127 1d80 00       		.byte	0
 3128 1d81 05       		.uleb128 0x5
 3129 1d82 00000000 		.long	.LASF263
 3130 1d86 0B       		.byte	0xb
 3131 1d87 1403     		.value	0x314
 3132 1d89 07       		.byte	0x7
 3133 1d8a 00000000 		.long	.LASF348
 3134 1d8e 57330000 		.long	0x3357
 3135 1d92 01       		.byte	0x1
GAS LISTING /tmp/ccHMMbxq.s 			page 56


 3136 1d93 9B1D0000 		.long	0x1d9b
 3137 1d97 A61D0000 		.long	0x1da6
 3138 1d9b 03       		.uleb128 0x3
 3139 1d9c 34330000 		.long	0x3334
 3140 1da0 01       		.uleb128 0x1
 3141 1da1 5A260000 		.long	0x265a
 3142 1da5 00       		.byte	0
 3143 1da6 0A       		.uleb128 0xa
 3144 1da7 00000000 		.long	.LASF349
 3145 1dab 0B       		.byte	0xb
 3146 1dac 2803     		.value	0x328
 3147 1dae 07       		.byte	0x7
 3148 1daf 00000000 		.long	.LASF350
 3149 1db3 01       		.byte	0x1
 3150 1db4 BC1D0000 		.long	0x1dbc
 3151 1db8 CC1D0000 		.long	0x1dcc
 3152 1dbc 03       		.uleb128 0x3
 3153 1dbd 34330000 		.long	0x3334
 3154 1dc1 01       		.uleb128 0x1
 3155 1dc2 C71B0000 		.long	0x1bc7
 3156 1dc6 01       		.uleb128 0x1
 3157 1dc7 43330000 		.long	0x3343
 3158 1dcb 00       		.byte	0
 3159 1dcc 0A       		.uleb128 0xa
 3160 1dcd 00000000 		.long	.LASF349
 3161 1dd1 0B       		.byte	0xb
 3162 1dd2 5703     		.value	0x357
 3163 1dd4 07       		.byte	0x7
 3164 1dd5 00000000 		.long	.LASF351
 3165 1dd9 01       		.byte	0x1
 3166 1dda E21D0000 		.long	0x1de2
 3167 1dde ED1D0000 		.long	0x1ded
 3168 1de2 03       		.uleb128 0x3
 3169 1de3 34330000 		.long	0x3334
 3170 1de7 01       		.uleb128 0x1
 3171 1de8 5A260000 		.long	0x265a
 3172 1dec 00       		.byte	0
 3173 1ded 16       		.uleb128 0x16
 3174 1dee 00000000 		.long	.LASF352
 3175 1df2 0B       		.byte	0xb
 3176 1df3 CA01     		.value	0x1ca
 3177 1df5 3D       		.byte	0x3d
 3178 1df6 99290000 		.long	0x2999
 3179 1dfa 05       		.uleb128 0x5
 3180 1dfb 00000000 		.long	.LASF353
 3181 1dff 0B       		.byte	0xb
 3182 1e00 6903     		.value	0x369
 3183 1e02 07       		.byte	0x7
 3184 1e03 00000000 		.long	.LASF354
 3185 1e07 ED1D0000 		.long	0x1ded
 3186 1e0b 01       		.byte	0x1
 3187 1e0c 141E0000 		.long	0x1e14
 3188 1e10 1A1E0000 		.long	0x1e1a
 3189 1e14 03       		.uleb128 0x3
 3190 1e15 34330000 		.long	0x3334
 3191 1e19 00       		.byte	0
 3192 1e1a 16       		.uleb128 0x16
GAS LISTING /tmp/ccHMMbxq.s 			page 57


 3193 1e1b 00000000 		.long	.LASF355
 3194 1e1f 0B       		.byte	0xb
 3195 1e20 CC01     		.value	0x1cc
 3196 1e22 07       		.byte	0x7
 3197 1e23 D22B0000 		.long	0x2bd2
 3198 1e27 05       		.uleb128 0x5
 3199 1e28 00000000 		.long	.LASF353
 3200 1e2c 0B       		.byte	0xb
 3201 1e2d 7303     		.value	0x373
 3202 1e2f 07       		.byte	0x7
 3203 1e30 00000000 		.long	.LASF356
 3204 1e34 1A1E0000 		.long	0x1e1a
 3205 1e38 01       		.byte	0x1
 3206 1e39 411E0000 		.long	0x1e41
 3207 1e3d 471E0000 		.long	0x1e47
 3208 1e41 03       		.uleb128 0x3
 3209 1e42 5C330000 		.long	0x335c
 3210 1e46 00       		.byte	0
 3211 1e47 2C       		.uleb128 0x2c
 3212 1e48 656E6400 		.string	"end"
 3213 1e4c 7D03     		.value	0x37d
 3214 1e4e 00000000 		.long	.LASF357
 3215 1e52 ED1D0000 		.long	0x1ded
 3216 1e56 5E1E0000 		.long	0x1e5e
 3217 1e5a 641E0000 		.long	0x1e64
 3218 1e5e 03       		.uleb128 0x3
 3219 1e5f 34330000 		.long	0x3334
 3220 1e63 00       		.byte	0
 3221 1e64 2C       		.uleb128 0x2c
 3222 1e65 656E6400 		.string	"end"
 3223 1e69 8703     		.value	0x387
 3224 1e6b 00000000 		.long	.LASF358
 3225 1e6f 1A1E0000 		.long	0x1e1a
 3226 1e73 7B1E0000 		.long	0x1e7b
 3227 1e77 811E0000 		.long	0x1e81
 3228 1e7b 03       		.uleb128 0x3
 3229 1e7c 5C330000 		.long	0x335c
 3230 1e80 00       		.byte	0
 3231 1e81 16       		.uleb128 0x16
 3232 1e82 00000000 		.long	.LASF359
 3233 1e86 0B       		.byte	0xb
 3234 1e87 CE01     		.value	0x1ce
 3235 1e89 30       		.byte	0x30
 3236 1e8a 5F260000 		.long	0x265f
 3237 1e8e 05       		.uleb128 0x5
 3238 1e8f 00000000 		.long	.LASF360
 3239 1e93 0B       		.byte	0xb
 3240 1e94 9103     		.value	0x391
 3241 1e96 07       		.byte	0x7
 3242 1e97 00000000 		.long	.LASF361
 3243 1e9b 811E0000 		.long	0x1e81
 3244 1e9f 01       		.byte	0x1
 3245 1ea0 A81E0000 		.long	0x1ea8
 3246 1ea4 AE1E0000 		.long	0x1eae
 3247 1ea8 03       		.uleb128 0x3
 3248 1ea9 34330000 		.long	0x3334
 3249 1ead 00       		.byte	0
GAS LISTING /tmp/ccHMMbxq.s 			page 58


 3250 1eae 16       		.uleb128 0x16
 3251 1eaf 00000000 		.long	.LASF362
 3252 1eb3 0B       		.byte	0xb
 3253 1eb4 CD01     		.value	0x1cd
 3254 1eb6 35       		.byte	0x35
 3255 1eb7 64260000 		.long	0x2664
 3256 1ebb 05       		.uleb128 0x5
 3257 1ebc 00000000 		.long	.LASF360
 3258 1ec0 0B       		.byte	0xb
 3259 1ec1 9B03     		.value	0x39b
 3260 1ec3 07       		.byte	0x7
 3261 1ec4 00000000 		.long	.LASF363
 3262 1ec8 AE1E0000 		.long	0x1eae
 3263 1ecc 01       		.byte	0x1
 3264 1ecd D51E0000 		.long	0x1ed5
 3265 1ed1 DB1E0000 		.long	0x1edb
 3266 1ed5 03       		.uleb128 0x3
 3267 1ed6 5C330000 		.long	0x335c
 3268 1eda 00       		.byte	0
 3269 1edb 05       		.uleb128 0x5
 3270 1edc 00000000 		.long	.LASF364
 3271 1ee0 0B       		.byte	0xb
 3272 1ee1 A503     		.value	0x3a5
 3273 1ee3 07       		.byte	0x7
 3274 1ee4 00000000 		.long	.LASF365
 3275 1ee8 811E0000 		.long	0x1e81
 3276 1eec 01       		.byte	0x1
 3277 1eed F51E0000 		.long	0x1ef5
 3278 1ef1 FB1E0000 		.long	0x1efb
 3279 1ef5 03       		.uleb128 0x3
 3280 1ef6 34330000 		.long	0x3334
 3281 1efa 00       		.byte	0
 3282 1efb 05       		.uleb128 0x5
 3283 1efc 00000000 		.long	.LASF364
 3284 1f00 0B       		.byte	0xb
 3285 1f01 AF03     		.value	0x3af
 3286 1f03 07       		.byte	0x7
 3287 1f04 00000000 		.long	.LASF366
 3288 1f08 AE1E0000 		.long	0x1eae
 3289 1f0c 01       		.byte	0x1
 3290 1f0d 151F0000 		.long	0x1f15
 3291 1f11 1B1F0000 		.long	0x1f1b
 3292 1f15 03       		.uleb128 0x3
 3293 1f16 5C330000 		.long	0x335c
 3294 1f1a 00       		.byte	0
 3295 1f1b 05       		.uleb128 0x5
 3296 1f1c 00000000 		.long	.LASF367
 3297 1f20 0B       		.byte	0xb
 3298 1f21 BA03     		.value	0x3ba
 3299 1f23 07       		.byte	0x7
 3300 1f24 00000000 		.long	.LASF368
 3301 1f28 1A1E0000 		.long	0x1e1a
 3302 1f2c 01       		.byte	0x1
 3303 1f2d 351F0000 		.long	0x1f35
 3304 1f31 3B1F0000 		.long	0x1f3b
 3305 1f35 03       		.uleb128 0x3
 3306 1f36 5C330000 		.long	0x335c
GAS LISTING /tmp/ccHMMbxq.s 			page 59


 3307 1f3a 00       		.byte	0
 3308 1f3b 05       		.uleb128 0x5
 3309 1f3c 00000000 		.long	.LASF369
 3310 1f40 0B       		.byte	0xb
 3311 1f41 C403     		.value	0x3c4
 3312 1f43 07       		.byte	0x7
 3313 1f44 00000000 		.long	.LASF370
 3314 1f48 1A1E0000 		.long	0x1e1a
 3315 1f4c 01       		.byte	0x1
 3316 1f4d 551F0000 		.long	0x1f55
 3317 1f51 5B1F0000 		.long	0x1f5b
 3318 1f55 03       		.uleb128 0x3
 3319 1f56 5C330000 		.long	0x335c
 3320 1f5a 00       		.byte	0
 3321 1f5b 05       		.uleb128 0x5
 3322 1f5c 00000000 		.long	.LASF371
 3323 1f60 0B       		.byte	0xb
 3324 1f61 CE03     		.value	0x3ce
 3325 1f63 07       		.byte	0x7
 3326 1f64 00000000 		.long	.LASF372
 3327 1f68 AE1E0000 		.long	0x1eae
 3328 1f6c 01       		.byte	0x1
 3329 1f6d 751F0000 		.long	0x1f75
 3330 1f71 7B1F0000 		.long	0x1f7b
 3331 1f75 03       		.uleb128 0x3
 3332 1f76 5C330000 		.long	0x335c
 3333 1f7a 00       		.byte	0
 3334 1f7b 05       		.uleb128 0x5
 3335 1f7c 00000000 		.long	.LASF373
 3336 1f80 0B       		.byte	0xb
 3337 1f81 D803     		.value	0x3d8
 3338 1f83 07       		.byte	0x7
 3339 1f84 00000000 		.long	.LASF374
 3340 1f88 AE1E0000 		.long	0x1eae
 3341 1f8c 01       		.byte	0x1
 3342 1f8d 951F0000 		.long	0x1f95
 3343 1f91 9B1F0000 		.long	0x1f9b
 3344 1f95 03       		.uleb128 0x3
 3345 1f96 5C330000 		.long	0x335c
 3346 1f9a 00       		.byte	0
 3347 1f9b 05       		.uleb128 0x5
 3348 1f9c 00000000 		.long	.LASF375
 3349 1fa0 0B       		.byte	0xb
 3350 1fa1 E003     		.value	0x3e0
 3351 1fa3 07       		.byte	0x7
 3352 1fa4 00000000 		.long	.LASF376
 3353 1fa8 C71B0000 		.long	0x1bc7
 3354 1fac 01       		.byte	0x1
 3355 1fad B51F0000 		.long	0x1fb5
 3356 1fb1 BB1F0000 		.long	0x1fbb
 3357 1fb5 03       		.uleb128 0x3
 3358 1fb6 5C330000 		.long	0x335c
 3359 1fba 00       		.byte	0
 3360 1fbb 05       		.uleb128 0x5
 3361 1fbc 00000000 		.long	.LASF252
 3362 1fc0 0B       		.byte	0xb
 3363 1fc1 E603     		.value	0x3e6
GAS LISTING /tmp/ccHMMbxq.s 			page 60


 3364 1fc3 07       		.byte	0x7
 3365 1fc4 00000000 		.long	.LASF377
 3366 1fc8 C71B0000 		.long	0x1bc7
 3367 1fcc 01       		.byte	0x1
 3368 1fcd D51F0000 		.long	0x1fd5
 3369 1fd1 DB1F0000 		.long	0x1fdb
 3370 1fd5 03       		.uleb128 0x3
 3371 1fd6 5C330000 		.long	0x335c
 3372 1fda 00       		.byte	0
 3373 1fdb 0A       		.uleb128 0xa
 3374 1fdc 00000000 		.long	.LASF378
 3375 1fe0 0B       		.byte	0xb
 3376 1fe1 F503     		.value	0x3f5
 3377 1fe3 07       		.byte	0x7
 3378 1fe4 00000000 		.long	.LASF379
 3379 1fe8 01       		.byte	0x1
 3380 1fe9 F11F0000 		.long	0x1ff1
 3381 1fed FC1F0000 		.long	0x1ffc
 3382 1ff1 03       		.uleb128 0x3
 3383 1ff2 34330000 		.long	0x3334
 3384 1ff6 01       		.uleb128 0x1
 3385 1ff7 C71B0000 		.long	0x1bc7
 3386 1ffb 00       		.byte	0
 3387 1ffc 0A       		.uleb128 0xa
 3388 1ffd 00000000 		.long	.LASF378
 3389 2001 0B       		.byte	0xb
 3390 2002 0A04     		.value	0x40a
 3391 2004 07       		.byte	0x7
 3392 2005 00000000 		.long	.LASF380
 3393 2009 01       		.byte	0x1
 3394 200a 12200000 		.long	0x2012
 3395 200e 22200000 		.long	0x2022
 3396 2012 03       		.uleb128 0x3
 3397 2013 34330000 		.long	0x3334
 3398 2017 01       		.uleb128 0x1
 3399 2018 C71B0000 		.long	0x1bc7
 3400 201c 01       		.uleb128 0x1
 3401 201d 43330000 		.long	0x3343
 3402 2021 00       		.byte	0
 3403 2022 0A       		.uleb128 0xa
 3404 2023 00000000 		.long	.LASF381
 3405 2027 0B       		.byte	0xb
 3406 2028 2C04     		.value	0x42c
 3407 202a 07       		.byte	0x7
 3408 202b 00000000 		.long	.LASF382
 3409 202f 01       		.byte	0x1
 3410 2030 38200000 		.long	0x2038
 3411 2034 3E200000 		.long	0x203e
 3412 2038 03       		.uleb128 0x3
 3413 2039 34330000 		.long	0x3334
 3414 203d 00       		.byte	0
 3415 203e 05       		.uleb128 0x5
 3416 203f 00000000 		.long	.LASF383
 3417 2043 0B       		.byte	0xb
 3418 2044 3604     		.value	0x436
 3419 2046 07       		.byte	0x7
 3420 2047 00000000 		.long	.LASF384
GAS LISTING /tmp/ccHMMbxq.s 			page 61


 3421 204b C71B0000 		.long	0x1bc7
 3422 204f 01       		.byte	0x1
 3423 2050 58200000 		.long	0x2058
 3424 2054 5E200000 		.long	0x205e
 3425 2058 03       		.uleb128 0x3
 3426 2059 5C330000 		.long	0x335c
 3427 205d 00       		.byte	0
 3428 205e 05       		.uleb128 0x5
 3429 205f 00000000 		.long	.LASF385
 3430 2063 0B       		.byte	0xb
 3431 2064 4004     		.value	0x440
 3432 2066 07       		.byte	0x7
 3433 2067 00000000 		.long	.LASF386
 3434 206b A42E0000 		.long	0x2ea4
 3435 206f 01       		.byte	0x1
 3436 2070 78200000 		.long	0x2078
 3437 2074 7E200000 		.long	0x207e
 3438 2078 03       		.uleb128 0x3
 3439 2079 5C330000 		.long	0x335c
 3440 207d 00       		.byte	0
 3441 207e 22       		.uleb128 0x22
 3442 207f 00000000 		.long	.LASF387
 3443 2083 0C       		.byte	0xc
 3444 2084 43       		.byte	0x43
 3445 2085 05       		.byte	0x5
 3446 2086 00000000 		.long	.LASF388
 3447 208a 92200000 		.long	0x2092
 3448 208e 9D200000 		.long	0x209d
 3449 2092 03       		.uleb128 0x3
 3450 2093 34330000 		.long	0x3334
 3451 2097 01       		.uleb128 0x1
 3452 2098 C71B0000 		.long	0x1bc7
 3453 209c 00       		.byte	0
 3454 209d 16       		.uleb128 0x16
 3455 209e 00000000 		.long	.LASF241
 3456 20a2 0B       		.byte	0xb
 3457 20a3 C801     		.value	0x1c8
 3458 20a5 32       		.byte	0x32
 3459 20a6 54290000 		.long	0x2954
 3460 20aa 05       		.uleb128 0x5
 3461 20ab 00000000 		.long	.LASF389
 3462 20af 0B       		.byte	0xb
 3463 20b0 6604     		.value	0x466
 3464 20b2 07       		.byte	0x7
 3465 20b3 00000000 		.long	.LASF390
 3466 20b7 9D200000 		.long	0x209d
 3467 20bb 01       		.byte	0x1
 3468 20bc C4200000 		.long	0x20c4
 3469 20c0 CF200000 		.long	0x20cf
 3470 20c4 03       		.uleb128 0x3
 3471 20c5 34330000 		.long	0x3334
 3472 20c9 01       		.uleb128 0x1
 3473 20ca C71B0000 		.long	0x1bc7
 3474 20ce 00       		.byte	0
 3475 20cf 16       		.uleb128 0x16
 3476 20d0 00000000 		.long	.LASF246
 3477 20d4 0B       		.byte	0xb
GAS LISTING /tmp/ccHMMbxq.s 			page 62


 3478 20d5 C901     		.value	0x1c9
 3479 20d7 37       		.byte	0x37
 3480 20d8 60290000 		.long	0x2960
 3481 20dc 05       		.uleb128 0x5
 3482 20dd 00000000 		.long	.LASF389
 3483 20e1 0B       		.byte	0xb
 3484 20e2 7904     		.value	0x479
 3485 20e4 07       		.byte	0x7
 3486 20e5 00000000 		.long	.LASF391
 3487 20e9 CF200000 		.long	0x20cf
 3488 20ed 01       		.byte	0x1
 3489 20ee F6200000 		.long	0x20f6
 3490 20f2 01210000 		.long	0x2101
 3491 20f6 03       		.uleb128 0x3
 3492 20f7 5C330000 		.long	0x335c
 3493 20fb 01       		.uleb128 0x1
 3494 20fc C71B0000 		.long	0x1bc7
 3495 2100 00       		.byte	0
 3496 2101 0A       		.uleb128 0xa
 3497 2102 00000000 		.long	.LASF392
 3498 2106 0B       		.byte	0xb
 3499 2107 8304     		.value	0x483
 3500 2109 07       		.byte	0x7
 3501 210a 00000000 		.long	.LASF393
 3502 210e 02       		.byte	0x2
 3503 210f 17210000 		.long	0x2117
 3504 2113 22210000 		.long	0x2122
 3505 2117 03       		.uleb128 0x3
 3506 2118 5C330000 		.long	0x335c
 3507 211c 01       		.uleb128 0x1
 3508 211d C71B0000 		.long	0x1bc7
 3509 2121 00       		.byte	0
 3510 2122 2C       		.uleb128 0x2c
 3511 2123 617400   		.string	"at"
 3512 2126 9A04     		.value	0x49a
 3513 2128 00000000 		.long	.LASF394
 3514 212c 9D200000 		.long	0x209d
 3515 2130 38210000 		.long	0x2138
 3516 2134 43210000 		.long	0x2143
 3517 2138 03       		.uleb128 0x3
 3518 2139 34330000 		.long	0x3334
 3519 213d 01       		.uleb128 0x1
 3520 213e C71B0000 		.long	0x1bc7
 3521 2142 00       		.byte	0
 3522 2143 2C       		.uleb128 0x2c
 3523 2144 617400   		.string	"at"
 3524 2147 AD04     		.value	0x4ad
 3525 2149 00000000 		.long	.LASF395
 3526 214d CF200000 		.long	0x20cf
 3527 2151 59210000 		.long	0x2159
 3528 2155 64210000 		.long	0x2164
 3529 2159 03       		.uleb128 0x3
 3530 215a 5C330000 		.long	0x335c
 3531 215e 01       		.uleb128 0x1
 3532 215f C71B0000 		.long	0x1bc7
 3533 2163 00       		.byte	0
 3534 2164 05       		.uleb128 0x5
GAS LISTING /tmp/ccHMMbxq.s 			page 63


 3535 2165 00000000 		.long	.LASF396
 3536 2169 0B       		.byte	0xb
 3537 216a B904     		.value	0x4b9
 3538 216c 07       		.byte	0x7
 3539 216d 00000000 		.long	.LASF397
 3540 2171 9D200000 		.long	0x209d
 3541 2175 01       		.byte	0x1
 3542 2176 7E210000 		.long	0x217e
 3543 217a 84210000 		.long	0x2184
 3544 217e 03       		.uleb128 0x3
 3545 217f 34330000 		.long	0x3334
 3546 2183 00       		.byte	0
 3547 2184 05       		.uleb128 0x5
 3548 2185 00000000 		.long	.LASF396
 3549 2189 0B       		.byte	0xb
 3550 218a C504     		.value	0x4c5
 3551 218c 07       		.byte	0x7
 3552 218d 00000000 		.long	.LASF398
 3553 2191 CF200000 		.long	0x20cf
 3554 2195 01       		.byte	0x1
 3555 2196 9E210000 		.long	0x219e
 3556 219a A4210000 		.long	0x21a4
 3557 219e 03       		.uleb128 0x3
 3558 219f 5C330000 		.long	0x335c
 3559 21a3 00       		.byte	0
 3560 21a4 05       		.uleb128 0x5
 3561 21a5 00000000 		.long	.LASF399
 3562 21a9 0B       		.byte	0xb
 3563 21aa D104     		.value	0x4d1
 3564 21ac 07       		.byte	0x7
 3565 21ad 00000000 		.long	.LASF400
 3566 21b1 9D200000 		.long	0x209d
 3567 21b5 01       		.byte	0x1
 3568 21b6 BE210000 		.long	0x21be
 3569 21ba C4210000 		.long	0x21c4
 3570 21be 03       		.uleb128 0x3
 3571 21bf 34330000 		.long	0x3334
 3572 21c3 00       		.byte	0
 3573 21c4 05       		.uleb128 0x5
 3574 21c5 00000000 		.long	.LASF399
 3575 21c9 0B       		.byte	0xb
 3576 21ca DD04     		.value	0x4dd
 3577 21cc 07       		.byte	0x7
 3578 21cd 00000000 		.long	.LASF401
 3579 21d1 CF200000 		.long	0x20cf
 3580 21d5 01       		.byte	0x1
 3581 21d6 DE210000 		.long	0x21de
 3582 21da E4210000 		.long	0x21e4
 3583 21de 03       		.uleb128 0x3
 3584 21df 5C330000 		.long	0x335c
 3585 21e3 00       		.byte	0
 3586 21e4 05       		.uleb128 0x5
 3587 21e5 00000000 		.long	.LASF402
 3588 21e9 0B       		.byte	0xb
 3589 21ea EC04     		.value	0x4ec
 3590 21ec 07       		.byte	0x7
 3591 21ed 00000000 		.long	.LASF403
GAS LISTING /tmp/ccHMMbxq.s 			page 64


 3592 21f1 8F320000 		.long	0x328f
 3593 21f5 01       		.byte	0x1
 3594 21f6 FE210000 		.long	0x21fe
 3595 21fa 04220000 		.long	0x2204
 3596 21fe 03       		.uleb128 0x3
 3597 21ff 34330000 		.long	0x3334
 3598 2203 00       		.byte	0
 3599 2204 05       		.uleb128 0x5
 3600 2205 00000000 		.long	.LASF402
 3601 2209 0B       		.byte	0xb
 3602 220a F104     		.value	0x4f1
 3603 220c 07       		.byte	0x7
 3604 220d 00000000 		.long	.LASF404
 3605 2211 A8320000 		.long	0x32a8
 3606 2215 01       		.byte	0x1
 3607 2216 1E220000 		.long	0x221e
 3608 221a 24220000 		.long	0x2224
 3609 221e 03       		.uleb128 0x3
 3610 221f 5C330000 		.long	0x335c
 3611 2223 00       		.byte	0
 3612 2224 0A       		.uleb128 0xa
 3613 2225 00000000 		.long	.LASF405
 3614 2229 0B       		.byte	0xb
 3615 222a 0105     		.value	0x501
 3616 222c 07       		.byte	0x7
 3617 222d 00000000 		.long	.LASF406
 3618 2231 01       		.byte	0x1
 3619 2232 3A220000 		.long	0x223a
 3620 2236 45220000 		.long	0x2245
 3621 223a 03       		.uleb128 0x3
 3622 223b 34330000 		.long	0x3334
 3623 223f 01       		.uleb128 0x1
 3624 2240 43330000 		.long	0x3343
 3625 2244 00       		.byte	0
 3626 2245 0A       		.uleb128 0xa
 3627 2246 00000000 		.long	.LASF405
 3628 224a 0B       		.byte	0xb
 3629 224b 1205     		.value	0x512
 3630 224d 07       		.byte	0x7
 3631 224e 00000000 		.long	.LASF407
 3632 2252 01       		.byte	0x1
 3633 2253 5B220000 		.long	0x225b
 3634 2257 66220000 		.long	0x2266
 3635 225b 03       		.uleb128 0x3
 3636 225c 34330000 		.long	0x3334
 3637 2260 01       		.uleb128 0x1
 3638 2261 66330000 		.long	0x3366
 3639 2265 00       		.byte	0
 3640 2266 0A       		.uleb128 0xa
 3641 2267 00000000 		.long	.LASF408
 3642 226b 0B       		.byte	0xb
 3643 226c 2A05     		.value	0x52a
 3644 226e 07       		.byte	0x7
 3645 226f 00000000 		.long	.LASF409
 3646 2273 01       		.byte	0x1
 3647 2274 7C220000 		.long	0x227c
 3648 2278 82220000 		.long	0x2282
GAS LISTING /tmp/ccHMMbxq.s 			page 65


 3649 227c 03       		.uleb128 0x3
 3650 227d 34330000 		.long	0x3334
 3651 2281 00       		.byte	0
 3652 2282 20       		.uleb128 0x20
 3653 2283 00000000 		.long	.LASF410
 3654 2287 0C       		.byte	0xc
 3655 2288 85       		.byte	0x85
 3656 2289 05       		.byte	0x5
 3657 228a 00000000 		.long	.LASF411
 3658 228e ED1D0000 		.long	0x1ded
 3659 2292 01       		.byte	0x1
 3660 2293 9B220000 		.long	0x229b
 3661 2297 AB220000 		.long	0x22ab
 3662 229b 03       		.uleb128 0x3
 3663 229c 34330000 		.long	0x3334
 3664 22a0 01       		.uleb128 0x1
 3665 22a1 1A1E0000 		.long	0x1e1a
 3666 22a5 01       		.uleb128 0x1
 3667 22a6 43330000 		.long	0x3343
 3668 22aa 00       		.byte	0
 3669 22ab 05       		.uleb128 0x5
 3670 22ac 00000000 		.long	.LASF410
 3671 22b0 0B       		.byte	0xb
 3672 22b1 7105     		.value	0x571
 3673 22b3 07       		.byte	0x7
 3674 22b4 00000000 		.long	.LASF412
 3675 22b8 ED1D0000 		.long	0x1ded
 3676 22bc 01       		.byte	0x1
 3677 22bd C5220000 		.long	0x22c5
 3678 22c1 D5220000 		.long	0x22d5
 3679 22c5 03       		.uleb128 0x3
 3680 22c6 34330000 		.long	0x3334
 3681 22ca 01       		.uleb128 0x1
 3682 22cb 1A1E0000 		.long	0x1e1a
 3683 22cf 01       		.uleb128 0x1
 3684 22d0 66330000 		.long	0x3366
 3685 22d4 00       		.byte	0
 3686 22d5 05       		.uleb128 0x5
 3687 22d6 00000000 		.long	.LASF410
 3688 22da 0B       		.byte	0xb
 3689 22db 8305     		.value	0x583
 3690 22dd 07       		.byte	0x7
 3691 22de 00000000 		.long	.LASF413
 3692 22e2 ED1D0000 		.long	0x1ded
 3693 22e6 01       		.byte	0x1
 3694 22e7 EF220000 		.long	0x22ef
 3695 22eb FF220000 		.long	0x22ff
 3696 22ef 03       		.uleb128 0x3
 3697 22f0 34330000 		.long	0x3334
 3698 22f4 01       		.uleb128 0x1
 3699 22f5 1A1E0000 		.long	0x1e1a
 3700 22f9 01       		.uleb128 0x1
 3701 22fa 5A260000 		.long	0x265a
 3702 22fe 00       		.byte	0
 3703 22ff 05       		.uleb128 0x5
 3704 2300 00000000 		.long	.LASF410
 3705 2304 0B       		.byte	0xb
GAS LISTING /tmp/ccHMMbxq.s 			page 66


 3706 2305 9D05     		.value	0x59d
 3707 2307 07       		.byte	0x7
 3708 2308 00000000 		.long	.LASF414
 3709 230c ED1D0000 		.long	0x1ded
 3710 2310 01       		.byte	0x1
 3711 2311 19230000 		.long	0x2319
 3712 2315 2E230000 		.long	0x232e
 3713 2319 03       		.uleb128 0x3
 3714 231a 34330000 		.long	0x3334
 3715 231e 01       		.uleb128 0x1
 3716 231f 1A1E0000 		.long	0x1e1a
 3717 2323 01       		.uleb128 0x1
 3718 2324 C71B0000 		.long	0x1bc7
 3719 2328 01       		.uleb128 0x1
 3720 2329 43330000 		.long	0x3343
 3721 232d 00       		.byte	0
 3722 232e 05       		.uleb128 0x5
 3723 232f 00000000 		.long	.LASF415
 3724 2333 0B       		.byte	0xb
 3725 2334 FE05     		.value	0x5fe
 3726 2336 07       		.byte	0x7
 3727 2337 00000000 		.long	.LASF416
 3728 233b ED1D0000 		.long	0x1ded
 3729 233f 01       		.byte	0x1
 3730 2340 48230000 		.long	0x2348
 3731 2344 53230000 		.long	0x2353
 3732 2348 03       		.uleb128 0x3
 3733 2349 34330000 		.long	0x3334
 3734 234d 01       		.uleb128 0x1
 3735 234e 1A1E0000 		.long	0x1e1a
 3736 2352 00       		.byte	0
 3737 2353 05       		.uleb128 0x5
 3738 2354 00000000 		.long	.LASF415
 3739 2358 0B       		.byte	0xb
 3740 2359 1A06     		.value	0x61a
 3741 235b 07       		.byte	0x7
 3742 235c 00000000 		.long	.LASF417
 3743 2360 ED1D0000 		.long	0x1ded
 3744 2364 01       		.byte	0x1
 3745 2365 6D230000 		.long	0x236d
 3746 2369 7D230000 		.long	0x237d
 3747 236d 03       		.uleb128 0x3
 3748 236e 34330000 		.long	0x3334
 3749 2372 01       		.uleb128 0x1
 3750 2373 1A1E0000 		.long	0x1e1a
 3751 2377 01       		.uleb128 0x1
 3752 2378 1A1E0000 		.long	0x1e1a
 3753 237c 00       		.byte	0
 3754 237d 0A       		.uleb128 0xa
 3755 237e 00000000 		.long	.LASF418
 3756 2382 0B       		.byte	0xb
 3757 2383 3206     		.value	0x632
 3758 2385 07       		.byte	0x7
 3759 2386 00000000 		.long	.LASF419
 3760 238a 01       		.byte	0x1
 3761 238b 93230000 		.long	0x2393
 3762 238f 9E230000 		.long	0x239e
GAS LISTING /tmp/ccHMMbxq.s 			page 67


 3763 2393 03       		.uleb128 0x3
 3764 2394 34330000 		.long	0x3334
 3765 2398 01       		.uleb128 0x1
 3766 2399 57330000 		.long	0x3357
 3767 239d 00       		.byte	0
 3768 239e 0A       		.uleb128 0xa
 3769 239f 00000000 		.long	.LASF420
 3770 23a3 0B       		.byte	0xb
 3771 23a4 4506     		.value	0x645
 3772 23a6 07       		.byte	0x7
 3773 23a7 00000000 		.long	.LASF421
 3774 23ab 01       		.byte	0x1
 3775 23ac B4230000 		.long	0x23b4
 3776 23b0 BA230000 		.long	0x23ba
 3777 23b4 03       		.uleb128 0x3
 3778 23b5 34330000 		.long	0x3334
 3779 23b9 00       		.byte	0
 3780 23ba 0A       		.uleb128 0xa
 3781 23bb 00000000 		.long	.LASF422
 3782 23bf 0B       		.byte	0xb
 3783 23c0 A806     		.value	0x6a8
 3784 23c2 07       		.byte	0x7
 3785 23c3 00000000 		.long	.LASF423
 3786 23c7 02       		.byte	0x2
 3787 23c8 D0230000 		.long	0x23d0
 3788 23cc E0230000 		.long	0x23e0
 3789 23d0 03       		.uleb128 0x3
 3790 23d1 34330000 		.long	0x3334
 3791 23d5 01       		.uleb128 0x1
 3792 23d6 C71B0000 		.long	0x1bc7
 3793 23da 01       		.uleb128 0x1
 3794 23db 43330000 		.long	0x3343
 3795 23df 00       		.byte	0
 3796 23e0 0A       		.uleb128 0xa
 3797 23e1 00000000 		.long	.LASF424
 3798 23e5 0B       		.byte	0xb
 3799 23e6 B306     		.value	0x6b3
 3800 23e8 07       		.byte	0x7
 3801 23e9 00000000 		.long	.LASF425
 3802 23ed 02       		.byte	0x2
 3803 23ee F6230000 		.long	0x23f6
 3804 23f2 01240000 		.long	0x2401
 3805 23f6 03       		.uleb128 0x3
 3806 23f7 34330000 		.long	0x3334
 3807 23fb 01       		.uleb128 0x1
 3808 23fc C71B0000 		.long	0x1bc7
 3809 2400 00       		.byte	0
 3810 2401 0A       		.uleb128 0xa
 3811 2402 00000000 		.long	.LASF426
 3812 2406 0C       		.byte	0xc
 3813 2407 0E01     		.value	0x10e
 3814 2409 05       		.byte	0x5
 3815 240a 00000000 		.long	.LASF427
 3816 240e 02       		.byte	0x2
 3817 240f 17240000 		.long	0x2417
 3818 2413 27240000 		.long	0x2427
 3819 2417 03       		.uleb128 0x3
GAS LISTING /tmp/ccHMMbxq.s 			page 68


 3820 2418 34330000 		.long	0x3334
 3821 241c 01       		.uleb128 0x1
 3822 241d 2F120000 		.long	0x122f
 3823 2421 01       		.uleb128 0x1
 3824 2422 43330000 		.long	0x3343
 3825 2426 00       		.byte	0
 3826 2427 0A       		.uleb128 0xa
 3827 2428 00000000 		.long	.LASF428
 3828 242c 0C       		.byte	0xc
 3829 242d 1102     		.value	0x211
 3830 242f 05       		.byte	0x5
 3831 2430 00000000 		.long	.LASF429
 3832 2434 02       		.byte	0x2
 3833 2435 3D240000 		.long	0x243d
 3834 2439 52240000 		.long	0x2452
 3835 243d 03       		.uleb128 0x3
 3836 243e 34330000 		.long	0x3334
 3837 2442 01       		.uleb128 0x1
 3838 2443 ED1D0000 		.long	0x1ded
 3839 2447 01       		.uleb128 0x1
 3840 2448 C71B0000 		.long	0x1bc7
 3841 244c 01       		.uleb128 0x1
 3842 244d 43330000 		.long	0x3343
 3843 2451 00       		.byte	0
 3844 2452 0A       		.uleb128 0xa
 3845 2453 00000000 		.long	.LASF430
 3846 2457 0C       		.byte	0xc
 3847 2458 7A02     		.value	0x27a
 3848 245a 05       		.byte	0x5
 3849 245b 00000000 		.long	.LASF431
 3850 245f 02       		.byte	0x2
 3851 2460 68240000 		.long	0x2468
 3852 2464 73240000 		.long	0x2473
 3853 2468 03       		.uleb128 0x3
 3854 2469 34330000 		.long	0x3334
 3855 246d 01       		.uleb128 0x1
 3856 246e C71B0000 		.long	0x1bc7
 3857 2472 00       		.byte	0
 3858 2473 05       		.uleb128 0x5
 3859 2474 00000000 		.long	.LASF432
 3860 2478 0C       		.byte	0xc
 3861 2479 CB02     		.value	0x2cb
 3862 247b 05       		.byte	0x5
 3863 247c 00000000 		.long	.LASF433
 3864 2480 A42E0000 		.long	0x2ea4
 3865 2484 02       		.byte	0x2
 3866 2485 8D240000 		.long	0x248d
 3867 2489 93240000 		.long	0x2493
 3868 248d 03       		.uleb128 0x3
 3869 248e 34330000 		.long	0x3334
 3870 2492 00       		.byte	0
 3871 2493 05       		.uleb128 0x5
 3872 2494 00000000 		.long	.LASF434
 3873 2498 0C       		.byte	0xc
 3874 2499 6401     		.value	0x164
 3875 249b 05       		.byte	0x5
 3876 249c 00000000 		.long	.LASF435
GAS LISTING /tmp/ccHMMbxq.s 			page 69


 3877 24a0 ED1D0000 		.long	0x1ded
 3878 24a4 02       		.byte	0x2
 3879 24a5 AD240000 		.long	0x24ad
 3880 24a9 BD240000 		.long	0x24bd
 3881 24ad 03       		.uleb128 0x3
 3882 24ae 34330000 		.long	0x3334
 3883 24b2 01       		.uleb128 0x1
 3884 24b3 1A1E0000 		.long	0x1e1a
 3885 24b7 01       		.uleb128 0x1
 3886 24b8 66330000 		.long	0x3366
 3887 24bc 00       		.byte	0
 3888 24bd 05       		.uleb128 0x5
 3889 24be 00000000 		.long	.LASF436
 3890 24c2 0B       		.byte	0xb
 3891 24c3 6107     		.value	0x761
 3892 24c5 07       		.byte	0x7
 3893 24c6 00000000 		.long	.LASF437
 3894 24ca ED1D0000 		.long	0x1ded
 3895 24ce 02       		.byte	0x2
 3896 24cf D7240000 		.long	0x24d7
 3897 24d3 E7240000 		.long	0x24e7
 3898 24d7 03       		.uleb128 0x3
 3899 24d8 34330000 		.long	0x3334
 3900 24dc 01       		.uleb128 0x1
 3901 24dd 1A1E0000 		.long	0x1e1a
 3902 24e1 01       		.uleb128 0x1
 3903 24e2 66330000 		.long	0x3366
 3904 24e6 00       		.byte	0
 3905 24e7 05       		.uleb128 0x5
 3906 24e8 00000000 		.long	.LASF438
 3907 24ec 0B       		.byte	0xb
 3908 24ed 6807     		.value	0x768
 3909 24ef 07       		.byte	0x7
 3910 24f0 00000000 		.long	.LASF439
 3911 24f4 C71B0000 		.long	0x1bc7
 3912 24f8 02       		.byte	0x2
 3913 24f9 01250000 		.long	0x2501
 3914 24fd 11250000 		.long	0x2511
 3915 2501 03       		.uleb128 0x3
 3916 2502 5C330000 		.long	0x335c
 3917 2506 01       		.uleb128 0x1
 3918 2507 C71B0000 		.long	0x1bc7
 3919 250b 01       		.uleb128 0x1
 3920 250c EA2C0000 		.long	0x2cea
 3921 2510 00       		.byte	0
 3922 2511 3D       		.uleb128 0x3d
 3923 2512 00000000 		.long	.LASF440
 3924 2516 7307     		.value	0x773
 3925 2518 00000000 		.long	.LASF441
 3926 251c C71B0000 		.long	0x1bc7
 3927 2520 2F250000 		.long	0x252f
 3928 2524 01       		.uleb128 0x1
 3929 2525 C71B0000 		.long	0x1bc7
 3930 2529 01       		.uleb128 0x1
 3931 252a 3E330000 		.long	0x333e
 3932 252e 00       		.byte	0
 3933 252f 3D       		.uleb128 0x3d
GAS LISTING /tmp/ccHMMbxq.s 			page 70


 3934 2530 00000000 		.long	.LASF442
 3935 2534 7C07     		.value	0x77c
 3936 2536 00000000 		.long	.LASF443
 3937 253a C71B0000 		.long	0x1bc7
 3938 253e 48250000 		.long	0x2548
 3939 2542 01       		.uleb128 0x1
 3940 2543 6B330000 		.long	0x336b
 3941 2547 00       		.byte	0
 3942 2548 0A       		.uleb128 0xa
 3943 2549 00000000 		.long	.LASF444
 3944 254d 0B       		.byte	0xb
 3945 254e 8D07     		.value	0x78d
 3946 2550 07       		.byte	0x7
 3947 2551 00000000 		.long	.LASF445
 3948 2555 02       		.byte	0x2
 3949 2556 5E250000 		.long	0x255e
 3950 255a 69250000 		.long	0x2569
 3951 255e 03       		.uleb128 0x3
 3952 255f 34330000 		.long	0x3334
 3953 2563 01       		.uleb128 0x1
 3954 2564 B21A0000 		.long	0x1ab2
 3955 2568 00       		.byte	0
 3956 2569 20       		.uleb128 0x20
 3957 256a 00000000 		.long	.LASF446
 3958 256e 0C       		.byte	0xc
 3959 256f B5       		.byte	0xb5
 3960 2570 05       		.byte	0x5
 3961 2571 00000000 		.long	.LASF447
 3962 2575 ED1D0000 		.long	0x1ded
 3963 2579 02       		.byte	0x2
 3964 257a 82250000 		.long	0x2582
 3965 257e 8D250000 		.long	0x258d
 3966 2582 03       		.uleb128 0x3
 3967 2583 34330000 		.long	0x3334
 3968 2587 01       		.uleb128 0x1
 3969 2588 ED1D0000 		.long	0x1ded
 3970 258c 00       		.byte	0
 3971 258d 20       		.uleb128 0x20
 3972 258e 00000000 		.long	.LASF446
 3973 2592 0C       		.byte	0xc
 3974 2593 C3       		.byte	0xc3
 3975 2594 05       		.byte	0x5
 3976 2595 00000000 		.long	.LASF448
 3977 2599 ED1D0000 		.long	0x1ded
 3978 259d 02       		.byte	0x2
 3979 259e A6250000 		.long	0x25a6
 3980 25a2 B6250000 		.long	0x25b6
 3981 25a6 03       		.uleb128 0x3
 3982 25a7 34330000 		.long	0x3334
 3983 25ab 01       		.uleb128 0x1
 3984 25ac ED1D0000 		.long	0x1ded
 3985 25b0 01       		.uleb128 0x1
 3986 25b1 ED1D0000 		.long	0x1ded
 3987 25b5 00       		.byte	0
 3988 25b6 19       		.uleb128 0x19
 3989 25b7 00000000 		.long	.LASF449
 3990 25bb A707     		.value	0x7a7
GAS LISTING /tmp/ccHMMbxq.s 			page 71


 3991 25bd 00000000 		.long	.LASF450
 3992 25c1 C9250000 		.long	0x25c9
 3993 25c5 D9250000 		.long	0x25d9
 3994 25c9 03       		.uleb128 0x3
 3995 25ca 34330000 		.long	0x3334
 3996 25ce 01       		.uleb128 0x1
 3997 25cf 4D330000 		.long	0x334d
 3998 25d3 01       		.uleb128 0x1
 3999 25d4 97120000 		.long	0x1297
 4000 25d8 00       		.byte	0
 4001 25d9 19       		.uleb128 0x19
 4002 25da 00000000 		.long	.LASF449
 4003 25de B307     		.value	0x7b3
 4004 25e0 00000000 		.long	.LASF451
 4005 25e4 EC250000 		.long	0x25ec
 4006 25e8 FC250000 		.long	0x25fc
 4007 25ec 03       		.uleb128 0x3
 4008 25ed 34330000 		.long	0x3334
 4009 25f1 01       		.uleb128 0x1
 4010 25f2 4D330000 		.long	0x334d
 4011 25f6 01       		.uleb128 0x1
 4012 25f7 23120000 		.long	0x1223
 4013 25fb 00       		.byte	0
 4014 25fc 0A       		.uleb128 0xa
 4015 25fd 00000000 		.long	.LASF452
 4016 2601 0C       		.byte	0xc
 4017 2602 BD01     		.value	0x1bd
 4018 2604 07       		.byte	0x7
 4019 2605 00000000 		.long	.LASF453
 4020 2609 02       		.byte	0x2
 4021 260a 21260000 		.long	0x2621
 4022 260e 31260000 		.long	0x2631
 4023 2612 24       		.uleb128 0x24
 4024 2613 00000000 		.long	.LASF278
 4025 2617 21260000 		.long	0x2621
 4026 261b 25       		.uleb128 0x25
 4027 261c AD320000 		.long	0x32ad
 4028 2620 00       		.byte	0
 4029 2621 03       		.uleb128 0x3
 4030 2622 34330000 		.long	0x3334
 4031 2626 01       		.uleb128 0x1
 4032 2627 ED1D0000 		.long	0x1ded
 4033 262b 01       		.uleb128 0x1
 4034 262c AD320000 		.long	0x32ad
 4035 2630 00       		.byte	0
 4036 2631 08       		.uleb128 0x8
 4037 2632 5F547000 		.string	"_Tp"
 4038 2636 61320000 		.long	0x3261
 4039 263a 51       		.uleb128 0x51
 4040 263b 00000000 		.long	.LASF319
 4041 263f AB140000 		.long	0x14ab
 4042 2643 00       		.byte	0
 4043 2644 07       		.uleb128 0x7
 4044 2645 281A0000 		.long	0x1a28
 4045 2649 0F       		.uleb128 0xf
 4046 264a 00000000 		.long	.LASF454
 4047 264e 03       		.byte	0x3
GAS LISTING /tmp/ccHMMbxq.s 			page 72


 4048 264f 8F       		.byte	0x8f
 4049 2650 0B       		.byte	0xb
 4050 2651 121A0000 		.long	0x1a12
 4051 2655 07       		.uleb128 0x7
 4052 2656 49260000 		.long	0x2649
 4053 265a 2D       		.uleb128 0x2d
 4054 265b 00000000 		.long	.LASF455
 4055 265f 2D       		.uleb128 0x2d
 4056 2660 00000000 		.long	.LASF456
 4057 2664 2D       		.uleb128 0x2d
 4058 2665 00000000 		.long	.LASF457
 4059 2669 15       		.uleb128 0x15
 4060 266a 00000000 		.long	.LASF458
 4061 266e 01       		.byte	0x1
 4062 266f 0D       		.byte	0xd
 4063 2670 D2       		.byte	0xd2
 4064 2671 0C       		.byte	0xc
 4065 2672 9B260000 		.long	0x269b
 4066 2676 0F       		.uleb128 0xf
 4067 2677 00000000 		.long	.LASF459
 4068 267b 0D       		.byte	0xd
 4069 267c D6       		.byte	0xd6
 4070 267d 2B       		.byte	0x2b
 4071 267e 8A120000 		.long	0x128a
 4072 2682 0F       		.uleb128 0xf
 4073 2683 00000000 		.long	.LASF240
 4074 2687 0D       		.byte	0xd
 4075 2688 D7       		.byte	0xd7
 4076 2689 2B       		.byte	0x2b
 4077 268a 8F320000 		.long	0x328f
 4078 268e 0F       		.uleb128 0xf
 4079 268f 00000000 		.long	.LASF241
 4080 2693 0D       		.byte	0xd
 4081 2694 D8       		.byte	0xd8
 4082 2695 2B       		.byte	0x2b
 4083 2696 A3320000 		.long	0x32a3
 4084 269a 00       		.byte	0
 4085 269b 15       		.uleb128 0x15
 4086 269c 00000000 		.long	.LASF460
 4087 26a0 01       		.byte	0x1
 4088 26a1 03       		.byte	0x3
 4089 26a2 6F       		.byte	0x6f
 4090 26a3 0C       		.byte	0xc
 4091 26a4 BE260000 		.long	0x26be
 4092 26a8 0F       		.uleb128 0xf
 4093 26a9 00000000 		.long	.LASF321
 4094 26ad 03       		.byte	0x3
 4095 26ae 70       		.byte	0x70
 4096 26af 13       		.byte	0x13
 4097 26b0 8F320000 		.long	0x328f
 4098 26b4 08       		.uleb128 0x8
 4099 26b5 5F547000 		.string	"_Tp"
 4100 26b9 8F320000 		.long	0x328f
 4101 26bd 00       		.byte	0
 4102 26be 3E       		.uleb128 0x3e
 4103 26bf 00000000 		.long	.LASF462
 4104 26c3 35       		.byte	0x35
GAS LISTING /tmp/ccHMMbxq.s 			page 73


 4105 26c4 00000000 		.long	.LASF464
 4106 26c8 3E       		.uleb128 0x3e
 4107 26c9 00000000 		.long	.LASF463
 4108 26cd 38       		.byte	0x38
 4109 26ce 00000000 		.long	.LASF465
 4110 26d2 52       		.uleb128 0x52
 4111 26d3 00000000 		.long	.LASF466
 4112 26d7 0E       		.byte	0xe
 4113 26d8 4C       		.byte	0x4c
 4114 26d9 03       		.byte	0x3
 4115 26da 00000000 		.long	.LASF467
 4116 26de E8260000 		.long	0x26e8
 4117 26e2 01       		.uleb128 0x1
 4118 26e3 EA2C0000 		.long	0x2cea
 4119 26e7 00       		.byte	0
 4120 26e8 0F       		.uleb128 0xf
 4121 26e9 00000000 		.long	.LASF468
 4122 26ed 03       		.byte	0x3
 4123 26ee 74       		.byte	0x74
 4124 26ef 0B       		.byte	0xb
 4125 26f0 A8260000 		.long	0x26a8
 4126 26f4 04       		.uleb128 0x4
 4127 26f5 00000000 		.long	.LASF469
 4128 26f9 0F       		.byte	0xf
 4129 26fa 5A04     		.value	0x45a
 4130 26fc 05       		.byte	0x5
 4131 26fd 00000000 		.long	.LASF470
 4132 2701 E8260000 		.long	0x26e8
 4133 2705 30270000 		.long	0x2730
 4134 2709 08       		.uleb128 0x8
 4135 270a 5F547000 		.string	"_Tp"
 4136 270e 61320000 		.long	0x3261
 4137 2712 08       		.uleb128 0x8
 4138 2713 5F557000 		.string	"_Up"
 4139 2717 61320000 		.long	0x3261
 4140 271b 01       		.uleb128 0x1
 4141 271c 8F320000 		.long	0x328f
 4142 2720 01       		.uleb128 0x1
 4143 2721 8F320000 		.long	0x328f
 4144 2725 01       		.uleb128 0x1
 4145 2726 8F320000 		.long	0x328f
 4146 272a 01       		.uleb128 0x1
 4147 272b C1320000 		.long	0x32c1
 4148 272f 00       		.byte	0
 4149 2730 04       		.uleb128 0x4
 4150 2731 00000000 		.long	.LASF471
 4151 2735 10       		.byte	0x10
 4152 2736 3C01     		.value	0x13c
 4153 2738 05       		.byte	0x5
 4154 2739 00000000 		.long	.LASF472
 4155 273d 8F320000 		.long	0x328f
 4156 2741 54270000 		.long	0x2754
 4157 2745 0B       		.uleb128 0xb
 4158 2746 00000000 		.long	.LASF473
 4159 274a 8F320000 		.long	0x328f
 4160 274e 01       		.uleb128 0x1
 4161 274f 8F320000 		.long	0x328f
GAS LISTING /tmp/ccHMMbxq.s 			page 74


 4162 2753 00       		.byte	0
 4163 2754 04       		.uleb128 0x4
 4164 2755 00000000 		.long	.LASF474
 4165 2759 0F       		.byte	0xf
 4166 275a 7504     		.value	0x475
 4167 275c 05       		.byte	0x5
 4168 275d 00000000 		.long	.LASF475
 4169 2761 8F320000 		.long	0x328f
 4170 2765 99270000 		.long	0x2799
 4171 2769 0B       		.uleb128 0xb
 4172 276a 00000000 		.long	.LASF476
 4173 276e 8F320000 		.long	0x328f
 4174 2772 0B       		.uleb128 0xb
 4175 2773 00000000 		.long	.LASF234
 4176 2777 8F320000 		.long	0x328f
 4177 277b 0B       		.uleb128 0xb
 4178 277c 00000000 		.long	.LASF477
 4179 2780 AB140000 		.long	0x14ab
 4180 2784 01       		.uleb128 0x1
 4181 2785 8F320000 		.long	0x328f
 4182 2789 01       		.uleb128 0x1
 4183 278a 8F320000 		.long	0x328f
 4184 278e 01       		.uleb128 0x1
 4185 278f 8F320000 		.long	0x328f
 4186 2793 01       		.uleb128 0x1
 4187 2794 C1320000 		.long	0x32c1
 4188 2798 00       		.byte	0
 4189 2799 12       		.uleb128 0x12
 4190 279a 00000000 		.long	.LASF478
 4191 279e 10       		.byte	0x10
 4192 279f E9       		.byte	0xe9
 4193 27a0 05       		.byte	0x5
 4194 27a1 00000000 		.long	.LASF479
 4195 27a5 C1350000 		.long	0x35c1
 4196 27a9 C1270000 		.long	0x27c1
 4197 27ad 08       		.uleb128 0x8
 4198 27ae 5F547000 		.string	"_Tp"
 4199 27b2 512C0000 		.long	0x2c51
 4200 27b6 01       		.uleb128 0x1
 4201 27b7 C1350000 		.long	0x35c1
 4202 27bb 01       		.uleb128 0x1
 4203 27bc C1350000 		.long	0x35c1
 4204 27c0 00       		.byte	0
 4205 27c1 04       		.uleb128 0x4
 4206 27c2 00000000 		.long	.LASF480
 4207 27c6 10       		.byte	0x10
 4208 27c7 0101     		.value	0x101
 4209 27c9 05       		.byte	0x5
 4210 27ca 00000000 		.long	.LASF481
 4211 27ce C1350000 		.long	0x35c1
 4212 27d2 EA270000 		.long	0x27ea
 4213 27d6 08       		.uleb128 0x8
 4214 27d7 5F547000 		.string	"_Tp"
 4215 27db 512C0000 		.long	0x2c51
 4216 27df 01       		.uleb128 0x1
 4217 27e0 C1350000 		.long	0x35c1
 4218 27e4 01       		.uleb128 0x1
GAS LISTING /tmp/ccHMMbxq.s 			page 75


 4219 27e5 C1350000 		.long	0x35c1
 4220 27e9 00       		.byte	0
 4221 27ea 31       		.uleb128 0x31
 4222 27eb 00000000 		.long	.LASF482
 4223 27ef 07       		.byte	0x7
 4224 27f0 B6       		.byte	0xb6
 4225 27f1 05       		.byte	0x5
 4226 27f2 00000000 		.long	.LASF484
 4227 27f6 0E280000 		.long	0x280e
 4228 27fa 0B       		.uleb128 0xb
 4229 27fb 00000000 		.long	.LASF234
 4230 27ff 8F320000 		.long	0x328f
 4231 2803 01       		.uleb128 0x1
 4232 2804 8F320000 		.long	0x328f
 4233 2808 01       		.uleb128 0x1
 4234 2809 8F320000 		.long	0x328f
 4235 280d 00       		.byte	0
 4236 280e 39       		.uleb128 0x39
 4237 280f 00000000 		.long	.LASF485
 4238 2813 B103     		.value	0x3b1
 4239 2815 05       		.byte	0x5
 4240 2816 00000000 		.long	.LASF487
 4241 281a 40280000 		.long	0x2840
 4242 281e 0B       		.uleb128 0xb
 4243 281f 00000000 		.long	.LASF234
 4244 2823 8F320000 		.long	0x328f
 4245 2827 08       		.uleb128 0x8
 4246 2828 5F547000 		.string	"_Tp"
 4247 282c 61320000 		.long	0x3261
 4248 2830 01       		.uleb128 0x1
 4249 2831 8F320000 		.long	0x328f
 4250 2835 01       		.uleb128 0x1
 4251 2836 8F320000 		.long	0x328f
 4252 283a 01       		.uleb128 0x1
 4253 283b C1320000 		.long	0x32c1
 4254 283f 00       		.byte	0
 4255 2840 3F       		.uleb128 0x3f
 4256 2841 00000000 		.long	.LASF488
 4257 2845 01       		.byte	0x1
 4258 2846 2E04     		.value	0x42e
 4259 2848 00000000 		.long	.LASF489
 4260 284c E42B0000 		.long	0x2be4
 4261 2850 08       		.uleb128 0x8
 4262 2851 5F547000 		.string	"_Tp"
 4263 2855 932C0000 		.long	0x2c93
 4264 2859 08       		.uleb128 0x8
 4265 285a 5F557000 		.string	"_Up"
 4266 285e 722C0000 		.long	0x2c72
 4267 2862 01       		.uleb128 0x1
 4268 2863 932C0000 		.long	0x2c93
 4269 2867 01       		.uleb128 0x1
 4270 2868 722C0000 		.long	0x2c72
 4271 286c 00       		.byte	0
 4272 286d 00       		.byte	0
 4273 286e 0C       		.uleb128 0xc
 4274 286f 04       		.byte	0x4
 4275 2870 07       		.byte	0x7
GAS LISTING /tmp/ccHMMbxq.s 			page 76


 4276 2871 00000000 		.long	.LASF542
 4277 2875 53       		.uleb128 0x53
 4278 2876 00000000 		.long	.LASF490
 4279 287a 04       		.byte	0x4
 4280 287b 5701     		.value	0x157
 4281 287d 0B       		.byte	0xb
 4282 287e 432C0000 		.long	0x2c43
 4283 2882 35       		.uleb128 0x35
 4284 2883 00000000 		.long	.LASF491
 4285 2887 11       		.byte	0x11
 4286 2888 25       		.byte	0x25
 4287 2889 0B       		.byte	0xb
 4288 288a 15       		.uleb128 0x15
 4289 288b 00000000 		.long	.LASF492
 4290 288f 01       		.byte	0x1
 4291 2890 12       		.byte	0x12
 4292 2891 2D       		.byte	0x2d
 4293 2892 0A       		.byte	0xa
 4294 2893 99290000 		.long	0x2999
 4295 2897 02       		.uleb128 0x2
 4296 2898 12       		.byte	0x12
 4297 2899 2D       		.byte	0x2d
 4298 289a 0A       		.byte	0xa
 4299 289b 94150000 		.long	0x1594
 4300 289f 02       		.uleb128 0x2
 4301 28a0 12       		.byte	0x12
 4302 28a1 2D       		.byte	0x2d
 4303 28a2 0A       		.byte	0xa
 4304 28a3 55150000 		.long	0x1555
 4305 28a7 02       		.uleb128 0x2
 4306 28a8 12       		.byte	0x12
 4307 28a9 2D       		.byte	0x2d
 4308 28aa 0A       		.byte	0xa
 4309 28ab C6150000 		.long	0x15c6
 4310 28af 02       		.uleb128 0x2
 4311 28b0 12       		.byte	0x12
 4312 28b1 2D       		.byte	0x2d
 4313 28b2 0A       		.byte	0xa
 4314 28b3 E6150000 		.long	0x15e6
 4315 28b7 2F       		.uleb128 0x2f
 4316 28b8 3A150000 		.long	0x153a
 4317 28bc 12       		.uleb128 0x12
 4318 28bd 00000000 		.long	.LASF493
 4319 28c1 12       		.byte	0x12
 4320 28c2 61       		.byte	0x61
 4321 28c3 1D       		.byte	0x1d
 4322 28c4 00000000 		.long	.LASF494
 4323 28c8 AB140000 		.long	0x14ab
 4324 28cc D6280000 		.long	0x28d6
 4325 28d0 01       		.uleb128 0x1
 4326 28d1 BC320000 		.long	0x32bc
 4327 28d5 00       		.byte	0
 4328 28d6 31       		.uleb128 0x31
 4329 28d7 00000000 		.long	.LASF495
 4330 28db 12       		.byte	0x12
 4331 28dc 65       		.byte	0x65
 4332 28dd 26       		.byte	0x26
GAS LISTING /tmp/ccHMMbxq.s 			page 77


 4333 28de 00000000 		.long	.LASF496
 4334 28e2 F1280000 		.long	0x28f1
 4335 28e6 01       		.uleb128 0x1
 4336 28e7 C1320000 		.long	0x32c1
 4337 28eb 01       		.uleb128 0x1
 4338 28ec C1320000 		.long	0x32c1
 4339 28f0 00       		.byte	0
 4340 28f1 2A       		.uleb128 0x2a
 4341 28f2 00000000 		.long	.LASF497
 4342 28f6 69       		.byte	0x69
 4343 28f7 00000000 		.long	.LASF498
 4344 28fb A42E0000 		.long	0x2ea4
 4345 28ff 2A       		.uleb128 0x2a
 4346 2900 00000000 		.long	.LASF499
 4347 2904 6D       		.byte	0x6d
 4348 2905 00000000 		.long	.LASF500
 4349 2909 A42E0000 		.long	0x2ea4
 4350 290d 2A       		.uleb128 0x2a
 4351 290e 00000000 		.long	.LASF501
 4352 2912 71       		.byte	0x71
 4353 2913 00000000 		.long	.LASF502
 4354 2917 A42E0000 		.long	0x2ea4
 4355 291b 2A       		.uleb128 0x2a
 4356 291c 00000000 		.long	.LASF503
 4357 2920 75       		.byte	0x75
 4358 2921 00000000 		.long	.LASF504
 4359 2925 A42E0000 		.long	0x2ea4
 4360 2929 2A       		.uleb128 0x2a
 4361 292a 00000000 		.long	.LASF505
 4362 292e 79       		.byte	0x79
 4363 292f 00000000 		.long	.LASF506
 4364 2933 A42E0000 		.long	0x2ea4
 4365 2937 0F       		.uleb128 0xf
 4366 2938 00000000 		.long	.LASF221
 4367 293c 12       		.byte	0x12
 4368 293d 35       		.byte	0x35
 4369 293e 35       		.byte	0x35
 4370 293f 1C160000 		.long	0x161c
 4371 2943 07       		.uleb128 0x7
 4372 2944 37290000 		.long	0x2937
 4373 2948 0F       		.uleb128 0xf
 4374 2949 00000000 		.long	.LASF240
 4375 294d 12       		.byte	0x12
 4376 294e 36       		.byte	0x36
 4377 294f 35       		.byte	0x35
 4378 2950 48150000 		.long	0x1548
 4379 2954 0F       		.uleb128 0xf
 4380 2955 00000000 		.long	.LASF241
 4381 2959 12       		.byte	0x12
 4382 295a 3B       		.byte	0x3b
 4383 295b 35       		.byte	0x35
 4384 295c D0320000 		.long	0x32d0
 4385 2960 0F       		.uleb128 0xf
 4386 2961 00000000 		.long	.LASF246
 4387 2965 12       		.byte	0x12
 4388 2966 3C       		.byte	0x3c
 4389 2967 35       		.byte	0x35
GAS LISTING /tmp/ccHMMbxq.s 			page 78


 4390 2968 D5320000 		.long	0x32d5
 4391 296c 15       		.uleb128 0x15
 4392 296d 00000000 		.long	.LASF507
 4393 2971 01       		.byte	0x1
 4394 2972 12       		.byte	0x12
 4395 2973 7D       		.byte	0x7d
 4396 2974 0E       		.byte	0xe
 4397 2975 8F290000 		.long	0x298f
 4398 2979 0F       		.uleb128 0xf
 4399 297a 00000000 		.long	.LASF508
 4400 297e 12       		.byte	0x12
 4401 297f 7E       		.byte	0x7e
 4402 2980 41       		.byte	0x41
 4403 2981 29160000 		.long	0x1629
 4404 2985 08       		.uleb128 0x8
 4405 2986 5F547000 		.string	"_Tp"
 4406 298a 61320000 		.long	0x3261
 4407 298e 00       		.byte	0
 4408 298f 0B       		.uleb128 0xb
 4409 2990 00000000 		.long	.LASF319
 4410 2994 AB140000 		.long	0x14ab
 4411 2998 00       		.byte	0
 4412 2999 3B       		.uleb128 0x3b
 4413 299a 00000000 		.long	.LASF509
 4414 299e 08       		.byte	0x8
 4415 299f 13       		.byte	0x13
 4416 29a0 1704     		.value	0x417
 4417 29a2 CD2B0000 		.long	0x2bcd
 4418 29a6 54       		.uleb128 0x54
 4419 29a7 00000000 		.long	.LASF626
 4420 29ab 13       		.byte	0x13
 4421 29ac 1A04     		.value	0x41a
 4422 29ae 11       		.byte	0x11
 4423 29af 8F320000 		.long	0x328f
 4424 29b3 00       		.byte	0
 4425 29b4 02       		.byte	0x2
 4426 29b5 0A       		.uleb128 0xa
 4427 29b6 00000000 		.long	.LASF510
 4428 29ba 13       		.byte	0x13
 4429 29bb 3004     		.value	0x430
 4430 29bd 1A       		.byte	0x1a
 4431 29be 00000000 		.long	.LASF511
 4432 29c2 01       		.byte	0x1
 4433 29c3 CB290000 		.long	0x29cb
 4434 29c7 D1290000 		.long	0x29d1
 4435 29cb 03       		.uleb128 0x3
 4436 29cc 79330000 		.long	0x3379
 4437 29d0 00       		.byte	0
 4438 29d1 30       		.uleb128 0x30
 4439 29d2 00000000 		.long	.LASF510
 4440 29d6 13       		.byte	0x13
 4441 29d7 3404     		.value	0x434
 4442 29d9 00000000 		.long	.LASF512
 4443 29dd E5290000 		.long	0x29e5
 4444 29e1 F0290000 		.long	0x29f0
 4445 29e5 03       		.uleb128 0x3
 4446 29e6 79330000 		.long	0x3379
GAS LISTING /tmp/ccHMMbxq.s 			page 79


 4447 29ea 01       		.uleb128 0x1
 4448 29eb 83330000 		.long	0x3383
 4449 29ef 00       		.byte	0
 4450 29f0 16       		.uleb128 0x16
 4451 29f1 00000000 		.long	.LASF241
 4452 29f5 13       		.byte	0x13
 4453 29f6 2904     		.value	0x429
 4454 29f8 32       		.byte	0x32
 4455 29f9 8E260000 		.long	0x268e
 4456 29fd 05       		.uleb128 0x5
 4457 29fe 00000000 		.long	.LASF513
 4458 2a02 13       		.byte	0x13
 4459 2a03 4B04     		.value	0x44b
 4460 2a05 07       		.byte	0x7
 4461 2a06 00000000 		.long	.LASF514
 4462 2a0a F0290000 		.long	0x29f0
 4463 2a0e 01       		.byte	0x1
 4464 2a0f 172A0000 		.long	0x2a17
 4465 2a13 1D2A0000 		.long	0x2a1d
 4466 2a17 03       		.uleb128 0x3
 4467 2a18 88330000 		.long	0x3388
 4468 2a1c 00       		.byte	0
 4469 2a1d 16       		.uleb128 0x16
 4470 2a1e 00000000 		.long	.LASF240
 4471 2a22 13       		.byte	0x13
 4472 2a23 2A04     		.value	0x42a
 4473 2a25 32       		.byte	0x32
 4474 2a26 82260000 		.long	0x2682
 4475 2a2a 05       		.uleb128 0x5
 4476 2a2b 00000000 		.long	.LASF515
 4477 2a2f 13       		.byte	0x13
 4478 2a30 5004     		.value	0x450
 4479 2a32 07       		.byte	0x7
 4480 2a33 00000000 		.long	.LASF516
 4481 2a37 1D2A0000 		.long	0x2a1d
 4482 2a3b 01       		.byte	0x1
 4483 2a3c 442A0000 		.long	0x2a44
 4484 2a40 4A2A0000 		.long	0x2a4a
 4485 2a44 03       		.uleb128 0x3
 4486 2a45 88330000 		.long	0x3388
 4487 2a49 00       		.byte	0
 4488 2a4a 05       		.uleb128 0x5
 4489 2a4b 00000000 		.long	.LASF517
 4490 2a4f 13       		.byte	0x13
 4491 2a50 5504     		.value	0x455
 4492 2a52 07       		.byte	0x7
 4493 2a53 00000000 		.long	.LASF518
 4494 2a57 92330000 		.long	0x3392
 4495 2a5b 01       		.byte	0x1
 4496 2a5c 642A0000 		.long	0x2a64
 4497 2a60 6A2A0000 		.long	0x2a6a
 4498 2a64 03       		.uleb128 0x3
 4499 2a65 79330000 		.long	0x3379
 4500 2a69 00       		.byte	0
 4501 2a6a 05       		.uleb128 0x5
 4502 2a6b 00000000 		.long	.LASF517
 4503 2a6f 13       		.byte	0x13
GAS LISTING /tmp/ccHMMbxq.s 			page 80


 4504 2a70 5D04     		.value	0x45d
 4505 2a72 07       		.byte	0x7
 4506 2a73 00000000 		.long	.LASF519
 4507 2a77 99290000 		.long	0x2999
 4508 2a7b 01       		.byte	0x1
 4509 2a7c 842A0000 		.long	0x2a84
 4510 2a80 8F2A0000 		.long	0x2a8f
 4511 2a84 03       		.uleb128 0x3
 4512 2a85 79330000 		.long	0x3379
 4513 2a89 01       		.uleb128 0x1
 4514 2a8a 722C0000 		.long	0x2c72
 4515 2a8e 00       		.byte	0
 4516 2a8f 05       		.uleb128 0x5
 4517 2a90 00000000 		.long	.LASF520
 4518 2a94 13       		.byte	0x13
 4519 2a95 6304     		.value	0x463
 4520 2a97 07       		.byte	0x7
 4521 2a98 00000000 		.long	.LASF521
 4522 2a9c 92330000 		.long	0x3392
 4523 2aa0 01       		.byte	0x1
 4524 2aa1 A92A0000 		.long	0x2aa9
 4525 2aa5 AF2A0000 		.long	0x2aaf
 4526 2aa9 03       		.uleb128 0x3
 4527 2aaa 79330000 		.long	0x3379
 4528 2aae 00       		.byte	0
 4529 2aaf 05       		.uleb128 0x5
 4530 2ab0 00000000 		.long	.LASF520
 4531 2ab4 13       		.byte	0x13
 4532 2ab5 6B04     		.value	0x46b
 4533 2ab7 07       		.byte	0x7
 4534 2ab8 00000000 		.long	.LASF522
 4535 2abc 99290000 		.long	0x2999
 4536 2ac0 01       		.byte	0x1
 4537 2ac1 C92A0000 		.long	0x2ac9
 4538 2ac5 D42A0000 		.long	0x2ad4
 4539 2ac9 03       		.uleb128 0x3
 4540 2aca 79330000 		.long	0x3379
 4541 2ace 01       		.uleb128 0x1
 4542 2acf 722C0000 		.long	0x2c72
 4543 2ad3 00       		.byte	0
 4544 2ad4 05       		.uleb128 0x5
 4545 2ad5 00000000 		.long	.LASF389
 4546 2ad9 13       		.byte	0x13
 4547 2ada 7104     		.value	0x471
 4548 2adc 07       		.byte	0x7
 4549 2add 00000000 		.long	.LASF523
 4550 2ae1 F0290000 		.long	0x29f0
 4551 2ae5 01       		.byte	0x1
 4552 2ae6 EE2A0000 		.long	0x2aee
 4553 2aea F92A0000 		.long	0x2af9
 4554 2aee 03       		.uleb128 0x3
 4555 2aef 88330000 		.long	0x3388
 4556 2af3 01       		.uleb128 0x1
 4557 2af4 F92A0000 		.long	0x2af9
 4558 2af8 00       		.byte	0
 4559 2af9 16       		.uleb128 0x16
 4560 2afa 00000000 		.long	.LASF459
GAS LISTING /tmp/ccHMMbxq.s 			page 81


 4561 2afe 13       		.byte	0x13
 4562 2aff 2804     		.value	0x428
 4563 2b01 38       		.byte	0x38
 4564 2b02 76260000 		.long	0x2676
 4565 2b06 05       		.uleb128 0x5
 4566 2b07 00000000 		.long	.LASF524
 4567 2b0b 13       		.byte	0x13
 4568 2b0c 7604     		.value	0x476
 4569 2b0e 07       		.byte	0x7
 4570 2b0f 00000000 		.long	.LASF525
 4571 2b13 92330000 		.long	0x3392
 4572 2b17 01       		.byte	0x1
 4573 2b18 202B0000 		.long	0x2b20
 4574 2b1c 2B2B0000 		.long	0x2b2b
 4575 2b20 03       		.uleb128 0x3
 4576 2b21 79330000 		.long	0x3379
 4577 2b25 01       		.uleb128 0x1
 4578 2b26 F92A0000 		.long	0x2af9
 4579 2b2a 00       		.byte	0
 4580 2b2b 05       		.uleb128 0x5
 4581 2b2c 00000000 		.long	.LASF526
 4582 2b30 13       		.byte	0x13
 4583 2b31 7B04     		.value	0x47b
 4584 2b33 07       		.byte	0x7
 4585 2b34 00000000 		.long	.LASF527
 4586 2b38 99290000 		.long	0x2999
 4587 2b3c 01       		.byte	0x1
 4588 2b3d 452B0000 		.long	0x2b45
 4589 2b41 502B0000 		.long	0x2b50
 4590 2b45 03       		.uleb128 0x3
 4591 2b46 88330000 		.long	0x3388
 4592 2b4a 01       		.uleb128 0x1
 4593 2b4b F92A0000 		.long	0x2af9
 4594 2b4f 00       		.byte	0
 4595 2b50 05       		.uleb128 0x5
 4596 2b51 00000000 		.long	.LASF528
 4597 2b55 13       		.byte	0x13
 4598 2b56 8004     		.value	0x480
 4599 2b58 07       		.byte	0x7
 4600 2b59 00000000 		.long	.LASF529
 4601 2b5d 92330000 		.long	0x3392
 4602 2b61 01       		.byte	0x1
 4603 2b62 6A2B0000 		.long	0x2b6a
 4604 2b66 752B0000 		.long	0x2b75
 4605 2b6a 03       		.uleb128 0x3
 4606 2b6b 79330000 		.long	0x3379
 4607 2b6f 01       		.uleb128 0x1
 4608 2b70 F92A0000 		.long	0x2af9
 4609 2b74 00       		.byte	0
 4610 2b75 05       		.uleb128 0x5
 4611 2b76 00000000 		.long	.LASF530
 4612 2b7a 13       		.byte	0x13
 4613 2b7b 8504     		.value	0x485
 4614 2b7d 07       		.byte	0x7
 4615 2b7e 00000000 		.long	.LASF531
 4616 2b82 99290000 		.long	0x2999
 4617 2b86 01       		.byte	0x1
GAS LISTING /tmp/ccHMMbxq.s 			page 82


 4618 2b87 8F2B0000 		.long	0x2b8f
 4619 2b8b 9A2B0000 		.long	0x2b9a
 4620 2b8f 03       		.uleb128 0x3
 4621 2b90 88330000 		.long	0x3388
 4622 2b94 01       		.uleb128 0x1
 4623 2b95 F92A0000 		.long	0x2af9
 4624 2b99 00       		.byte	0
 4625 2b9a 05       		.uleb128 0x5
 4626 2b9b 00000000 		.long	.LASF532
 4627 2b9f 13       		.byte	0x13
 4628 2ba0 8A04     		.value	0x48a
 4629 2ba2 07       		.byte	0x7
 4630 2ba3 00000000 		.long	.LASF533
 4631 2ba7 83330000 		.long	0x3383
 4632 2bab 01       		.byte	0x1
 4633 2bac B42B0000 		.long	0x2bb4
 4634 2bb0 BA2B0000 		.long	0x2bba
 4635 2bb4 03       		.uleb128 0x3
 4636 2bb5 88330000 		.long	0x3388
 4637 2bb9 00       		.byte	0
 4638 2bba 0B       		.uleb128 0xb
 4639 2bbb 00000000 		.long	.LASF473
 4640 2bbf 8F320000 		.long	0x328f
 4641 2bc3 0B       		.uleb128 0xb
 4642 2bc4 00000000 		.long	.LASF534
 4643 2bc8 281A0000 		.long	0x1a28
 4644 2bcc 00       		.byte	0
 4645 2bcd 07       		.uleb128 0x7
 4646 2bce 99290000 		.long	0x2999
 4647 2bd2 2D       		.uleb128 0x2d
 4648 2bd3 00000000 		.long	.LASF535
 4649 2bd7 15       		.uleb128 0x15
 4650 2bd8 00000000 		.long	.LASF536
 4651 2bdc 01       		.byte	0x1
 4652 2bdd 14       		.byte	0x14
 4653 2bde F4       		.byte	0xf4
 4654 2bdf 0C       		.byte	0xc
 4655 2be0 152C0000 		.long	0x2c15
 4656 2be4 0F       		.uleb128 0xf
 4657 2be5 00000000 		.long	.LASF537
 4658 2be9 14       		.byte	0x14
 4659 2bea F6       		.byte	0xf6
 4660 2beb 2B       		.byte	0x2b
 4661 2bec 932C0000 		.long	0x2c93
 4662 2bf0 08       		.uleb128 0x8
 4663 2bf1 5F547000 		.string	"_Tp"
 4664 2bf5 932C0000 		.long	0x2c93
 4665 2bf9 08       		.uleb128 0x8
 4666 2bfa 5F557000 		.string	"_Up"
 4667 2bfe 722C0000 		.long	0x2c72
 4668 2c02 0B       		.uleb128 0xb
 4669 2c03 00000000 		.long	.LASF538
 4670 2c07 932C0000 		.long	0x2c93
 4671 2c0b 0B       		.uleb128 0xb
 4672 2c0c 00000000 		.long	.LASF539
 4673 2c10 932C0000 		.long	0x2c93
 4674 2c14 00       		.byte	0
GAS LISTING /tmp/ccHMMbxq.s 			page 83


 4675 2c15 3F       		.uleb128 0x3f
 4676 2c16 00000000 		.long	.LASF540
 4677 2c1a 13       		.byte	0x13
 4678 2c1b 3605     		.value	0x536
 4679 2c1d 00000000 		.long	.LASF541
 4680 2c21 F92A0000 		.long	0x2af9
 4681 2c25 0B       		.uleb128 0xb
 4682 2c26 00000000 		.long	.LASF473
 4683 2c2a 8F320000 		.long	0x328f
 4684 2c2e 0B       		.uleb128 0xb
 4685 2c2f 00000000 		.long	.LASF534
 4686 2c33 281A0000 		.long	0x1a28
 4687 2c37 01       		.uleb128 0x1
 4688 2c38 78370000 		.long	0x3778
 4689 2c3c 01       		.uleb128 0x1
 4690 2c3d 78370000 		.long	0x3778
 4691 2c41 00       		.byte	0
 4692 2c42 00       		.byte	0
 4693 2c43 0C       		.uleb128 0xc
 4694 2c44 01       		.byte	0x1
 4695 2c45 08       		.byte	0x8
 4696 2c46 00000000 		.long	.LASF543
 4697 2c4a 0C       		.uleb128 0xc
 4698 2c4b 02       		.byte	0x2
 4699 2c4c 07       		.byte	0x7
 4700 2c4d 00000000 		.long	.LASF544
 4701 2c51 0C       		.uleb128 0xc
 4702 2c52 08       		.byte	0x8
 4703 2c53 07       		.byte	0x7
 4704 2c54 00000000 		.long	.LASF545
 4705 2c58 07       		.uleb128 0x7
 4706 2c59 512C0000 		.long	0x2c51
 4707 2c5d 0C       		.uleb128 0xc
 4708 2c5e 08       		.byte	0x8
 4709 2c5f 07       		.byte	0x7
 4710 2c60 00000000 		.long	.LASF546
 4711 2c64 0C       		.uleb128 0xc
 4712 2c65 01       		.byte	0x1
 4713 2c66 06       		.byte	0x6
 4714 2c67 00000000 		.long	.LASF547
 4715 2c6b 0C       		.uleb128 0xc
 4716 2c6c 02       		.byte	0x2
 4717 2c6d 05       		.byte	0x5
 4718 2c6e 00000000 		.long	.LASF548
 4719 2c72 55       		.uleb128 0x55
 4720 2c73 04       		.byte	0x4
 4721 2c74 05       		.byte	0x5
 4722 2c75 696E7400 		.string	"int"
 4723 2c79 07       		.uleb128 0x7
 4724 2c7a 722C0000 		.long	0x2c72
 4725 2c7e 0C       		.uleb128 0xc
 4726 2c7f 08       		.byte	0x8
 4727 2c80 05       		.byte	0x5
 4728 2c81 00000000 		.long	.LASF549
 4729 2c85 0C       		.uleb128 0xc
 4730 2c86 08       		.byte	0x8
 4731 2c87 05       		.byte	0x5
GAS LISTING /tmp/ccHMMbxq.s 			page 84


 4732 2c88 00000000 		.long	.LASF550
 4733 2c8c 0C       		.uleb128 0xc
 4734 2c8d 10       		.byte	0x10
 4735 2c8e 04       		.byte	0x4
 4736 2c8f 00000000 		.long	.LASF551
 4737 2c93 0C       		.uleb128 0xc
 4738 2c94 08       		.byte	0x8
 4739 2c95 04       		.byte	0x4
 4740 2c96 00000000 		.long	.LASF552
 4741 2c9a 0C       		.uleb128 0xc
 4742 2c9b 04       		.byte	0x4
 4743 2c9c 04       		.byte	0x4
 4744 2c9d 00000000 		.long	.LASF553
 4745 2ca1 56       		.uleb128 0x56
 4746 2ca2 08       		.byte	0x8
 4747 2ca3 0C       		.uleb128 0xc
 4748 2ca4 01       		.byte	0x1
 4749 2ca5 06       		.byte	0x6
 4750 2ca6 00000000 		.long	.LASF554
 4751 2caa 07       		.uleb128 0x7
 4752 2cab A32C0000 		.long	0x2ca3
 4753 2caf 0F       		.uleb128 0xf
 4754 2cb0 00000000 		.long	.LASF555
 4755 2cb4 15       		.byte	0x15
 4756 2cb5 A3       		.byte	0xa3
 4757 2cb6 0F       		.byte	0xf
 4758 2cb7 9A2C0000 		.long	0x2c9a
 4759 2cbb 0F       		.uleb128 0xf
 4760 2cbc 00000000 		.long	.LASF556
 4761 2cc0 15       		.byte	0x15
 4762 2cc1 A4       		.byte	0xa4
 4763 2cc2 10       		.byte	0x10
 4764 2cc3 932C0000 		.long	0x2c93
 4765 2cc7 0C       		.uleb128 0xc
 4766 2cc8 04       		.byte	0x4
 4767 2cc9 04       		.byte	0x4
 4768 2cca 00000000 		.long	.LASF557
 4769 2cce 0C       		.uleb128 0xc
 4770 2ccf 08       		.byte	0x8
 4771 2cd0 04       		.byte	0x4
 4772 2cd1 00000000 		.long	.LASF558
 4773 2cd5 0C       		.uleb128 0xc
 4774 2cd6 10       		.byte	0x10
 4775 2cd7 04       		.byte	0x4
 4776 2cd8 00000000 		.long	.LASF559
 4777 2cdc 0C       		.uleb128 0xc
 4778 2cdd 08       		.byte	0x8
 4779 2cde 04       		.byte	0x4
 4780 2cdf 00000000 		.long	.LASF560
 4781 2ce3 0C       		.uleb128 0xc
 4782 2ce4 10       		.byte	0x10
 4783 2ce5 04       		.byte	0x4
 4784 2ce6 00000000 		.long	.LASF561
 4785 2cea 0D       		.uleb128 0xd
 4786 2ceb AA2C0000 		.long	0x2caa
 4787 2cef 0D       		.uleb128 0xd
 4788 2cf0 F42C0000 		.long	0x2cf4
GAS LISTING /tmp/ccHMMbxq.s 			page 85


 4789 2cf4 57       		.uleb128 0x57
 4790 2cf5 02       		.uleb128 0x2
 4791 2cf6 16       		.byte	0x16
 4792 2cf7 26       		.byte	0x26
 4793 2cf8 0C       		.byte	0xc
 4794 2cf9 3B000000 		.long	0x3b
 4795 2cfd 02       		.uleb128 0x2
 4796 2cfe 16       		.byte	0x16
 4797 2cff 26       		.byte	0x26
 4798 2d00 0C       		.byte	0xc
 4799 2d01 54000000 		.long	0x54
 4800 2d05 02       		.uleb128 0x2
 4801 2d06 16       		.byte	0x16
 4802 2d07 26       		.byte	0x26
 4803 2d08 0C       		.byte	0xc
 4804 2d09 6D000000 		.long	0x6d
 4805 2d0d 02       		.uleb128 0x2
 4806 2d0e 16       		.byte	0x16
 4807 2d0f 26       		.byte	0x26
 4808 2d10 0C       		.byte	0xc
 4809 2d11 86000000 		.long	0x86
 4810 2d15 02       		.uleb128 0x2
 4811 2d16 16       		.byte	0x16
 4812 2d17 26       		.byte	0x26
 4813 2d18 0C       		.byte	0xc
 4814 2d19 9F000000 		.long	0x9f
 4815 2d1d 02       		.uleb128 0x2
 4816 2d1e 16       		.byte	0x16
 4817 2d1f 27       		.byte	0x27
 4818 2d20 0C       		.byte	0xc
 4819 2d21 B8000000 		.long	0xb8
 4820 2d25 02       		.uleb128 0x2
 4821 2d26 16       		.byte	0x16
 4822 2d27 27       		.byte	0x27
 4823 2d28 0C       		.byte	0xc
 4824 2d29 D2000000 		.long	0xd2
 4825 2d2d 02       		.uleb128 0x2
 4826 2d2e 16       		.byte	0x16
 4827 2d2f 28       		.byte	0x28
 4828 2d30 0C       		.byte	0xc
 4829 2d31 EC000000 		.long	0xec
 4830 2d35 02       		.uleb128 0x2
 4831 2d36 16       		.byte	0x16
 4832 2d37 28       		.byte	0x28
 4833 2d38 0C       		.byte	0xc
 4834 2d39 06010000 		.long	0x106
 4835 2d3d 02       		.uleb128 0x2
 4836 2d3e 16       		.byte	0x16
 4837 2d3f 29       		.byte	0x29
 4838 2d40 0C       		.byte	0xc
 4839 2d41 20010000 		.long	0x120
 4840 2d45 02       		.uleb128 0x2
 4841 2d46 16       		.byte	0x16
 4842 2d47 29       		.byte	0x29
 4843 2d48 0C       		.byte	0xc
 4844 2d49 3A010000 		.long	0x13a
 4845 2d4d 02       		.uleb128 0x2
GAS LISTING /tmp/ccHMMbxq.s 			page 86


 4846 2d4e 16       		.byte	0x16
 4847 2d4f 2A       		.byte	0x2a
 4848 2d50 0C       		.byte	0xc
 4849 2d51 54010000 		.long	0x154
 4850 2d55 02       		.uleb128 0x2
 4851 2d56 16       		.byte	0x16
 4852 2d57 2A       		.byte	0x2a
 4853 2d58 0C       		.byte	0xc
 4854 2d59 73010000 		.long	0x173
 4855 2d5d 02       		.uleb128 0x2
 4856 2d5e 16       		.byte	0x16
 4857 2d5f 2B       		.byte	0x2b
 4858 2d60 0C       		.byte	0xc
 4859 2d61 92010000 		.long	0x192
 4860 2d65 02       		.uleb128 0x2
 4861 2d66 16       		.byte	0x16
 4862 2d67 2B       		.byte	0x2b
 4863 2d68 0C       		.byte	0xc
 4864 2d69 AB010000 		.long	0x1ab
 4865 2d6d 02       		.uleb128 0x2
 4866 2d6e 16       		.byte	0x16
 4867 2d6f 2C       		.byte	0x2c
 4868 2d70 0C       		.byte	0xc
 4869 2d71 C4010000 		.long	0x1c4
 4870 2d75 02       		.uleb128 0x2
 4871 2d76 16       		.byte	0x16
 4872 2d77 2C       		.byte	0x2c
 4873 2d78 0C       		.byte	0xc
 4874 2d79 DD010000 		.long	0x1dd
 4875 2d7d 02       		.uleb128 0x2
 4876 2d7e 16       		.byte	0x16
 4877 2d7f 2D       		.byte	0x2d
 4878 2d80 0C       		.byte	0xc
 4879 2d81 F6010000 		.long	0x1f6
 4880 2d85 02       		.uleb128 0x2
 4881 2d86 16       		.byte	0x16
 4882 2d87 2D       		.byte	0x2d
 4883 2d88 0C       		.byte	0xc
 4884 2d89 0F020000 		.long	0x20f
 4885 2d8d 02       		.uleb128 0x2
 4886 2d8e 16       		.byte	0x16
 4887 2d8f 2E       		.byte	0x2e
 4888 2d90 0C       		.byte	0xc
 4889 2d91 28020000 		.long	0x228
 4890 2d95 02       		.uleb128 0x2
 4891 2d96 16       		.byte	0x16
 4892 2d97 2E       		.byte	0x2e
 4893 2d98 0C       		.byte	0xc
 4894 2d99 42020000 		.long	0x242
 4895 2d9d 02       		.uleb128 0x2
 4896 2d9e 16       		.byte	0x16
 4897 2d9f 2F       		.byte	0x2f
 4898 2da0 0C       		.byte	0xc
 4899 2da1 5C020000 		.long	0x25c
 4900 2da5 02       		.uleb128 0x2
 4901 2da6 16       		.byte	0x16
 4902 2da7 2F       		.byte	0x2f
GAS LISTING /tmp/ccHMMbxq.s 			page 87


 4903 2da8 0C       		.byte	0xc
 4904 2da9 77020000 		.long	0x277
 4905 2dad 02       		.uleb128 0x2
 4906 2dae 16       		.byte	0x16
 4907 2daf 30       		.byte	0x30
 4908 2db0 0C       		.byte	0xc
 4909 2db1 92020000 		.long	0x292
 4910 2db5 02       		.uleb128 0x2
 4911 2db6 16       		.byte	0x16
 4912 2db7 30       		.byte	0x30
 4913 2db8 0C       		.byte	0xc
 4914 2db9 AD020000 		.long	0x2ad
 4915 2dbd 02       		.uleb128 0x2
 4916 2dbe 16       		.byte	0x16
 4917 2dbf 31       		.byte	0x31
 4918 2dc0 0C       		.byte	0xc
 4919 2dc1 C8020000 		.long	0x2c8
 4920 2dc5 02       		.uleb128 0x2
 4921 2dc6 16       		.byte	0x16
 4922 2dc7 31       		.byte	0x31
 4923 2dc8 0C       		.byte	0xc
 4924 2dc9 E1020000 		.long	0x2e1
 4925 2dcd 0D       		.uleb128 0xd
 4926 2dce 722C0000 		.long	0x2c72
 4927 2dd2 02       		.uleb128 0x2
 4928 2dd3 16       		.byte	0x16
 4929 2dd4 32       		.byte	0x32
 4930 2dd5 0C       		.byte	0xc
 4931 2dd6 FA020000 		.long	0x2fa
 4932 2dda 02       		.uleb128 0x2
 4933 2ddb 16       		.byte	0x16
 4934 2ddc 32       		.byte	0x32
 4935 2ddd 0C       		.byte	0xc
 4936 2dde 1A030000 		.long	0x31a
 4937 2de2 02       		.uleb128 0x2
 4938 2de3 16       		.byte	0x16
 4939 2de4 33       		.byte	0x33
 4940 2de5 0C       		.byte	0xc
 4941 2de6 3A030000 		.long	0x33a
 4942 2dea 02       		.uleb128 0x2
 4943 2deb 16       		.byte	0x16
 4944 2dec 33       		.byte	0x33
 4945 2ded 0C       		.byte	0xc
 4946 2dee 5A030000 		.long	0x35a
 4947 2df2 02       		.uleb128 0x2
 4948 2df3 16       		.byte	0x16
 4949 2df4 34       		.byte	0x34
 4950 2df5 0C       		.byte	0xc
 4951 2df6 7A030000 		.long	0x37a
 4952 2dfa 02       		.uleb128 0x2
 4953 2dfb 16       		.byte	0x16
 4954 2dfc 34       		.byte	0x34
 4955 2dfd 0C       		.byte	0xc
 4956 2dfe 93030000 		.long	0x393
 4957 2e02 02       		.uleb128 0x2
 4958 2e03 16       		.byte	0x16
 4959 2e04 35       		.byte	0x35
GAS LISTING /tmp/ccHMMbxq.s 			page 88


 4960 2e05 0C       		.byte	0xc
 4961 2e06 AC030000 		.long	0x3ac
 4962 2e0a 02       		.uleb128 0x2
 4963 2e0b 16       		.byte	0x16
 4964 2e0c 35       		.byte	0x35
 4965 2e0d 0C       		.byte	0xc
 4966 2e0e C7030000 		.long	0x3c7
 4967 2e12 0D       		.uleb128 0xd
 4968 2e13 8C2C0000 		.long	0x2c8c
 4969 2e17 02       		.uleb128 0x2
 4970 2e18 16       		.byte	0x16
 4971 2e19 36       		.byte	0x36
 4972 2e1a 0C       		.byte	0xc
 4973 2e1b E2030000 		.long	0x3e2
 4974 2e1f 0D       		.uleb128 0xd
 4975 2e20 9A2C0000 		.long	0x2c9a
 4976 2e24 02       		.uleb128 0x2
 4977 2e25 16       		.byte	0x16
 4978 2e26 36       		.byte	0x36
 4979 2e27 0C       		.byte	0xc
 4980 2e28 02040000 		.long	0x402
 4981 2e2c 02       		.uleb128 0x2
 4982 2e2d 16       		.byte	0x16
 4983 2e2e 37       		.byte	0x37
 4984 2e2f 0C       		.byte	0xc
 4985 2e30 22040000 		.long	0x422
 4986 2e34 02       		.uleb128 0x2
 4987 2e35 16       		.byte	0x16
 4988 2e36 37       		.byte	0x37
 4989 2e37 0C       		.byte	0xc
 4990 2e38 40040000 		.long	0x440
 4991 2e3c 02       		.uleb128 0x2
 4992 2e3d 16       		.byte	0x16
 4993 2e3e 38       		.byte	0x38
 4994 2e3f 0C       		.byte	0xc
 4995 2e40 5E040000 		.long	0x45e
 4996 2e44 02       		.uleb128 0x2
 4997 2e45 16       		.byte	0x16
 4998 2e46 38       		.byte	0x38
 4999 2e47 0C       		.byte	0xc
 5000 2e48 79040000 		.long	0x479
 5001 2e4c 02       		.uleb128 0x2
 5002 2e4d 16       		.byte	0x16
 5003 2e4e 39       		.byte	0x39
 5004 2e4f 0C       		.byte	0xc
 5005 2e50 94040000 		.long	0x494
 5006 2e54 02       		.uleb128 0x2
 5007 2e55 16       		.byte	0x16
 5008 2e56 39       		.byte	0x39
 5009 2e57 0C       		.byte	0xc
 5010 2e58 AE040000 		.long	0x4ae
 5011 2e5c 02       		.uleb128 0x2
 5012 2e5d 16       		.byte	0x16
 5013 2e5e 3A       		.byte	0x3a
 5014 2e5f 0C       		.byte	0xc
 5015 2e60 C8040000 		.long	0x4c8
 5016 2e64 02       		.uleb128 0x2
GAS LISTING /tmp/ccHMMbxq.s 			page 89


 5017 2e65 16       		.byte	0x16
 5018 2e66 3A       		.byte	0x3a
 5019 2e67 0C       		.byte	0xc
 5020 2e68 E2040000 		.long	0x4e2
 5021 2e6c 02       		.uleb128 0x2
 5022 2e6d 16       		.byte	0x16
 5023 2e6e 3B       		.byte	0x3b
 5024 2e6f 0C       		.byte	0xc
 5025 2e70 FC040000 		.long	0x4fc
 5026 2e74 02       		.uleb128 0x2
 5027 2e75 16       		.byte	0x16
 5028 2e76 3B       		.byte	0x3b
 5029 2e77 0C       		.byte	0xc
 5030 2e78 17050000 		.long	0x517
 5031 2e7c 02       		.uleb128 0x2
 5032 2e7d 16       		.byte	0x16
 5033 2e7e 3C       		.byte	0x3c
 5034 2e7f 0C       		.byte	0xc
 5035 2e80 31050000 		.long	0x531
 5036 2e84 02       		.uleb128 0x2
 5037 2e85 16       		.byte	0x16
 5038 2e86 3C       		.byte	0x3c
 5039 2e87 0C       		.byte	0xc
 5040 2e88 51050000 		.long	0x551
 5041 2e8c 02       		.uleb128 0x2
 5042 2e8d 16       		.byte	0x16
 5043 2e8e 3F       		.byte	0x3f
 5044 2e8f 0C       		.byte	0xc
 5045 2e90 71050000 		.long	0x571
 5046 2e94 02       		.uleb128 0x2
 5047 2e95 16       		.byte	0x16
 5048 2e96 3F       		.byte	0x3f
 5049 2e97 0C       		.byte	0xc
 5050 2e98 8C050000 		.long	0x58c
 5051 2e9c 02       		.uleb128 0x2
 5052 2e9d 16       		.byte	0x16
 5053 2e9e 3F       		.byte	0x3f
 5054 2e9f 0C       		.byte	0xc
 5055 2ea0 A7050000 		.long	0x5a7
 5056 2ea4 0C       		.uleb128 0xc
 5057 2ea5 01       		.byte	0x1
 5058 2ea6 02       		.byte	0x2
 5059 2ea7 00000000 		.long	.LASF562
 5060 2eab 02       		.uleb128 0x2
 5061 2eac 16       		.byte	0x16
 5062 2ead 40       		.byte	0x40
 5063 2eae 0C       		.byte	0xc
 5064 2eaf C2050000 		.long	0x5c2
 5065 2eb3 02       		.uleb128 0x2
 5066 2eb4 16       		.byte	0x16
 5067 2eb5 40       		.byte	0x40
 5068 2eb6 0C       		.byte	0xc
 5069 2eb7 DD050000 		.long	0x5dd
 5070 2ebb 02       		.uleb128 0x2
 5071 2ebc 16       		.byte	0x16
 5072 2ebd 40       		.byte	0x40
 5073 2ebe 0C       		.byte	0xc
GAS LISTING /tmp/ccHMMbxq.s 			page 90


 5074 2ebf F8050000 		.long	0x5f8
 5075 2ec3 02       		.uleb128 0x2
 5076 2ec4 16       		.byte	0x16
 5077 2ec5 41       		.byte	0x41
 5078 2ec6 0C       		.byte	0xc
 5079 2ec7 13060000 		.long	0x613
 5080 2ecb 02       		.uleb128 0x2
 5081 2ecc 16       		.byte	0x16
 5082 2ecd 41       		.byte	0x41
 5083 2ece 0C       		.byte	0xc
 5084 2ecf 2E060000 		.long	0x62e
 5085 2ed3 02       		.uleb128 0x2
 5086 2ed4 16       		.byte	0x16
 5087 2ed5 41       		.byte	0x41
 5088 2ed6 0C       		.byte	0xc
 5089 2ed7 49060000 		.long	0x649
 5090 2edb 02       		.uleb128 0x2
 5091 2edc 16       		.byte	0x16
 5092 2edd 42       		.byte	0x42
 5093 2ede 0C       		.byte	0xc
 5094 2edf 64060000 		.long	0x664
 5095 2ee3 02       		.uleb128 0x2
 5096 2ee4 16       		.byte	0x16
 5097 2ee5 42       		.byte	0x42
 5098 2ee6 0C       		.byte	0xc
 5099 2ee7 7F060000 		.long	0x67f
 5100 2eeb 02       		.uleb128 0x2
 5101 2eec 16       		.byte	0x16
 5102 2eed 42       		.byte	0x42
 5103 2eee 0C       		.byte	0xc
 5104 2eef 9A060000 		.long	0x69a
 5105 2ef3 02       		.uleb128 0x2
 5106 2ef4 16       		.byte	0x16
 5107 2ef5 43       		.byte	0x43
 5108 2ef6 0C       		.byte	0xc
 5109 2ef7 B5060000 		.long	0x6b5
 5110 2efb 02       		.uleb128 0x2
 5111 2efc 16       		.byte	0x16
 5112 2efd 43       		.byte	0x43
 5113 2efe 0C       		.byte	0xc
 5114 2eff D0060000 		.long	0x6d0
 5115 2f03 02       		.uleb128 0x2
 5116 2f04 16       		.byte	0x16
 5117 2f05 43       		.byte	0x43
 5118 2f06 0C       		.byte	0xc
 5119 2f07 EB060000 		.long	0x6eb
 5120 2f0b 02       		.uleb128 0x2
 5121 2f0c 16       		.byte	0x16
 5122 2f0d 44       		.byte	0x44
 5123 2f0e 0C       		.byte	0xc
 5124 2f0f 06070000 		.long	0x706
 5125 2f13 02       		.uleb128 0x2
 5126 2f14 16       		.byte	0x16
 5127 2f15 44       		.byte	0x44
 5128 2f16 0C       		.byte	0xc
 5129 2f17 21070000 		.long	0x721
 5130 2f1b 02       		.uleb128 0x2
GAS LISTING /tmp/ccHMMbxq.s 			page 91


 5131 2f1c 16       		.byte	0x16
 5132 2f1d 44       		.byte	0x44
 5133 2f1e 0C       		.byte	0xc
 5134 2f1f 3C070000 		.long	0x73c
 5135 2f23 02       		.uleb128 0x2
 5136 2f24 16       		.byte	0x16
 5137 2f25 45       		.byte	0x45
 5138 2f26 0C       		.byte	0xc
 5139 2f27 57070000 		.long	0x757
 5140 2f2b 02       		.uleb128 0x2
 5141 2f2c 16       		.byte	0x16
 5142 2f2d 45       		.byte	0x45
 5143 2f2e 0C       		.byte	0xc
 5144 2f2f 77070000 		.long	0x777
 5145 2f33 02       		.uleb128 0x2
 5146 2f34 16       		.byte	0x16
 5147 2f35 45       		.byte	0x45
 5148 2f36 0C       		.byte	0xc
 5149 2f37 97070000 		.long	0x797
 5150 2f3b 02       		.uleb128 0x2
 5151 2f3c 16       		.byte	0x16
 5152 2f3d 46       		.byte	0x46
 5153 2f3e 0C       		.byte	0xc
 5154 2f3f B7070000 		.long	0x7b7
 5155 2f43 02       		.uleb128 0x2
 5156 2f44 16       		.byte	0x16
 5157 2f45 46       		.byte	0x46
 5158 2f46 0C       		.byte	0xc
 5159 2f47 D7070000 		.long	0x7d7
 5160 2f4b 02       		.uleb128 0x2
 5161 2f4c 16       		.byte	0x16
 5162 2f4d 46       		.byte	0x46
 5163 2f4e 0C       		.byte	0xc
 5164 2f4f F7070000 		.long	0x7f7
 5165 2f53 02       		.uleb128 0x2
 5166 2f54 16       		.byte	0x16
 5167 2f55 47       		.byte	0x47
 5168 2f56 0C       		.byte	0xc
 5169 2f57 17080000 		.long	0x817
 5170 2f5b 02       		.uleb128 0x2
 5171 2f5c 16       		.byte	0x16
 5172 2f5d 47       		.byte	0x47
 5173 2f5e 0C       		.byte	0xc
 5174 2f5f 37080000 		.long	0x837
 5175 2f63 02       		.uleb128 0x2
 5176 2f64 16       		.byte	0x16
 5177 2f65 47       		.byte	0x47
 5178 2f66 0C       		.byte	0xc
 5179 2f67 57080000 		.long	0x857
 5180 2f6b 02       		.uleb128 0x2
 5181 2f6c 16       		.byte	0x16
 5182 2f6d 48       		.byte	0x48
 5183 2f6e 0C       		.byte	0xc
 5184 2f6f 77080000 		.long	0x877
 5185 2f73 02       		.uleb128 0x2
 5186 2f74 16       		.byte	0x16
 5187 2f75 48       		.byte	0x48
GAS LISTING /tmp/ccHMMbxq.s 			page 92


 5188 2f76 0C       		.byte	0xc
 5189 2f77 97080000 		.long	0x897
 5190 2f7b 02       		.uleb128 0x2
 5191 2f7c 16       		.byte	0x16
 5192 2f7d 48       		.byte	0x48
 5193 2f7e 0C       		.byte	0xc
 5194 2f7f B7080000 		.long	0x8b7
 5195 2f83 02       		.uleb128 0x2
 5196 2f84 16       		.byte	0x16
 5197 2f85 49       		.byte	0x49
 5198 2f86 0C       		.byte	0xc
 5199 2f87 D7080000 		.long	0x8d7
 5200 2f8b 02       		.uleb128 0x2
 5201 2f8c 16       		.byte	0x16
 5202 2f8d 49       		.byte	0x49
 5203 2f8e 0C       		.byte	0xc
 5204 2f8f F7080000 		.long	0x8f7
 5205 2f93 02       		.uleb128 0x2
 5206 2f94 16       		.byte	0x16
 5207 2f95 49       		.byte	0x49
 5208 2f96 0C       		.byte	0xc
 5209 2f97 17090000 		.long	0x917
 5210 2f9b 02       		.uleb128 0x2
 5211 2f9c 16       		.byte	0x16
 5212 2f9d 4A       		.byte	0x4a
 5213 2f9e 0C       		.byte	0xc
 5214 2f9f 37090000 		.long	0x937
 5215 2fa3 02       		.uleb128 0x2
 5216 2fa4 16       		.byte	0x16
 5217 2fa5 4A       		.byte	0x4a
 5218 2fa6 0C       		.byte	0xc
 5219 2fa7 57090000 		.long	0x957
 5220 2fab 02       		.uleb128 0x2
 5221 2fac 16       		.byte	0x16
 5222 2fad 4A       		.byte	0x4a
 5223 2fae 0C       		.byte	0xc
 5224 2faf 77090000 		.long	0x977
 5225 2fb3 02       		.uleb128 0x2
 5226 2fb4 16       		.byte	0x16
 5227 2fb5 4E       		.byte	0x4e
 5228 2fb6 0C       		.byte	0xc
 5229 2fb7 97090000 		.long	0x997
 5230 2fbb 02       		.uleb128 0x2
 5231 2fbc 16       		.byte	0x16
 5232 2fbd 4E       		.byte	0x4e
 5233 2fbe 0C       		.byte	0xc
 5234 2fbf B2090000 		.long	0x9b2
 5235 2fc3 02       		.uleb128 0x2
 5236 2fc4 16       		.byte	0x16
 5237 2fc5 4F       		.byte	0x4f
 5238 2fc6 0C       		.byte	0xc
 5239 2fc7 CD090000 		.long	0x9cd
 5240 2fcb 02       		.uleb128 0x2
 5241 2fcc 16       		.byte	0x16
 5242 2fcd 4F       		.byte	0x4f
 5243 2fce 0C       		.byte	0xc
 5244 2fcf E8090000 		.long	0x9e8
GAS LISTING /tmp/ccHMMbxq.s 			page 93


 5245 2fd3 02       		.uleb128 0x2
 5246 2fd4 16       		.byte	0x16
 5247 2fd5 50       		.byte	0x50
 5248 2fd6 0C       		.byte	0xc
 5249 2fd7 030A0000 		.long	0xa03
 5250 2fdb 02       		.uleb128 0x2
 5251 2fdc 16       		.byte	0x16
 5252 2fdd 50       		.byte	0x50
 5253 2fde 0C       		.byte	0xc
 5254 2fdf 1E0A0000 		.long	0xa1e
 5255 2fe3 02       		.uleb128 0x2
 5256 2fe4 16       		.byte	0x16
 5257 2fe5 51       		.byte	0x51
 5258 2fe6 0C       		.byte	0xc
 5259 2fe7 390A0000 		.long	0xa39
 5260 2feb 02       		.uleb128 0x2
 5261 2fec 16       		.byte	0x16
 5262 2fed 51       		.byte	0x51
 5263 2fee 0C       		.byte	0xc
 5264 2fef 540A0000 		.long	0xa54
 5265 2ff3 02       		.uleb128 0x2
 5266 2ff4 16       		.byte	0x16
 5267 2ff5 52       		.byte	0x52
 5268 2ff6 0C       		.byte	0xc
 5269 2ff7 6F0A0000 		.long	0xa6f
 5270 2ffb 02       		.uleb128 0x2
 5271 2ffc 16       		.byte	0x16
 5272 2ffd 52       		.byte	0x52
 5273 2ffe 0C       		.byte	0xc
 5274 2fff 8F0A0000 		.long	0xa8f
 5275 3003 02       		.uleb128 0x2
 5276 3004 16       		.byte	0x16
 5277 3005 53       		.byte	0x53
 5278 3006 0C       		.byte	0xc
 5279 3007 AF0A0000 		.long	0xaaf
 5280 300b 02       		.uleb128 0x2
 5281 300c 16       		.byte	0x16
 5282 300d 53       		.byte	0x53
 5283 300e 0C       		.byte	0xc
 5284 300f C80A0000 		.long	0xac8
 5285 3013 02       		.uleb128 0x2
 5286 3014 16       		.byte	0x16
 5287 3015 54       		.byte	0x54
 5288 3016 0C       		.byte	0xc
 5289 3017 E10A0000 		.long	0xae1
 5290 301b 02       		.uleb128 0x2
 5291 301c 16       		.byte	0x16
 5292 301d 54       		.byte	0x54
 5293 301e 0C       		.byte	0xc
 5294 301f FC0A0000 		.long	0xafc
 5295 3023 02       		.uleb128 0x2
 5296 3024 16       		.byte	0x16
 5297 3025 55       		.byte	0x55
 5298 3026 0C       		.byte	0xc
 5299 3027 170B0000 		.long	0xb17
 5300 302b 02       		.uleb128 0x2
 5301 302c 16       		.byte	0x16
GAS LISTING /tmp/ccHMMbxq.s 			page 94


 5302 302d 55       		.byte	0x55
 5303 302e 0C       		.byte	0xc
 5304 302f 320B0000 		.long	0xb32
 5305 3033 02       		.uleb128 0x2
 5306 3034 16       		.byte	0x16
 5307 3035 56       		.byte	0x56
 5308 3036 0C       		.byte	0xc
 5309 3037 4D0B0000 		.long	0xb4d
 5310 303b 02       		.uleb128 0x2
 5311 303c 16       		.byte	0x16
 5312 303d 56       		.byte	0x56
 5313 303e 0C       		.byte	0xc
 5314 303f 680B0000 		.long	0xb68
 5315 3043 02       		.uleb128 0x2
 5316 3044 16       		.byte	0x16
 5317 3045 57       		.byte	0x57
 5318 3046 0C       		.byte	0xc
 5319 3047 830B0000 		.long	0xb83
 5320 304b 02       		.uleb128 0x2
 5321 304c 16       		.byte	0x16
 5322 304d 57       		.byte	0x57
 5323 304e 0C       		.byte	0xc
 5324 304f A30B0000 		.long	0xba3
 5325 3053 02       		.uleb128 0x2
 5326 3054 16       		.byte	0x16
 5327 3055 58       		.byte	0x58
 5328 3056 0C       		.byte	0xc
 5329 3057 C30B0000 		.long	0xbc3
 5330 305b 02       		.uleb128 0x2
 5331 305c 16       		.byte	0x16
 5332 305d 58       		.byte	0x58
 5333 305e 0C       		.byte	0xc
 5334 305f E60B0000 		.long	0xbe6
 5335 3063 02       		.uleb128 0x2
 5336 3064 16       		.byte	0x16
 5337 3065 59       		.byte	0x59
 5338 3066 0C       		.byte	0xc
 5339 3067 090C0000 		.long	0xc09
 5340 306b 02       		.uleb128 0x2
 5341 306c 16       		.byte	0x16
 5342 306d 59       		.byte	0x59
 5343 306e 0C       		.byte	0xc
 5344 306f 290C0000 		.long	0xc29
 5345 3073 02       		.uleb128 0x2
 5346 3074 16       		.byte	0x16
 5347 3075 5A       		.byte	0x5a
 5348 3076 0C       		.byte	0xc
 5349 3077 490C0000 		.long	0xc49
 5350 307b 02       		.uleb128 0x2
 5351 307c 16       		.byte	0x16
 5352 307d 5A       		.byte	0x5a
 5353 307e 0C       		.byte	0xc
 5354 307f 690C0000 		.long	0xc69
 5355 3083 02       		.uleb128 0x2
 5356 3084 16       		.byte	0x16
 5357 3085 5B       		.byte	0x5b
 5358 3086 0C       		.byte	0xc
GAS LISTING /tmp/ccHMMbxq.s 			page 95


 5359 3087 890C0000 		.long	0xc89
 5360 308b 02       		.uleb128 0x2
 5361 308c 16       		.byte	0x16
 5362 308d 5B       		.byte	0x5b
 5363 308e 0C       		.byte	0xc
 5364 308f A90C0000 		.long	0xca9
 5365 3093 02       		.uleb128 0x2
 5366 3094 16       		.byte	0x16
 5367 3095 5C       		.byte	0x5c
 5368 3096 0C       		.byte	0xc
 5369 3097 C90C0000 		.long	0xcc9
 5370 309b 02       		.uleb128 0x2
 5371 309c 16       		.byte	0x16
 5372 309d 5C       		.byte	0x5c
 5373 309e 0C       		.byte	0xc
 5374 309f E40C0000 		.long	0xce4
 5375 30a3 02       		.uleb128 0x2
 5376 30a4 16       		.byte	0x16
 5377 30a5 5D       		.byte	0x5d
 5378 30a6 0C       		.byte	0xc
 5379 30a7 FF0C0000 		.long	0xcff
 5380 30ab 02       		.uleb128 0x2
 5381 30ac 16       		.byte	0x16
 5382 30ad 5D       		.byte	0x5d
 5383 30ae 0C       		.byte	0xc
 5384 30af 1A0D0000 		.long	0xd1a
 5385 30b3 02       		.uleb128 0x2
 5386 30b4 16       		.byte	0x16
 5387 30b5 5E       		.byte	0x5e
 5388 30b6 0C       		.byte	0xc
 5389 30b7 350D0000 		.long	0xd35
 5390 30bb 02       		.uleb128 0x2
 5391 30bc 16       		.byte	0x16
 5392 30bd 5E       		.byte	0x5e
 5393 30be 0C       		.byte	0xc
 5394 30bf 500D0000 		.long	0xd50
 5395 30c3 02       		.uleb128 0x2
 5396 30c4 16       		.byte	0x16
 5397 30c5 5F       		.byte	0x5f
 5398 30c6 0C       		.byte	0xc
 5399 30c7 6B0D0000 		.long	0xd6b
 5400 30cb 02       		.uleb128 0x2
 5401 30cc 16       		.byte	0x16
 5402 30cd 5F       		.byte	0x5f
 5403 30ce 0C       		.byte	0xc
 5404 30cf 860D0000 		.long	0xd86
 5405 30d3 02       		.uleb128 0x2
 5406 30d4 16       		.byte	0x16
 5407 30d5 60       		.byte	0x60
 5408 30d6 0C       		.byte	0xc
 5409 30d7 A10D0000 		.long	0xda1
 5410 30db 02       		.uleb128 0x2
 5411 30dc 16       		.byte	0x16
 5412 30dd 60       		.byte	0x60
 5413 30de 0C       		.byte	0xc
 5414 30df BC0D0000 		.long	0xdbc
 5415 30e3 02       		.uleb128 0x2
GAS LISTING /tmp/ccHMMbxq.s 			page 96


 5416 30e4 16       		.byte	0x16
 5417 30e5 61       		.byte	0x61
 5418 30e6 0C       		.byte	0xc
 5419 30e7 D70D0000 		.long	0xdd7
 5420 30eb 02       		.uleb128 0x2
 5421 30ec 16       		.byte	0x16
 5422 30ed 61       		.byte	0x61
 5423 30ee 0C       		.byte	0xc
 5424 30ef F20D0000 		.long	0xdf2
 5425 30f3 02       		.uleb128 0x2
 5426 30f4 16       		.byte	0x16
 5427 30f5 62       		.byte	0x62
 5428 30f6 0C       		.byte	0xc
 5429 30f7 0D0E0000 		.long	0xe0d
 5430 30fb 02       		.uleb128 0x2
 5431 30fc 16       		.byte	0x16
 5432 30fd 62       		.byte	0x62
 5433 30fe 0C       		.byte	0xc
 5434 30ff 280E0000 		.long	0xe28
 5435 3103 02       		.uleb128 0x2
 5436 3104 16       		.byte	0x16
 5437 3105 63       		.byte	0x63
 5438 3106 0C       		.byte	0xc
 5439 3107 430E0000 		.long	0xe43
 5440 310b 02       		.uleb128 0x2
 5441 310c 16       		.byte	0x16
 5442 310d 63       		.byte	0x63
 5443 310e 0C       		.byte	0xc
 5444 310f 5E0E0000 		.long	0xe5e
 5445 3113 02       		.uleb128 0x2
 5446 3114 16       		.byte	0x16
 5447 3115 64       		.byte	0x64
 5448 3116 0C       		.byte	0xc
 5449 3117 790E0000 		.long	0xe79
 5450 311b 02       		.uleb128 0x2
 5451 311c 16       		.byte	0x16
 5452 311d 64       		.byte	0x64
 5453 311e 0C       		.byte	0xc
 5454 311f 940E0000 		.long	0xe94
 5455 3123 02       		.uleb128 0x2
 5456 3124 16       		.byte	0x16
 5457 3125 65       		.byte	0x65
 5458 3126 0C       		.byte	0xc
 5459 3127 AF0E0000 		.long	0xeaf
 5460 312b 02       		.uleb128 0x2
 5461 312c 16       		.byte	0x16
 5462 312d 65       		.byte	0x65
 5463 312e 0C       		.byte	0xc
 5464 312f CA0E0000 		.long	0xeca
 5465 3133 02       		.uleb128 0x2
 5466 3134 16       		.byte	0x16
 5467 3135 66       		.byte	0x66
 5468 3136 0C       		.byte	0xc
 5469 3137 E50E0000 		.long	0xee5
 5470 313b 02       		.uleb128 0x2
 5471 313c 16       		.byte	0x16
 5472 313d 66       		.byte	0x66
GAS LISTING /tmp/ccHMMbxq.s 			page 97


 5473 313e 0C       		.byte	0xc
 5474 313f 050F0000 		.long	0xf05
 5475 3143 02       		.uleb128 0x2
 5476 3144 16       		.byte	0x16
 5477 3145 67       		.byte	0x67
 5478 3146 0C       		.byte	0xc
 5479 3147 250F0000 		.long	0xf25
 5480 314b 02       		.uleb128 0x2
 5481 314c 16       		.byte	0x16
 5482 314d 67       		.byte	0x67
 5483 314e 0C       		.byte	0xc
 5484 314f 450F0000 		.long	0xf45
 5485 3153 02       		.uleb128 0x2
 5486 3154 16       		.byte	0x16
 5487 3155 68       		.byte	0x68
 5488 3156 0C       		.byte	0xc
 5489 3157 650F0000 		.long	0xf65
 5490 315b 02       		.uleb128 0x2
 5491 315c 16       		.byte	0x16
 5492 315d 68       		.byte	0x68
 5493 315e 0C       		.byte	0xc
 5494 315f 850F0000 		.long	0xf85
 5495 3163 02       		.uleb128 0x2
 5496 3164 16       		.byte	0x16
 5497 3165 69       		.byte	0x69
 5498 3166 0C       		.byte	0xc
 5499 3167 A50F0000 		.long	0xfa5
 5500 316b 02       		.uleb128 0x2
 5501 316c 16       		.byte	0x16
 5502 316d 69       		.byte	0x69
 5503 316e 0C       		.byte	0xc
 5504 316f CA0F0000 		.long	0xfca
 5505 3173 02       		.uleb128 0x2
 5506 3174 16       		.byte	0x16
 5507 3175 6A       		.byte	0x6a
 5508 3176 0C       		.byte	0xc
 5509 3177 EF0F0000 		.long	0xfef
 5510 317b 02       		.uleb128 0x2
 5511 317c 16       		.byte	0x16
 5512 317d 6A       		.byte	0x6a
 5513 317e 0C       		.byte	0xc
 5514 317f 0A100000 		.long	0x100a
 5515 3183 02       		.uleb128 0x2
 5516 3184 16       		.byte	0x16
 5517 3185 6B       		.byte	0x6b
 5518 3186 0C       		.byte	0xc
 5519 3187 25100000 		.long	0x1025
 5520 318b 02       		.uleb128 0x2
 5521 318c 16       		.byte	0x16
 5522 318d 6B       		.byte	0x6b
 5523 318e 0C       		.byte	0xc
 5524 318f 40100000 		.long	0x1040
 5525 3193 02       		.uleb128 0x2
 5526 3194 16       		.byte	0x16
 5527 3195 6C       		.byte	0x6c
 5528 3196 0C       		.byte	0xc
 5529 3197 5B100000 		.long	0x105b
GAS LISTING /tmp/ccHMMbxq.s 			page 98


 5530 319b 02       		.uleb128 0x2
 5531 319c 16       		.byte	0x16
 5532 319d 6C       		.byte	0x6c
 5533 319e 0C       		.byte	0xc
 5534 319f 7B100000 		.long	0x107b
 5535 31a3 02       		.uleb128 0x2
 5536 31a4 16       		.byte	0x16
 5537 31a5 6D       		.byte	0x6d
 5538 31a6 0C       		.byte	0xc
 5539 31a7 9B100000 		.long	0x109b
 5540 31ab 02       		.uleb128 0x2
 5541 31ac 16       		.byte	0x16
 5542 31ad 6D       		.byte	0x6d
 5543 31ae 0C       		.byte	0xc
 5544 31af BB100000 		.long	0x10bb
 5545 31b3 02       		.uleb128 0x2
 5546 31b4 16       		.byte	0x16
 5547 31b5 6E       		.byte	0x6e
 5548 31b6 0C       		.byte	0xc
 5549 31b7 DB100000 		.long	0x10db
 5550 31bb 02       		.uleb128 0x2
 5551 31bc 16       		.byte	0x16
 5552 31bd 6E       		.byte	0x6e
 5553 31be 0C       		.byte	0xc
 5554 31bf F6100000 		.long	0x10f6
 5555 31c3 02       		.uleb128 0x2
 5556 31c4 16       		.byte	0x16
 5557 31c5 6F       		.byte	0x6f
 5558 31c6 0C       		.byte	0xc
 5559 31c7 11110000 		.long	0x1111
 5560 31cb 02       		.uleb128 0x2
 5561 31cc 16       		.byte	0x16
 5562 31cd 6F       		.byte	0x6f
 5563 31ce 0C       		.byte	0xc
 5564 31cf 2C110000 		.long	0x112c
 5565 31d3 0D       		.uleb128 0xd
 5566 31d4 B0110000 		.long	0x11b0
 5567 31d8 0D       		.uleb128 0xd
 5568 31d9 1E120000 		.long	0x121e
 5569 31dd 0C       		.uleb128 0xc
 5570 31de 04       		.byte	0x4
 5571 31df 05       		.byte	0x5
 5572 31e0 00000000 		.long	.LASF563
 5573 31e4 0C       		.uleb128 0xc
 5574 31e5 02       		.byte	0x2
 5575 31e6 10       		.byte	0x10
 5576 31e7 00000000 		.long	.LASF564
 5577 31eb 0C       		.uleb128 0xc
 5578 31ec 04       		.byte	0x4
 5579 31ed 10       		.byte	0x10
 5580 31ee 00000000 		.long	.LASF565
 5581 31f2 0D       		.uleb128 0xd
 5582 31f3 4A120000 		.long	0x124a
 5583 31f7 58       		.uleb128 0x58
 5584 31f8 74120000 		.long	0x1274
 5585 31fc 59       		.uleb128 0x59
 5586 31fd 00000000 		.long	.LASF566
GAS LISTING /tmp/ccHMMbxq.s 			page 99


 5587 3201 06       		.byte	0x6
 5588 3202 38       		.byte	0x38
 5589 3203 0B       		.byte	0xb
 5590 3204 11320000 		.long	0x3211
 5591 3208 5A       		.uleb128 0x5a
 5592 3209 06       		.byte	0x6
 5593 320a 3A       		.byte	0x3a
 5594 320b 18       		.byte	0x18
 5595 320c 82120000 		.long	0x1282
 5596 3210 00       		.byte	0
 5597 3211 5B       		.uleb128 0x5b
 5598 3212 00000000 		.long	.LASF627
 5599 3216 17       		.byte	0x17
 5600 3217 2F       		.byte	0x2f
 5601 3218 0B       		.byte	0xb
 5602 3219 792C0000 		.long	0x2c79
 5603 321d 37       		.byte	0x37
 5604 321e 5C       		.uleb128 0x5c
 5605 321f 00000000 		.long	.LASF567
 5606 3223 B801     		.value	0x1b8
 5607 3225 17       		.byte	0x17
 5608 3226 30       		.byte	0x30
 5609 3227 07       		.byte	0x7
 5610 3228 5C320000 		.long	0x325c
 5611 322c 20       		.uleb128 0x20
 5612 322d 00000000 		.long	.LASF389
 5613 3231 17       		.byte	0x17
 5614 3232 33       		.byte	0x33
 5615 3233 0D       		.byte	0xd
 5616 3234 00000000 		.long	.LASF568
 5617 3238 5C320000 		.long	0x325c
 5618 323c 01       		.byte	0x1
 5619 323d 45320000 		.long	0x3245
 5620 3241 50320000 		.long	0x3250
 5621 3245 03       		.uleb128 0x3
 5622 3246 61320000 		.long	0x3261
 5623 324a 01       		.uleb128 0x1
 5624 324b 722C0000 		.long	0x2c72
 5625 324f 00       		.byte	0
 5626 3250 5D       		.uleb128 0x5d
 5627 3251 6300     		.string	"c"
 5628 3253 17       		.byte	0x17
 5629 3254 38       		.byte	0x38
 5630 3255 0C       		.byte	0xc
 5631 3256 6B320000 		.long	0x326b
 5632 325a 00       		.byte	0
 5633 325b 00       		.byte	0
 5634 325c 09       		.uleb128 0x9
 5635 325d 932C0000 		.long	0x2c93
 5636 3261 0D       		.uleb128 0xd
 5637 3262 1E320000 		.long	0x321e
 5638 3266 07       		.uleb128 0x7
 5639 3267 61320000 		.long	0x3261
 5640 326b 5E       		.uleb128 0x5e
 5641 326c 932C0000 		.long	0x2c93
 5642 3270 7B320000 		.long	0x327b
 5643 3274 5F       		.uleb128 0x5f
GAS LISTING /tmp/ccHMMbxq.s 			page 100


 5644 3275 512C0000 		.long	0x2c51
 5645 3279 36       		.byte	0x36
 5646 327a 00       		.byte	0
 5647 327b 0D       		.uleb128 0xd
 5648 327c D1120000 		.long	0x12d1
 5649 3280 07       		.uleb128 0x7
 5650 3281 7B320000 		.long	0x327b
 5651 3285 09       		.uleb128 0x9
 5652 3286 A6140000 		.long	0x14a6
 5653 328a 09       		.uleb128 0x9
 5654 328b D1120000 		.long	0x12d1
 5655 328f 0D       		.uleb128 0xd
 5656 3290 61320000 		.long	0x3261
 5657 3294 07       		.uleb128 0x7
 5658 3295 8F320000 		.long	0x328f
 5659 3299 0D       		.uleb128 0xd
 5660 329a A6140000 		.long	0x14a6
 5661 329e 07       		.uleb128 0x7
 5662 329f 99320000 		.long	0x3299
 5663 32a3 09       		.uleb128 0x9
 5664 32a4 61320000 		.long	0x3261
 5665 32a8 0D       		.uleb128 0xd
 5666 32a9 66320000 		.long	0x3266
 5667 32ad 09       		.uleb128 0x9
 5668 32ae 66320000 		.long	0x3266
 5669 32b2 0D       		.uleb128 0xd
 5670 32b3 AB140000 		.long	0x14ab
 5671 32b7 07       		.uleb128 0x7
 5672 32b8 B2320000 		.long	0x32b2
 5673 32bc 09       		.uleb128 0x9
 5674 32bd 35150000 		.long	0x1535
 5675 32c1 09       		.uleb128 0x9
 5676 32c2 AB140000 		.long	0x14ab
 5677 32c6 09       		.uleb128 0x9
 5678 32c7 75150000 		.long	0x1575
 5679 32cb 09       		.uleb128 0x9
 5680 32cc 82150000 		.long	0x1582
 5681 32d0 09       		.uleb128 0x9
 5682 32d1 37290000 		.long	0x2937
 5683 32d5 09       		.uleb128 0x9
 5684 32d6 43290000 		.long	0x2943
 5685 32da 0D       		.uleb128 0xd
 5686 32db 79160000 		.long	0x1679
 5687 32df 07       		.uleb128 0x7
 5688 32e0 DA320000 		.long	0x32da
 5689 32e4 26       		.uleb128 0x26
 5690 32e5 79160000 		.long	0x1679
 5691 32e9 09       		.uleb128 0x9
 5692 32ea 15170000 		.long	0x1715
 5693 32ee 09       		.uleb128 0x9
 5694 32ef 79160000 		.long	0x1679
 5695 32f3 0D       		.uleb128 0xd
 5696 32f4 26170000 		.long	0x1726
 5697 32f8 07       		.uleb128 0x7
 5698 32f9 F3320000 		.long	0x32f3
 5699 32fd 09       		.uleb128 0x9
 5700 32fe F3170000 		.long	0x17f3
GAS LISTING /tmp/ccHMMbxq.s 			page 101


 5701 3302 26       		.uleb128 0x26
 5702 3303 26170000 		.long	0x1726
 5703 3307 26       		.uleb128 0x26
 5704 3308 E7170000 		.long	0x17e7
 5705 330c 09       		.uleb128 0x9
 5706 330d E7170000 		.long	0x17e7
 5707 3311 0D       		.uleb128 0xd
 5708 3312 6C160000 		.long	0x166c
 5709 3316 07       		.uleb128 0x7
 5710 3317 11330000 		.long	0x3311
 5711 331b 0D       		.uleb128 0xd
 5712 331c 001A0000 		.long	0x1a00
 5713 3320 07       		.uleb128 0x7
 5714 3321 1B330000 		.long	0x331b
 5715 3325 09       		.uleb128 0x9
 5716 3326 3F180000 		.long	0x183f
 5717 332a 26       		.uleb128 0x26
 5718 332b 6C160000 		.long	0x166c
 5719 332f 09       		.uleb128 0x9
 5720 3330 EE1A0000 		.long	0x1aee
 5721 3334 0D       		.uleb128 0xd
 5722 3335 281A0000 		.long	0x1a28
 5723 3339 07       		.uleb128 0x7
 5724 333a 34330000 		.long	0x3334
 5725 333e 09       		.uleb128 0x9
 5726 333f 9E1B0000 		.long	0x1b9e
 5727 3343 09       		.uleb128 0x9
 5728 3344 111C0000 		.long	0x1c11
 5729 3348 09       		.uleb128 0x9
 5730 3349 44260000 		.long	0x2644
 5731 334d 26       		.uleb128 0x26
 5732 334e 281A0000 		.long	0x1a28
 5733 3352 09       		.uleb128 0x9
 5734 3353 55260000 		.long	0x2655
 5735 3357 09       		.uleb128 0x9
 5736 3358 281A0000 		.long	0x1a28
 5737 335c 0D       		.uleb128 0xd
 5738 335d 44260000 		.long	0x2644
 5739 3361 07       		.uleb128 0x7
 5740 3362 5C330000 		.long	0x335c
 5741 3366 26       		.uleb128 0x26
 5742 3367 041C0000 		.long	0x1c04
 5743 336b 09       		.uleb128 0x9
 5744 336c FB1A0000 		.long	0x1afb
 5745 3370 60       		.uleb128 0x60
 5746 3371 00000000 		.long	.LASF579
 5747 3375 A12C0000 		.long	0x2ca1
 5748 3379 0D       		.uleb128 0xd
 5749 337a 99290000 		.long	0x2999
 5750 337e 07       		.uleb128 0x7
 5751 337f 79330000 		.long	0x3379
 5752 3383 09       		.uleb128 0x9
 5753 3384 94320000 		.long	0x3294
 5754 3388 0D       		.uleb128 0xd
 5755 3389 CD2B0000 		.long	0x2bcd
 5756 338d 07       		.uleb128 0x7
 5757 338e 88330000 		.long	0x3388
GAS LISTING /tmp/ccHMMbxq.s 			page 102


 5758 3392 09       		.uleb128 0x9
 5759 3393 99290000 		.long	0x2999
 5760 3397 61       		.uleb128 0x61
 5761 3398 706F7700 		.string	"pow"
 5762 339c 19       		.byte	0x19
 5763 339d 8C       		.byte	0x8c
 5764 339e 01       		.byte	0x1
 5765 339f 932C0000 		.long	0x2c93
 5766 33a3 B2330000 		.long	0x33b2
 5767 33a7 01       		.uleb128 0x1
 5768 33a8 932C0000 		.long	0x2c93
 5769 33ac 01       		.uleb128 0x1
 5770 33ad 932C0000 		.long	0x2c93
 5771 33b1 00       		.byte	0
 5772 33b2 31       		.uleb128 0x31
 5773 33b3 00000000 		.long	.LASF569
 5774 33b7 18       		.byte	0x18
 5775 33b8 87       		.byte	0x87
 5776 33b9 06       		.byte	0x6
 5777 33ba 00000000 		.long	.LASF570
 5778 33be CD330000 		.long	0x33cd
 5779 33c2 01       		.uleb128 0x1
 5780 33c3 A12C0000 		.long	0x2ca1
 5781 33c7 01       		.uleb128 0x1
 5782 33c8 2F120000 		.long	0x122f
 5783 33cc 00       		.byte	0
 5784 33cd 12       		.uleb128 0x12
 5785 33ce 00000000 		.long	.LASF571
 5786 33d2 18       		.byte	0x18
 5787 33d3 7E       		.byte	0x7e
 5788 33d4 1A       		.byte	0x1a
 5789 33d5 00000000 		.long	.LASF572
 5790 33d9 A12C0000 		.long	0x2ca1
 5791 33dd E7330000 		.long	0x33e7
 5792 33e1 01       		.uleb128 0x1
 5793 33e2 2F120000 		.long	0x122f
 5794 33e6 00       		.byte	0
 5795 33e7 62       		.uleb128 0x62
 5796 33e8 00000000 		.long	.LASF628
 5797 33ec F6330000 		.long	0x33f6
 5798 33f0 01       		.uleb128 0x1
 5799 33f1 F6330000 		.long	0x33f6
 5800 33f5 00       		.byte	0
 5801 33f6 0D       		.uleb128 0xd
 5802 33f7 852C0000 		.long	0x2c85
 5803 33fb 63       		.uleb128 0x63
 5804 33fc 00000000 		.long	.LASF574
 5805 3400 722C0000 		.long	0x2c72
 5806 3404 0E340000 		.long	0x340e
 5807 3408 01       		.uleb128 0x1
 5808 3409 F6330000 		.long	0x33f6
 5809 340d 00       		.byte	0
 5810 340e 40       		.uleb128 0x40
 5811 340f 00000000 		.long	.LASF55
 5812 3413 9F       		.byte	0x9f
 5813 3414 932C0000 		.long	0x2c93
 5814 3418 22340000 		.long	0x3422
GAS LISTING /tmp/ccHMMbxq.s 			page 103


 5815 341c 01       		.uleb128 0x1
 5816 341d 932C0000 		.long	0x2c93
 5817 3421 00       		.byte	0
 5818 3422 40       		.uleb128 0x40
 5819 3423 00000000 		.long	.LASF52
 5820 3427 8F       		.byte	0x8f
 5821 3428 932C0000 		.long	0x2c93
 5822 342c 36340000 		.long	0x3436
 5823 3430 01       		.uleb128 0x1
 5824 3431 932C0000 		.long	0x2c93
 5825 3435 00       		.byte	0
 5826 3436 11       		.uleb128 0x11
 5827 3437 23140000 		.long	0x1423
 5828 343b 43340000 		.long	0x3443
 5829 343f 4D340000 		.long	0x344d
 5830 3443 06       		.uleb128 0x6
 5831 3444 00000000 		.long	.LASF582
 5832 3448 9E320000 		.long	0x329e
 5833 344c 00       		.byte	0
 5834 344d 13       		.uleb128 0x13
 5835 344e F4260000 		.long	0x26f4
 5836 3452 AA340000 		.long	0x34aa
 5837 3456 08       		.uleb128 0x8
 5838 3457 5F547000 		.string	"_Tp"
 5839 345b 61320000 		.long	0x3261
 5840 345f 08       		.uleb128 0x8
 5841 3460 5F557000 		.string	"_Up"
 5842 3464 61320000 		.long	0x3261
 5843 3468 0E       		.uleb128 0xe
 5844 3469 00000000 		.long	.LASF575
 5845 346d 0F       		.byte	0xf
 5846 346e 5A04     		.value	0x45a
 5847 3470 19       		.byte	0x19
 5848 3471 8F320000 		.long	0x328f
 5849 3475 0E       		.uleb128 0xe
 5850 3476 00000000 		.long	.LASF576
 5851 347a 0F       		.byte	0xf
 5852 347b 5A04     		.value	0x45a
 5853 347d 27       		.byte	0x27
 5854 347e 8F320000 		.long	0x328f
 5855 3482 0E       		.uleb128 0xe
 5856 3483 00000000 		.long	.LASF577
 5857 3487 0F       		.byte	0xf
 5858 3488 5B04     		.value	0x45b
 5859 348a 0B       		.byte	0xb
 5860 348b 8F320000 		.long	0x328f
 5861 348f 0E       		.uleb128 0xe
 5862 3490 00000000 		.long	.LASF578
 5863 3494 0F       		.byte	0xf
 5864 3495 5C04     		.value	0x45c
 5865 3497 2B       		.byte	0x2b
 5866 3498 C1320000 		.long	0x32c1
 5867 349c 1E       		.uleb128 0x1e
 5868 349d 00000000 		.long	.LASF580
 5869 34a1 0F       		.byte	0xf
 5870 34a2 5E04     		.value	0x45e
 5871 34a4 11       		.byte	0x11
GAS LISTING /tmp/ccHMMbxq.s 			page 104


 5872 34a5 8A120000 		.long	0x128a
 5873 34a9 00       		.byte	0
 5874 34aa 13       		.uleb128 0x13
 5875 34ab 30270000 		.long	0x2730
 5876 34af CA340000 		.long	0x34ca
 5877 34b3 0B       		.uleb128 0xb
 5878 34b4 00000000 		.long	.LASF473
 5879 34b8 8F320000 		.long	0x328f
 5880 34bc 0E       		.uleb128 0xe
 5881 34bd 00000000 		.long	.LASF581
 5882 34c1 10       		.byte	0x10
 5883 34c2 3C01     		.value	0x13c
 5884 34c4 1C       		.byte	0x1c
 5885 34c5 8F320000 		.long	0x328f
 5886 34c9 00       		.byte	0
 5887 34ca 11       		.uleb128 0x11
 5888 34cb 42140000 		.long	0x1442
 5889 34cf D7340000 		.long	0x34d7
 5890 34d3 E1340000 		.long	0x34e1
 5891 34d7 06       		.uleb128 0x6
 5892 34d8 00000000 		.long	.LASF582
 5893 34dc 9E320000 		.long	0x329e
 5894 34e0 00       		.byte	0
 5895 34e1 13       		.uleb128 0x13
 5896 34e2 E6150000 		.long	0x15e6
 5897 34e6 F8340000 		.long	0x34f8
 5898 34ea 10       		.uleb128 0x10
 5899 34eb 5F5F6100 		.string	"__a"
 5900 34ef 0A       		.byte	0xa
 5901 34f0 3B02     		.value	0x23b
 5902 34f2 26       		.byte	0x26
 5903 34f3 CB320000 		.long	0x32cb
 5904 34f7 00       		.byte	0
 5905 34f8 13       		.uleb128 0x13
 5906 34f9 54270000 		.long	0x2754
 5907 34fd 51350000 		.long	0x3551
 5908 3501 0B       		.uleb128 0xb
 5909 3502 00000000 		.long	.LASF476
 5910 3506 8F320000 		.long	0x328f
 5911 350a 0B       		.uleb128 0xb
 5912 350b 00000000 		.long	.LASF234
 5913 350f 8F320000 		.long	0x328f
 5914 3513 0B       		.uleb128 0xb
 5915 3514 00000000 		.long	.LASF477
 5916 3518 AB140000 		.long	0x14ab
 5917 351c 0E       		.uleb128 0xe
 5918 351d 00000000 		.long	.LASF575
 5919 3521 0F       		.byte	0xf
 5920 3522 7504     		.value	0x475
 5921 3524 21       		.byte	0x21
 5922 3525 8F320000 		.long	0x328f
 5923 3529 0E       		.uleb128 0xe
 5924 352a 00000000 		.long	.LASF576
 5925 352e 0F       		.byte	0xf
 5926 352f 7504     		.value	0x475
 5927 3531 39       		.byte	0x39
 5928 3532 8F320000 		.long	0x328f
GAS LISTING /tmp/ccHMMbxq.s 			page 105


 5929 3536 0E       		.uleb128 0xe
 5930 3537 00000000 		.long	.LASF577
 5931 353b 0F       		.byte	0xf
 5932 353c 7604     		.value	0x476
 5933 353e 15       		.byte	0x15
 5934 353f 8F320000 		.long	0x328f
 5935 3543 0E       		.uleb128 0xe
 5936 3544 00000000 		.long	.LASF578
 5937 3548 0F       		.byte	0xf
 5938 3549 7604     		.value	0x476
 5939 354b 2B       		.byte	0x2b
 5940 354c C1320000 		.long	0x32c1
 5941 3550 00       		.byte	0
 5942 3551 11       		.uleb128 0x11
 5943 3552 CB130000 		.long	0x13cb
 5944 3556 5E350000 		.long	0x355e
 5945 355a 79350000 		.long	0x3579
 5946 355e 06       		.uleb128 0x6
 5947 355f 00000000 		.long	.LASF582
 5948 3563 80320000 		.long	0x3280
 5949 3567 1A       		.uleb128 0x1a
 5950 3568 5F5F6E00 		.string	"__n"
 5951 356c 08       		.byte	0x8
 5952 356d 7E       		.byte	0x7e
 5953 356e 1A       		.byte	0x1a
 5954 356f F4130000 		.long	0x13f4
 5955 3573 01       		.uleb128 0x1
 5956 3574 EF2C0000 		.long	0x2cef
 5957 3578 00       		.byte	0
 5958 3579 11       		.uleb128 0x11
 5959 357a 15180000 		.long	0x1815
 5960 357e 86350000 		.long	0x3586
 5961 3582 90350000 		.long	0x3590
 5962 3586 06       		.uleb128 0x6
 5963 3587 00000000 		.long	.LASF582
 5964 358b 20330000 		.long	0x3320
 5965 358f 00       		.byte	0
 5966 3590 13       		.uleb128 0x13
 5967 3591 2F250000 		.long	0x252f
 5968 3595 C1350000 		.long	0x35c1
 5969 3599 10       		.uleb128 0x10
 5970 359a 5F5F6100 		.string	"__a"
 5971 359e 0B       		.byte	0xb
 5972 359f 7C07     		.value	0x77c
 5973 35a1 29       		.byte	0x29
 5974 35a2 6B330000 		.long	0x336b
 5975 35a6 1E       		.uleb128 0x1e
 5976 35a7 00000000 		.long	.LASF583
 5977 35ab 0B       		.byte	0xb
 5978 35ac 8107     		.value	0x781
 5979 35ae 0F       		.byte	0xf
 5980 35af 3C120000 		.long	0x123c
 5981 35b3 1E       		.uleb128 0x1e
 5982 35b4 00000000 		.long	.LASF584
 5983 35b8 0B       		.byte	0xb
 5984 35b9 8307     		.value	0x783
 5985 35bb 0F       		.byte	0xf
GAS LISTING /tmp/ccHMMbxq.s 			page 106


 5986 35bc 3C120000 		.long	0x123c
 5987 35c0 00       		.byte	0
 5988 35c1 09       		.uleb128 0x9
 5989 35c2 582C0000 		.long	0x2c58
 5990 35c6 13       		.uleb128 0x13
 5991 35c7 99270000 		.long	0x2799
 5992 35cb F1350000 		.long	0x35f1
 5993 35cf 08       		.uleb128 0x8
 5994 35d0 5F547000 		.string	"_Tp"
 5995 35d4 512C0000 		.long	0x2c51
 5996 35d8 1A       		.uleb128 0x1a
 5997 35d9 5F5F6100 		.string	"__a"
 5998 35dd 10       		.byte	0x10
 5999 35de E9       		.byte	0xe9
 6000 35df 14       		.byte	0x14
 6001 35e0 C1350000 		.long	0x35c1
 6002 35e4 1A       		.uleb128 0x1a
 6003 35e5 5F5F6200 		.string	"__b"
 6004 35e9 10       		.byte	0x10
 6005 35ea E9       		.byte	0xe9
 6006 35eb 24       		.byte	0x24
 6007 35ec C1350000 		.long	0x35c1
 6008 35f0 00       		.byte	0
 6009 35f1 13       		.uleb128 0x13
 6010 35f2 BF1A0000 		.long	0x1abf
 6011 35f6 34360000 		.long	0x3634
 6012 35fa 0E       		.uleb128 0xe
 6013 35fb 00000000 		.long	.LASF575
 6014 35ff 0B       		.byte	0xb
 6015 3600 EC01     		.value	0x1ec
 6016 3602 1E       		.byte	0x1e
 6017 3603 B21A0000 		.long	0x1ab2
 6018 3607 0E       		.uleb128 0xe
 6019 3608 00000000 		.long	.LASF576
 6020 360c 0B       		.byte	0xb
 6021 360d EC01     		.value	0x1ec
 6022 360f 2F       		.byte	0x2f
 6023 3610 B21A0000 		.long	0x1ab2
 6024 3614 0E       		.uleb128 0xe
 6025 3615 00000000 		.long	.LASF577
 6026 3619 0B       		.byte	0xb
 6027 361a EC01     		.value	0x1ec
 6028 361c 3F       		.byte	0x3f
 6029 361d B21A0000 		.long	0x1ab2
 6030 3621 0E       		.uleb128 0xe
 6031 3622 00000000 		.long	.LASF578
 6032 3626 0B       		.byte	0xb
 6033 3627 ED01     		.value	0x1ed
 6034 3629 18       		.byte	0x18
 6035 362a 2F330000 		.long	0x332f
 6036 362e 01       		.uleb128 0x1
 6037 362f 97120000 		.long	0x1297
 6038 3633 00       		.byte	0
 6039 3634 13       		.uleb128 0x13
 6040 3635 55150000 		.long	0x1555
 6041 3639 58360000 		.long	0x3658
 6042 363d 10       		.uleb128 0x10
GAS LISTING /tmp/ccHMMbxq.s 			page 107


 6043 363e 5F5F6100 		.string	"__a"
 6044 3642 0A       		.byte	0xa
 6045 3643 E101     		.value	0x1e1
 6046 3645 20       		.byte	0x20
 6047 3646 C6320000 		.long	0x32c6
 6048 364a 10       		.uleb128 0x10
 6049 364b 5F5F6E00 		.string	"__n"
 6050 364f 0A       		.byte	0xa
 6051 3650 E101     		.value	0x1e1
 6052 3652 2F       		.byte	0x2f
 6053 3653 87150000 		.long	0x1587
 6054 3657 00       		.byte	0
 6055 3658 13       		.uleb128 0x13
 6056 3659 C1270000 		.long	0x27c1
 6057 365d 85360000 		.long	0x3685
 6058 3661 08       		.uleb128 0x8
 6059 3662 5F547000 		.string	"_Tp"
 6060 3666 512C0000 		.long	0x2c51
 6061 366a 10       		.uleb128 0x10
 6062 366b 5F5F6100 		.string	"__a"
 6063 366f 10       		.byte	0x10
 6064 3670 0101     		.value	0x101
 6065 3672 14       		.byte	0x14
 6066 3673 C1350000 		.long	0x35c1
 6067 3677 10       		.uleb128 0x10
 6068 3678 5F5F6200 		.string	"__b"
 6069 367c 10       		.byte	0x10
 6070 367d 0101     		.value	0x101
 6071 367f 24       		.byte	0x24
 6072 3680 C1350000 		.long	0x35c1
 6073 3684 00       		.byte	0
 6074 3685 11       		.uleb128 0x11
 6075 3686 9B1F0000 		.long	0x1f9b
 6076 368a 92360000 		.long	0x3692
 6077 368e 9C360000 		.long	0x369c
 6078 3692 06       		.uleb128 0x6
 6079 3693 00000000 		.long	.LASF582
 6080 3697 61330000 		.long	0x3361
 6081 369b 00       		.byte	0
 6082 369c 11       		.uleb128 0x11
 6083 369d BB1F0000 		.long	0x1fbb
 6084 36a1 A9360000 		.long	0x36a9
 6085 36a5 B3360000 		.long	0x36b3
 6086 36a9 06       		.uleb128 0x6
 6087 36aa 00000000 		.long	.LASF582
 6088 36ae 61330000 		.long	0x3361
 6089 36b2 00       		.byte	0
 6090 36b3 13       		.uleb128 0x13
 6091 36b4 B0120000 		.long	0x12b0
 6092 36b8 D0360000 		.long	0x36d0
 6093 36bc 0B       		.uleb128 0xb
 6094 36bd 00000000 		.long	.LASF234
 6095 36c1 8F320000 		.long	0x328f
 6096 36c5 01       		.uleb128 0x1
 6097 36c6 8F320000 		.long	0x328f
 6098 36ca 01       		.uleb128 0x1
 6099 36cb 8F320000 		.long	0x328f
GAS LISTING /tmp/ccHMMbxq.s 			page 108


 6100 36cf 00       		.byte	0
 6101 36d0 11       		.uleb128 0x11
 6102 36d1 FF130000 		.long	0x13ff
 6103 36d5 DD360000 		.long	0x36dd
 6104 36d9 FF360000 		.long	0x36ff
 6105 36dd 06       		.uleb128 0x6
 6106 36de 00000000 		.long	.LASF582
 6107 36e2 80320000 		.long	0x3280
 6108 36e6 1A       		.uleb128 0x1a
 6109 36e7 5F5F7000 		.string	"__p"
 6110 36eb 08       		.byte	0x8
 6111 36ec 9C       		.byte	0x9c
 6112 36ed 17       		.byte	0x17
 6113 36ee 8F320000 		.long	0x328f
 6114 36f2 1A       		.uleb128 0x1a
 6115 36f3 5F5F6E00 		.string	"__n"
 6116 36f7 08       		.byte	0x8
 6117 36f8 9C       		.byte	0x9c
 6118 36f9 26       		.byte	0x26
 6119 36fa F4130000 		.long	0x13f4
 6120 36fe 00       		.byte	0
 6121 36ff 11       		.uleb128 0x11
 6122 3700 9A2B0000 		.long	0x2b9a
 6123 3704 0C370000 		.long	0x370c
 6124 3708 16370000 		.long	0x3716
 6125 370c 06       		.uleb128 0x6
 6126 370d 00000000 		.long	.LASF582
 6127 3711 8D330000 		.long	0x338d
 6128 3715 00       		.byte	0
 6129 3716 13       		.uleb128 0x13
 6130 3717 2F1B0000 		.long	0x1b2f
 6131 371b 54370000 		.long	0x3754
 6132 371f 0E       		.uleb128 0xe
 6133 3720 00000000 		.long	.LASF575
 6134 3724 0B       		.byte	0xb
 6135 3725 F801     		.value	0x1f8
 6136 3727 1B       		.byte	0x1b
 6137 3728 B21A0000 		.long	0x1ab2
 6138 372c 0E       		.uleb128 0xe
 6139 372d 00000000 		.long	.LASF576
 6140 3731 0B       		.byte	0xb
 6141 3732 F801     		.value	0x1f8
 6142 3734 2C       		.byte	0x2c
 6143 3735 B21A0000 		.long	0x1ab2
 6144 3739 0E       		.uleb128 0xe
 6145 373a 00000000 		.long	.LASF577
 6146 373e 0B       		.byte	0xb
 6147 373f F801     		.value	0x1f8
 6148 3741 3C       		.byte	0x3c
 6149 3742 B21A0000 		.long	0x1ab2
 6150 3746 0E       		.uleb128 0xe
 6151 3747 00000000 		.long	.LASF578
 6152 374b 0B       		.byte	0xb
 6153 374c F901     		.value	0x1f9
 6154 374e 15       		.byte	0x15
 6155 374f 2F330000 		.long	0x332f
 6156 3753 00       		.byte	0
GAS LISTING /tmp/ccHMMbxq.s 			page 109


 6157 3754 11       		.uleb128 0x11
 6158 3755 87190000 		.long	0x1987
 6159 3759 61370000 		.long	0x3761
 6160 375d 78370000 		.long	0x3778
 6161 3761 06       		.uleb128 0x6
 6162 3762 00000000 		.long	.LASF582
 6163 3766 16330000 		.long	0x3316
 6164 376a 10       		.uleb128 0x10
 6165 376b 5F5F6E00 		.string	"__n"
 6166 376f 0B       		.byte	0xb
 6167 3770 7A01     		.value	0x17a
 6168 3772 1A       		.byte	0x1a
 6169 3773 2F120000 		.long	0x122f
 6170 3777 00       		.byte	0
 6171 3778 09       		.uleb128 0x9
 6172 3779 CD2B0000 		.long	0x2bcd
 6173 377d 13       		.uleb128 0x13
 6174 377e 152C0000 		.long	0x2c15
 6175 3782 B3370000 		.long	0x37b3
 6176 3786 0B       		.uleb128 0xb
 6177 3787 00000000 		.long	.LASF473
 6178 378b 8F320000 		.long	0x328f
 6179 378f 0B       		.uleb128 0xb
 6180 3790 00000000 		.long	.LASF534
 6181 3794 281A0000 		.long	0x1a28
 6182 3798 0E       		.uleb128 0xe
 6183 3799 00000000 		.long	.LASF585
 6184 379d 13       		.byte	0x13
 6185 379e 3605     		.value	0x536
 6186 37a0 3F       		.byte	0x3f
 6187 37a1 78370000 		.long	0x3778
 6188 37a5 0E       		.uleb128 0xe
 6189 37a6 00000000 		.long	.LASF586
 6190 37aa 13       		.byte	0x13
 6191 37ab 3705     		.value	0x537
 6192 37ad 38       		.byte	0x38
 6193 37ae 78370000 		.long	0x3778
 6194 37b2 00       		.byte	0
 6195 37b3 11       		.uleb128 0x11
 6196 37b4 FA1D0000 		.long	0x1dfa
 6197 37b8 C0370000 		.long	0x37c0
 6198 37bc CA370000 		.long	0x37ca
 6199 37c0 06       		.uleb128 0x6
 6200 37c1 00000000 		.long	.LASF582
 6201 37c5 39330000 		.long	0x3339
 6202 37c9 00       		.byte	0
 6203 37ca 11       		.uleb128 0x11
 6204 37cb E7240000 		.long	0x24e7
 6205 37cf D7370000 		.long	0x37d7
 6206 37d3 08380000 		.long	0x3808
 6207 37d7 06       		.uleb128 0x6
 6208 37d8 00000000 		.long	.LASF582
 6209 37dc 61330000 		.long	0x3361
 6210 37e0 10       		.uleb128 0x10
 6211 37e1 5F5F6E00 		.string	"__n"
 6212 37e5 0B       		.byte	0xb
 6213 37e6 6807     		.value	0x768
GAS LISTING /tmp/ccHMMbxq.s 			page 110


 6214 37e8 1E       		.byte	0x1e
 6215 37e9 C71B0000 		.long	0x1bc7
 6216 37ed 10       		.uleb128 0x10
 6217 37ee 5F5F7300 		.string	"__s"
 6218 37f2 0B       		.byte	0xb
 6219 37f3 6807     		.value	0x768
 6220 37f5 2F       		.byte	0x2f
 6221 37f6 EA2C0000 		.long	0x2cea
 6222 37fa 1E       		.uleb128 0x1e
 6223 37fb 00000000 		.long	.LASF587
 6224 37ff 0B       		.byte	0xb
 6225 3800 6D07     		.value	0x76d
 6226 3802 12       		.byte	0x12
 6227 3803 D41B0000 		.long	0x1bd4
 6228 3807 00       		.byte	0
 6229 3808 1D       		.uleb128 0x1d
 6230 3809 D1290000 		.long	0x29d1
 6231 380d 15380000 		.long	0x3815
 6232 3811 2C380000 		.long	0x382c
 6233 3815 06       		.uleb128 0x6
 6234 3816 00000000 		.long	.LASF582
 6235 381a 7E330000 		.long	0x337e
 6236 381e 10       		.uleb128 0x10
 6237 381f 5F5F6900 		.string	"__i"
 6238 3823 13       		.byte	0x13
 6239 3824 3404     		.value	0x434
 6240 3826 2A       		.byte	0x2a
 6241 3827 83330000 		.long	0x3383
 6242 382b 00       		.byte	0
 6243 382c 1B       		.uleb128 0x1b
 6244 382d 08380000 		.long	0x3808
 6245 3831 00000000 		.long	.LASF588
 6246 3835 3D380000 		.long	0x383d
 6247 3839 48380000 		.long	0x3848
 6248 383d 17       		.uleb128 0x17
 6249 383e 15380000 		.long	0x3815
 6250 3842 17       		.uleb128 0x17
 6251 3843 1E380000 		.long	0x381e
 6252 3847 00       		.byte	0
 6253 3848 11       		.uleb128 0x11
 6254 3849 60140000 		.long	0x1460
 6255 384d 6D380000 		.long	0x386d
 6256 3851 8D380000 		.long	0x388d
 6257 3855 08       		.uleb128 0x8
 6258 3856 5F557000 		.string	"_Up"
 6259 385a 61320000 		.long	0x3261
 6260 385e 24       		.uleb128 0x24
 6261 385f 00000000 		.long	.LASF278
 6262 3863 6D380000 		.long	0x386d
 6263 3867 25       		.uleb128 0x25
 6264 3868 AD320000 		.long	0x32ad
 6265 386c 00       		.byte	0
 6266 386d 06       		.uleb128 0x6
 6267 386e 00000000 		.long	.LASF582
 6268 3872 80320000 		.long	0x3280
 6269 3876 1A       		.uleb128 0x1a
 6270 3877 5F5F7000 		.string	"__p"
GAS LISTING /tmp/ccHMMbxq.s 			page 111


 6271 387b 08       		.byte	0x8
 6272 387c BD       		.byte	0xbd
 6273 387d 11       		.byte	0x11
 6274 387e 8F320000 		.long	0x328f
 6275 3882 64       		.uleb128 0x64
 6276 3883 08       		.byte	0x8
 6277 3884 BD       		.byte	0xbd
 6278 3885 1D       		.byte	0x1d
 6279 3886 01       		.uleb128 0x1
 6280 3887 AD320000 		.long	0x32ad
 6281 388b 00       		.byte	0
 6282 388c 00       		.byte	0
 6283 388d 13       		.uleb128 0x13
 6284 388e EA270000 		.long	0x27ea
 6285 3892 B6380000 		.long	0x38b6
 6286 3896 0B       		.uleb128 0xb
 6287 3897 00000000 		.long	.LASF234
 6288 389b 8F320000 		.long	0x328f
 6289 389f 41       		.uleb128 0x41
 6290 38a0 00000000 		.long	.LASF575
 6291 38a4 B6       		.byte	0xb6
 6292 38a5 1F       		.byte	0x1f
 6293 38a6 8F320000 		.long	0x328f
 6294 38aa 41       		.uleb128 0x41
 6295 38ab 00000000 		.long	.LASF576
 6296 38af B6       		.byte	0xb6
 6297 38b0 39       		.byte	0x39
 6298 38b1 8F320000 		.long	0x328f
 6299 38b5 00       		.byte	0
 6300 38b6 13       		.uleb128 0x13
 6301 38b7 C6150000 		.long	0x15c6
 6302 38bb E7380000 		.long	0x38e7
 6303 38bf 10       		.uleb128 0x10
 6304 38c0 5F5F6100 		.string	"__a"
 6305 38c4 0A       		.byte	0xa
 6306 38c5 0402     		.value	0x204
 6307 38c7 22       		.byte	0x22
 6308 38c8 C6320000 		.long	0x32c6
 6309 38cc 10       		.uleb128 0x10
 6310 38cd 5F5F7000 		.string	"__p"
 6311 38d1 0A       		.byte	0xa
 6312 38d2 0402     		.value	0x204
 6313 38d4 2F       		.byte	0x2f
 6314 38d5 48150000 		.long	0x1548
 6315 38d9 10       		.uleb128 0x10
 6316 38da 5F5F6E00 		.string	"__n"
 6317 38de 0A       		.byte	0xa
 6318 38df 0402     		.value	0x204
 6319 38e1 3E       		.byte	0x3e
 6320 38e2 87150000 		.long	0x1587
 6321 38e6 00       		.byte	0
 6322 38e7 1D       		.uleb128 0x1d
 6323 38e8 DC120000 		.long	0x12dc
 6324 38ec F4380000 		.long	0x38f4
 6325 38f0 FE380000 		.long	0x38fe
 6326 38f4 06       		.uleb128 0x6
 6327 38f5 00000000 		.long	.LASF582
GAS LISTING /tmp/ccHMMbxq.s 			page 112


 6328 38f9 80320000 		.long	0x3280
 6329 38fd 00       		.byte	0
 6330 38fe 1B       		.uleb128 0x1b
 6331 38ff E7380000 		.long	0x38e7
 6332 3903 00000000 		.long	.LASF589
 6333 3907 0F390000 		.long	0x390f
 6334 390b 15390000 		.long	0x3915
 6335 390f 17       		.uleb128 0x17
 6336 3910 F4380000 		.long	0x38f4
 6337 3914 00       		.byte	0
 6338 3915 11       		.uleb128 0x11
 6339 3916 FC250000 		.long	0x25fc
 6340 391a 31390000 		.long	0x3931
 6341 391e A5390000 		.long	0x39a5
 6342 3922 24       		.uleb128 0x24
 6343 3923 00000000 		.long	.LASF278
 6344 3927 31390000 		.long	0x3931
 6345 392b 25       		.uleb128 0x25
 6346 392c AD320000 		.long	0x32ad
 6347 3930 00       		.byte	0
 6348 3931 06       		.uleb128 0x6
 6349 3932 00000000 		.long	.LASF582
 6350 3936 39330000 		.long	0x3339
 6351 393a 0E       		.uleb128 0xe
 6352 393b 00000000 		.long	.LASF590
 6353 393f 0C       		.byte	0xc
 6354 3940 BE01     		.value	0x1be
 6355 3942 22       		.byte	0x22
 6356 3943 ED1D0000 		.long	0x1ded
 6357 3947 65       		.uleb128 0x65
 6358 3948 0C       		.byte	0xc
 6359 3949 BE01     		.value	0x1be
 6360 394b 35       		.byte	0x35
 6361 394c 56390000 		.long	0x3956
 6362 3950 01       		.uleb128 0x1
 6363 3951 AD320000 		.long	0x32ad
 6364 3955 00       		.byte	0
 6365 3956 1E       		.uleb128 0x1e
 6366 3957 00000000 		.long	.LASF587
 6367 395b 0C       		.byte	0xc
 6368 395c C601     		.value	0x1c6
 6369 395e 17       		.byte	0x17
 6370 395f D41B0000 		.long	0x1bd4
 6371 3963 1E       		.uleb128 0x1e
 6372 3964 00000000 		.long	.LASF591
 6373 3968 0C       		.byte	0xc
 6374 3969 C801     		.value	0x1c8
 6375 396b 0F       		.byte	0xf
 6376 396c B21A0000 		.long	0x1ab2
 6377 3970 1E       		.uleb128 0x1e
 6378 3971 00000000 		.long	.LASF592
 6379 3975 0C       		.byte	0xc
 6380 3976 C901     		.value	0x1c9
 6381 3978 0F       		.byte	0xf
 6382 3979 B21A0000 		.long	0x1ab2
 6383 397d 1E       		.uleb128 0x1e
 6384 397e 00000000 		.long	.LASF593
GAS LISTING /tmp/ccHMMbxq.s 			page 113


 6385 3982 0C       		.byte	0xc
 6386 3983 CA01     		.value	0x1ca
 6387 3985 17       		.byte	0x17
 6388 3986 D41B0000 		.long	0x1bd4
 6389 398a 1E       		.uleb128 0x1e
 6390 398b 00000000 		.long	.LASF594
 6391 398f 0C       		.byte	0xc
 6392 3990 CB01     		.value	0x1cb
 6393 3992 0F       		.byte	0xf
 6394 3993 B21A0000 		.long	0x1ab2
 6395 3997 1E       		.uleb128 0x1e
 6396 3998 00000000 		.long	.LASF595
 6397 399c 0C       		.byte	0xc
 6398 399d CC01     		.value	0x1cc
 6399 399f 0F       		.byte	0xf
 6400 39a0 B21A0000 		.long	0x1ab2
 6401 39a4 00       		.byte	0
 6402 39a5 11       		.uleb128 0x11
 6403 39a6 471E0000 		.long	0x1e47
 6404 39aa B2390000 		.long	0x39b2
 6405 39ae BC390000 		.long	0x39bc
 6406 39b2 06       		.uleb128 0x6
 6407 39b3 00000000 		.long	.LASF582
 6408 39b7 39330000 		.long	0x3339
 6409 39bb 00       		.byte	0
 6410 39bc 13       		.uleb128 0x13
 6411 39bd 36160000 		.long	0x1636
 6412 39c1 033A0000 		.long	0x3a03
 6413 39c5 08       		.uleb128 0x8
 6414 39c6 5F557000 		.string	"_Up"
 6415 39ca 61320000 		.long	0x3261
 6416 39ce 24       		.uleb128 0x24
 6417 39cf 00000000 		.long	.LASF278
 6418 39d3 DD390000 		.long	0x39dd
 6419 39d7 25       		.uleb128 0x25
 6420 39d8 AD320000 		.long	0x32ad
 6421 39dc 00       		.byte	0
 6422 39dd 10       		.uleb128 0x10
 6423 39de 5F5F6100 		.string	"__a"
 6424 39e2 0A       		.byte	0xa
 6425 39e3 1502     		.value	0x215
 6426 39e5 1C       		.byte	0x1c
 6427 39e6 C6320000 		.long	0x32c6
 6428 39ea 10       		.uleb128 0x10
 6429 39eb 5F5F7000 		.string	"__p"
 6430 39ef 0A       		.byte	0xa
 6431 39f0 1502     		.value	0x215
 6432 39f2 42       		.byte	0x42
 6433 39f3 8F320000 		.long	0x328f
 6434 39f7 66       		.uleb128 0x66
 6435 39f8 0A       		.byte	0xa
 6436 39f9 1602     		.value	0x216
 6437 39fb 0C       		.byte	0xc
 6438 39fc 01       		.uleb128 0x1
 6439 39fd AD320000 		.long	0x32ad
 6440 3a01 00       		.byte	0
 6441 3a02 00       		.byte	0
GAS LISTING /tmp/ccHMMbxq.s 			page 114


 6442 3a03 13       		.uleb128 0x13
 6443 3a04 0E280000 		.long	0x280e
 6444 3a08 3E3A0000 		.long	0x3a3e
 6445 3a0c 0B       		.uleb128 0xb
 6446 3a0d 00000000 		.long	.LASF234
 6447 3a11 8F320000 		.long	0x328f
 6448 3a15 08       		.uleb128 0x8
 6449 3a16 5F547000 		.string	"_Tp"
 6450 3a1a 61320000 		.long	0x3261
 6451 3a1e 0E       		.uleb128 0xe
 6452 3a1f 00000000 		.long	.LASF575
 6453 3a23 0A       		.byte	0xa
 6454 3a24 B103     		.value	0x3b1
 6455 3a26 1F       		.byte	0x1f
 6456 3a27 8F320000 		.long	0x328f
 6457 3a2b 0E       		.uleb128 0xe
 6458 3a2c 00000000 		.long	.LASF576
 6459 3a30 0A       		.byte	0xa
 6460 3a31 B103     		.value	0x3b1
 6461 3a33 39       		.byte	0x39
 6462 3a34 8F320000 		.long	0x328f
 6463 3a38 01       		.uleb128 0x1
 6464 3a39 C1320000 		.long	0x32c1
 6465 3a3d 00       		.byte	0
 6466 3a3e 11       		.uleb128 0x11
 6467 3a3f F8170000 		.long	0x17f8
 6468 3a43 4B3A0000 		.long	0x3a4b
 6469 3a47 553A0000 		.long	0x3a55
 6470 3a4b 06       		.uleb128 0x6
 6471 3a4c 00000000 		.long	.LASF582
 6472 3a50 16330000 		.long	0x3316
 6473 3a54 00       		.byte	0
 6474 3a55 11       		.uleb128 0x11
 6475 3a56 A9190000 		.long	0x19a9
 6476 3a5a 623A0000 		.long	0x3a62
 6477 3a5e 863A0000 		.long	0x3a86
 6478 3a62 06       		.uleb128 0x6
 6479 3a63 00000000 		.long	.LASF582
 6480 3a67 16330000 		.long	0x3316
 6481 3a6b 10       		.uleb128 0x10
 6482 3a6c 5F5F7000 		.string	"__p"
 6483 3a70 0B       		.byte	0xb
 6484 3a71 8201     		.value	0x182
 6485 3a73 1D       		.byte	0x1d
 6486 3a74 1A170000 		.long	0x171a
 6487 3a78 10       		.uleb128 0x10
 6488 3a79 5F5F6E00 		.string	"__n"
 6489 3a7d 0B       		.byte	0xb
 6490 3a7e 8201     		.value	0x182
 6491 3a80 29       		.byte	0x29
 6492 3a81 2F120000 		.long	0x122f
 6493 3a85 00       		.byte	0
 6494 3a86 1D       		.uleb128 0x1d
 6495 3a87 38130000 		.long	0x1338
 6496 3a8b 933A0000 		.long	0x3a93
 6497 3a8f A63A0000 		.long	0x3aa6
 6498 3a93 06       		.uleb128 0x6
GAS LISTING /tmp/ccHMMbxq.s 			page 115


 6499 3a94 00000000 		.long	.LASF582
 6500 3a98 80320000 		.long	0x3280
 6501 3a9c 06       		.uleb128 0x6
 6502 3a9d 00000000 		.long	.LASF596
 6503 3aa1 792C0000 		.long	0x2c79
 6504 3aa5 00       		.byte	0
 6505 3aa6 1B       		.uleb128 0x1b
 6506 3aa7 863A0000 		.long	0x3a86
 6507 3aab 00000000 		.long	.LASF597
 6508 3aaf B73A0000 		.long	0x3ab7
 6509 3ab3 BD3A0000 		.long	0x3abd
 6510 3ab7 17       		.uleb128 0x17
 6511 3ab8 933A0000 		.long	0x3a93
 6512 3abc 00       		.byte	0
 6513 3abd 1D       		.uleb128 0x1d
 6514 3abe A7160000 		.long	0x16a7
 6515 3ac2 CA3A0000 		.long	0x3aca
 6516 3ac6 D43A0000 		.long	0x3ad4
 6517 3aca 06       		.uleb128 0x6
 6518 3acb 00000000 		.long	.LASF582
 6519 3acf DF320000 		.long	0x32df
 6520 3ad3 00       		.byte	0
 6521 3ad4 1B       		.uleb128 0x1b
 6522 3ad5 BD3A0000 		.long	0x3abd
 6523 3ad9 00000000 		.long	.LASF598
 6524 3add E53A0000 		.long	0x3ae5
 6525 3ae1 EB3A0000 		.long	0x3aeb
 6526 3ae5 17       		.uleb128 0x17
 6527 3ae6 CA3A0000 		.long	0x3aca
 6528 3aea 00       		.byte	0
 6529 3aeb 1D       		.uleb128 0x1d
 6530 3aec BC140000 		.long	0x14bc
 6531 3af0 F83A0000 		.long	0x3af8
 6532 3af4 023B0000 		.long	0x3b02
 6533 3af8 06       		.uleb128 0x6
 6534 3af9 00000000 		.long	.LASF582
 6535 3afd B7320000 		.long	0x32b7
 6536 3b01 00       		.byte	0
 6537 3b02 1B       		.uleb128 0x1b
 6538 3b03 EB3A0000 		.long	0x3aeb
 6539 3b07 00000000 		.long	.LASF599
 6540 3b0b 133B0000 		.long	0x3b13
 6541 3b0f 193B0000 		.long	0x3b19
 6542 3b13 17       		.uleb128 0x17
 6543 3b14 F83A0000 		.long	0x3af8
 6544 3b18 00       		.byte	0
 6545 3b19 11       		.uleb128 0x11
 6546 3b1a AA200000 		.long	0x20aa
 6547 3b1e 263B0000 		.long	0x3b26
 6548 3b22 3D3B0000 		.long	0x3b3d
 6549 3b26 06       		.uleb128 0x6
 6550 3b27 00000000 		.long	.LASF582
 6551 3b2b 39330000 		.long	0x3339
 6552 3b2f 10       		.uleb128 0x10
 6553 3b30 5F5F6E00 		.string	"__n"
 6554 3b34 0B       		.byte	0xb
 6555 3b35 6604     		.value	0x466
GAS LISTING /tmp/ccHMMbxq.s 			page 116


 6556 3b37 1C       		.byte	0x1c
 6557 3b38 C71B0000 		.long	0x1bc7
 6558 3b3c 00       		.byte	0
 6559 3b3d 13       		.uleb128 0x13
 6560 3b3e 40280000 		.long	0x2840
 6561 3b42 803B0000 		.long	0x3b80
 6562 3b46 08       		.uleb128 0x8
 6563 3b47 5F547000 		.string	"_Tp"
 6564 3b4b 932C0000 		.long	0x2c93
 6565 3b4f 08       		.uleb128 0x8
 6566 3b50 5F557000 		.string	"_Up"
 6567 3b54 722C0000 		.long	0x2c72
 6568 3b58 10       		.uleb128 0x10
 6569 3b59 5F5F7800 		.string	"__x"
 6570 3b5d 01       		.byte	0x1
 6571 3b5e 2E04     		.value	0x42e
 6572 3b60 0D       		.byte	0xd
 6573 3b61 932C0000 		.long	0x2c93
 6574 3b65 10       		.uleb128 0x10
 6575 3b66 5F5F7900 		.string	"__y"
 6576 3b6a 01       		.byte	0x1
 6577 3b6b 2E04     		.value	0x42e
 6578 3b6d 16       		.byte	0x16
 6579 3b6e 722C0000 		.long	0x2c72
 6580 3b72 1C       		.uleb128 0x1c
 6581 3b73 00000000 		.long	.LASF537
 6582 3b77 01       		.byte	0x1
 6583 3b78 3004     		.value	0x430
 6584 3b7a 41       		.byte	0x41
 6585 3b7b E42B0000 		.long	0x2be4
 6586 3b7f 00       		.byte	0
 6587 3b80 11       		.uleb128 0x11
 6588 3b81 24220000 		.long	0x2224
 6589 3b85 8D3B0000 		.long	0x3b8d
 6590 3b89 A43B0000 		.long	0x3ba4
 6591 3b8d 06       		.uleb128 0x6
 6592 3b8e 00000000 		.long	.LASF582
 6593 3b92 39330000 		.long	0x3339
 6594 3b96 10       		.uleb128 0x10
 6595 3b97 5F5F7800 		.string	"__x"
 6596 3b9b 0B       		.byte	0xb
 6597 3b9c 0105     		.value	0x501
 6598 3b9e 23       		.byte	0x23
 6599 3b9f 43330000 		.long	0x3343
 6600 3ba3 00       		.byte	0
 6601 3ba4 1D       		.uleb128 0x1d
 6602 3ba5 171D0000 		.long	0x1d17
 6603 3ba9 B13B0000 		.long	0x3bb1
 6604 3bad C43B0000 		.long	0x3bc4
 6605 3bb1 06       		.uleb128 0x6
 6606 3bb2 00000000 		.long	.LASF582
 6607 3bb6 39330000 		.long	0x3339
 6608 3bba 06       		.uleb128 0x6
 6609 3bbb 00000000 		.long	.LASF596
 6610 3bbf 792C0000 		.long	0x2c79
 6611 3bc3 00       		.byte	0
 6612 3bc4 1B       		.uleb128 0x1b
GAS LISTING /tmp/ccHMMbxq.s 			page 117


 6613 3bc5 A43B0000 		.long	0x3ba4
 6614 3bc9 00000000 		.long	.LASF600
 6615 3bcd D53B0000 		.long	0x3bd5
 6616 3bd1 DB3B0000 		.long	0x3bdb
 6617 3bd5 17       		.uleb128 0x17
 6618 3bd6 B13B0000 		.long	0x3bb1
 6619 3bda 00       		.byte	0
 6620 3bdb 1D       		.uleb128 0x1d
 6621 3bdc 5B190000 		.long	0x195b
 6622 3be0 E83B0000 		.long	0x3be8
 6623 3be4 FB3B0000 		.long	0x3bfb
 6624 3be8 06       		.uleb128 0x6
 6625 3be9 00000000 		.long	.LASF582
 6626 3bed 16330000 		.long	0x3316
 6627 3bf1 06       		.uleb128 0x6
 6628 3bf2 00000000 		.long	.LASF596
 6629 3bf6 792C0000 		.long	0x2c79
 6630 3bfa 00       		.byte	0
 6631 3bfb 1B       		.uleb128 0x1b
 6632 3bfc DB3B0000 		.long	0x3bdb
 6633 3c00 00000000 		.long	.LASF601
 6634 3c04 0C3C0000 		.long	0x3c0c
 6635 3c08 123C0000 		.long	0x3c12
 6636 3c0c 17       		.uleb128 0x17
 6637 3c0d E83B0000 		.long	0x3be8
 6638 3c11 00       		.byte	0
 6639 3c12 1D       		.uleb128 0x1d
 6640 3c13 18150000 		.long	0x1518
 6641 3c17 1F3C0000 		.long	0x3c1f
 6642 3c1b 323C0000 		.long	0x3c32
 6643 3c1f 06       		.uleb128 0x6
 6644 3c20 00000000 		.long	.LASF582
 6645 3c24 B7320000 		.long	0x32b7
 6646 3c28 06       		.uleb128 0x6
 6647 3c29 00000000 		.long	.LASF596
 6648 3c2d 792C0000 		.long	0x2c79
 6649 3c31 00       		.byte	0
 6650 3c32 1B       		.uleb128 0x1b
 6651 3c33 123C0000 		.long	0x3c12
 6652 3c37 00000000 		.long	.LASF602
 6653 3c3b 433C0000 		.long	0x3c43
 6654 3c3f 493C0000 		.long	0x3c49
 6655 3c43 17       		.uleb128 0x17
 6656 3c44 1F3C0000 		.long	0x3c1f
 6657 3c48 00       		.byte	0
 6658 3c49 1D       		.uleb128 0x1d
 6659 3c4a 3D170000 		.long	0x173d
 6660 3c4e 563C0000 		.long	0x3c56
 6661 3c52 603C0000 		.long	0x3c60
 6662 3c56 06       		.uleb128 0x6
 6663 3c57 00000000 		.long	.LASF582
 6664 3c5b F8320000 		.long	0x32f8
 6665 3c5f 00       		.byte	0
 6666 3c60 1B       		.uleb128 0x1b
 6667 3c61 493C0000 		.long	0x3c49
 6668 3c65 00000000 		.long	.LASF603
 6669 3c69 713C0000 		.long	0x3c71
GAS LISTING /tmp/ccHMMbxq.s 			page 118


 6670 3c6d 773C0000 		.long	0x3c77
 6671 3c71 17       		.uleb128 0x17
 6672 3c72 563C0000 		.long	0x3c56
 6673 3c76 00       		.byte	0
 6674 3c77 42       		.uleb128 0x42
 6675 3c78 00000000 		.long	.LASF604
 6676 3c7c 17       		.byte	0x17
 6677 3c7d 3B       		.byte	0x3b
 6678 3c7e 08       		.byte	0x8
 6679 3c7f 00000000 		.long	.LASF605
 6680 3c83 932C0000 		.long	0x2c93
 6681 3c87 533D0000 		.long	0x3d53
 6682 3c8b 1A       		.uleb128 0x1a
 6683 3c8c 7800     		.string	"x"
 6684 3c8e 17       		.byte	0x17
 6685 3c8f 3B       		.byte	0x3b
 6686 3c90 1C       		.byte	0x1c
 6687 3c91 932C0000 		.long	0x2c93
 6688 3c95 14       		.uleb128 0x14
 6689 3c96 6B00     		.string	"k"
 6690 3c98 41       		.byte	0x41
 6691 3c99 0C       		.byte	0xc
 6692 3c9a 932C0000 		.long	0x2c93
 6693 3c9e 27       		.uleb128 0x27
 6694 3c9f 00000000 		.long	.LASF606
 6695 3ca3 42       		.byte	0x42
 6696 3ca4 0C       		.byte	0xc
 6697 3ca5 932C0000 		.long	0x2c93
 6698 3ca9 27       		.uleb128 0x27
 6699 3caa 00000000 		.long	.LASF607
 6700 3cae 44       		.byte	0x44
 6701 3caf 2B       		.byte	0x2b
 6702 3cb0 281A0000 		.long	0x1a28
 6703 3cb4 27       		.uleb128 0x27
 6704 3cb5 00000000 		.long	.LASF608
 6705 3cb9 45       		.byte	0x45
 6706 3cba 10       		.byte	0x10
 6707 3cbb 722C0000 		.long	0x2c72
 6708 3cbf 14       		.uleb128 0x14
 6709 3cc0 6300     		.string	"c"
 6710 3cc2 79       		.byte	0x79
 6711 3cc3 17       		.byte	0x17
 6712 3cc4 61320000 		.long	0x3261
 6713 3cc8 27       		.uleb128 0x27
 6714 3cc9 00000000 		.long	.LASF609
 6715 3ccd 7C       		.byte	0x7c
 6716 3cce 0C       		.byte	0xc
 6717 3ccf 932C0000 		.long	0x2c93
 6718 3cd3 14       		.uleb128 0x14
 6719 3cd4 7A00     		.string	"z"
 6720 3cd6 7D       		.byte	0x7d
 6721 3cd7 0C       		.byte	0xc
 6722 3cd8 932C0000 		.long	0x2c93
 6723 3cdc 32       		.uleb128 0x32
 6724 3cdd 473D0000 		.long	0x3d47
 6725 3ce1 14       		.uleb128 0x14
 6726 3ce2 6300     		.string	"c"
GAS LISTING /tmp/ccHMMbxq.s 			page 119


 6727 3ce4 4B       		.byte	0x4b
 6728 3ce5 1B       		.byte	0x1b
 6729 3ce6 61320000 		.long	0x3261
 6730 3cea 14       		.uleb128 0x14
 6731 3ceb 7000     		.string	"p"
 6732 3ced 4F       		.byte	0x4f
 6733 3cee 10       		.byte	0x10
 6734 3cef 932C0000 		.long	0x2c93
 6735 3cf3 27       		.uleb128 0x27
 6736 3cf4 00000000 		.long	.LASF610
 6737 3cf8 56       		.byte	0x56
 6738 3cf9 10       		.byte	0x10
 6739 3cfa 6B320000 		.long	0x326b
 6740 3cfe 14       		.uleb128 0x14
 6741 3cff 73756D00 		.string	"sum"
 6742 3d03 57       		.byte	0x57
 6743 3d04 10       		.byte	0x10
 6744 3d05 932C0000 		.long	0x2c93
 6745 3d09 14       		.uleb128 0x14
 6746 3d0a 6C00     		.string	"l"
 6747 3d0c 59       		.byte	0x59
 6748 3d0d 12       		.byte	0x12
 6749 3d0e 7E2C0000 		.long	0x2c7e
 6750 3d12 32       		.uleb128 0x32
 6751 3d13 213D0000 		.long	0x3d21
 6752 3d17 14       		.uleb128 0x14
 6753 3d18 6900     		.string	"i"
 6754 3d1a 50       		.byte	0x50
 6755 3d1b 12       		.byte	0x12
 6756 3d1c 722C0000 		.long	0x2c72
 6757 3d20 00       		.byte	0
 6758 3d21 33       		.uleb128 0x33
 6759 3d22 14       		.uleb128 0x14
 6760 3d23 6900     		.string	"i"
 6761 3d25 5C       		.byte	0x5c
 6762 3d26 11       		.byte	0x11
 6763 3d27 722C0000 		.long	0x2c72
 6764 3d2b 32       		.uleb128 0x32
 6765 3d2c 3A3D0000 		.long	0x3d3a
 6766 3d30 14       		.uleb128 0x14
 6767 3d31 6A00     		.string	"j"
 6768 3d33 67       		.byte	0x67
 6769 3d34 1A       		.byte	0x1a
 6770 3d35 722C0000 		.long	0x2c72
 6771 3d39 00       		.byte	0
 6772 3d3a 33       		.uleb128 0x33
 6773 3d3b 14       		.uleb128 0x14
 6774 3d3c 6A00     		.string	"j"
 6775 3d3e 6F       		.byte	0x6f
 6776 3d3f 16       		.byte	0x16
 6777 3d40 722C0000 		.long	0x2c72
 6778 3d44 00       		.byte	0
 6779 3d45 00       		.byte	0
 6780 3d46 00       		.byte	0
 6781 3d47 33       		.uleb128 0x33
 6782 3d48 14       		.uleb128 0x14
 6783 3d49 6900     		.string	"i"
GAS LISTING /tmp/ccHMMbxq.s 			page 120


 6784 3d4b 7E       		.byte	0x7e
 6785 3d4c 0E       		.byte	0xe
 6786 3d4d 722C0000 		.long	0x2c72
 6787 3d51 00       		.byte	0
 6788 3d52 00       		.byte	0
 6789 3d53 1D       		.uleb128 0x1d
 6790 3d54 591B0000 		.long	0x1b59
 6791 3d58 603D0000 		.long	0x3d60
 6792 3d5c 6A3D0000 		.long	0x3d6a
 6793 3d60 06       		.uleb128 0x6
 6794 3d61 00000000 		.long	.LASF582
 6795 3d65 39330000 		.long	0x3339
 6796 3d69 00       		.byte	0
 6797 3d6a 1B       		.uleb128 0x1b
 6798 3d6b 533D0000 		.long	0x3d53
 6799 3d6f 00000000 		.long	.LASF611
 6800 3d73 7B3D0000 		.long	0x3d7b
 6801 3d77 813D0000 		.long	0x3d81
 6802 3d7b 17       		.uleb128 0x17
 6803 3d7c 603D0000 		.long	0x3d60
 6804 3d80 00       		.byte	0
 6805 3d81 1D       		.uleb128 0x1d
 6806 3d82 61180000 		.long	0x1861
 6807 3d86 8E3D0000 		.long	0x3d8e
 6808 3d8a 983D0000 		.long	0x3d98
 6809 3d8e 06       		.uleb128 0x6
 6810 3d8f 00000000 		.long	.LASF582
 6811 3d93 16330000 		.long	0x3316
 6812 3d97 00       		.byte	0
 6813 3d98 1B       		.uleb128 0x1b
 6814 3d99 813D0000 		.long	0x3d81
 6815 3d9d 00000000 		.long	.LASF612
 6816 3da1 A93D0000 		.long	0x3da9
 6817 3da5 AF3D0000 		.long	0x3daf
 6818 3da9 17       		.uleb128 0x17
 6819 3daa 8E3D0000 		.long	0x3d8e
 6820 3dae 00       		.byte	0
 6821 3daf 67       		.uleb128 0x67
 6822 3db0 CE170000 		.long	0x17ce
 6823 3db4 0B       		.byte	0xb
 6824 3db5 85       		.byte	0x85
 6825 3db6 0E       		.byte	0xe
 6826 3db7 C03D0000 		.long	0x3dc0
 6827 3dbb 02       		.byte	0x2
 6828 3dbc D33D0000 		.long	0x3dd3
 6829 3dc0 06       		.uleb128 0x6
 6830 3dc1 00000000 		.long	.LASF582
 6831 3dc5 F8320000 		.long	0x32f8
 6832 3dc9 06       		.uleb128 0x6
 6833 3dca 00000000 		.long	.LASF596
 6834 3dce 792C0000 		.long	0x2c79
 6835 3dd2 00       		.byte	0
 6836 3dd3 1B       		.uleb128 0x1b
 6837 3dd4 AF3D0000 		.long	0x3daf
 6838 3dd8 00000000 		.long	.LASF613
 6839 3ddc E43D0000 		.long	0x3de4
 6840 3de0 EA3D0000 		.long	0x3dea
GAS LISTING /tmp/ccHMMbxq.s 			page 121


 6841 3de4 17       		.uleb128 0x17
 6842 3de5 C03D0000 		.long	0x3dc0
 6843 3de9 00       		.byte	0
 6844 3dea 11       		.uleb128 0x11
 6845 3deb 2C320000 		.long	0x322c
 6846 3def F73D0000 		.long	0x3df7
 6847 3df3 0B3E0000 		.long	0x3e0b
 6848 3df7 06       		.uleb128 0x6
 6849 3df8 00000000 		.long	.LASF582
 6850 3dfc 66320000 		.long	0x3266
 6851 3e00 1A       		.uleb128 0x1a
 6852 3e01 6900     		.string	"i"
 6853 3e03 17       		.byte	0x17
 6854 3e04 33       		.byte	0x33
 6855 3e05 1D       		.byte	0x1d
 6856 3e06 722C0000 		.long	0x2c72
 6857 3e0a 00       		.byte	0
 6858 3e0b 43       		.uleb128 0x43
 6859 3e0c 70686900 		.string	"phi"
 6860 3e10 1C       		.byte	0x1c
 6861 3e11 00000000 		.long	.LASF615
 6862 3e15 7E2C0000 		.long	0x2c7e
 6863 3e19 463E0000 		.long	0x3e46
 6864 3e1d 1A       		.uleb128 0x1a
 6865 3e1e 6100     		.string	"a"
 6866 3e20 17       		.byte	0x17
 6867 3e21 1C       		.byte	0x1c
 6868 3e22 17       		.byte	0x17
 6869 3e23 7E2C0000 		.long	0x2c7e
 6870 3e27 1A       		.uleb128 0x1a
 6871 3e28 6200     		.string	"b"
 6872 3e2a 17       		.byte	0x17
 6873 3e2b 1C       		.byte	0x1c
 6874 3e2c 23       		.byte	0x23
 6875 3e2d 7E2C0000 		.long	0x2c7e
 6876 3e31 27       		.uleb128 0x27
 6877 3e32 00000000 		.long	.LASF614
 6878 3e36 1E       		.byte	0x1e
 6879 3e37 09       		.byte	0x9
 6880 3e38 722C0000 		.long	0x2c72
 6881 3e3c 14       		.uleb128 0x14
 6882 3e3d 7800     		.string	"x"
 6883 3e3f 1F       		.byte	0x1f
 6884 3e40 0E       		.byte	0xe
 6885 3e41 7E2C0000 		.long	0x2c7e
 6886 3e45 00       		.byte	0
 6887 3e46 43       		.uleb128 0x43
 6888 3e47 503100   		.string	"P1"
 6889 3e4a 09       		.byte	0x9
 6890 3e4b 00000000 		.long	.LASF616
 6891 3e4f 7E2C0000 		.long	0x2c7e
 6892 3e53 753E0000 		.long	0x3e75
 6893 3e57 1A       		.uleb128 0x1a
 6894 3e58 7800     		.string	"x"
 6895 3e5a 17       		.byte	0x17
 6896 3e5b 09       		.byte	0x9
 6897 3e5c 16       		.byte	0x16
GAS LISTING /tmp/ccHMMbxq.s 			page 122


 6898 3e5d 7E2C0000 		.long	0x2c7e
 6899 3e61 14       		.uleb128 0x14
 6900 3e62 6900     		.string	"i"
 6901 3e64 0B       		.byte	0xb
 6902 3e65 0E       		.byte	0xe
 6903 3e66 7E2C0000 		.long	0x2c7e
 6904 3e6a 14       		.uleb128 0x14
 6905 3e6b 703100   		.string	"p1"
 6906 3e6e 0C       		.byte	0xc
 6907 3e6f 0E       		.byte	0xe
 6908 3e70 7E2C0000 		.long	0x2c7e
 6909 3e74 00       		.byte	0
 6910 3e75 42       		.uleb128 0x42
 6911 3e76 00000000 		.long	.LASF571
 6912 3e7a 18       		.byte	0x18
 6913 3e7b AE       		.byte	0xae
 6914 3e7c 21       		.byte	0x21
 6915 3e7d 00000000 		.long	.LASF617
 6916 3e81 A12C0000 		.long	0x2ca1
 6917 3e85 9B3E0000 		.long	0x3e9b
 6918 3e89 01       		.uleb128 0x1
 6919 3e8a 2F120000 		.long	0x122f
 6920 3e8e 1A       		.uleb128 0x1a
 6921 3e8f 5F5F7000 		.string	"__p"
 6922 3e93 18       		.byte	0x18
 6923 3e94 AE       		.byte	0xae
 6924 3e95 41       		.byte	0x41
 6925 3e96 A12C0000 		.long	0x2ca1
 6926 3e9a 00       		.byte	0
 6927 3e9b 0C       		.uleb128 0xc
 6928 3e9c 10       		.byte	0x10
 6929 3e9d 05       		.byte	0x5
 6930 3e9e 00000000 		.long	.LASF618
 6931 3ea2 0C       		.uleb128 0xc
 6932 3ea3 10       		.byte	0x10
 6933 3ea4 07       		.byte	0x7
 6934 3ea5 00000000 		.long	.LASF619
 6935 3ea9 00       		.byte	0
 6936              		.section	.gnu.debuglto_.debug_abbrev,"e",@progbits
 6937              	.Ldebug_abbrev0:
 6938 0000 01       		.uleb128 0x1
 6939 0001 05       		.uleb128 0x5
 6940 0002 00       		.byte	0
 6941 0003 49       		.uleb128 0x49
 6942 0004 13       		.uleb128 0x13
 6943 0005 00       		.byte	0
 6944 0006 00       		.byte	0
 6945 0007 02       		.uleb128 0x2
 6946 0008 08       		.uleb128 0x8
 6947 0009 00       		.byte	0
 6948 000a 3A       		.uleb128 0x3a
 6949 000b 0B       		.uleb128 0xb
 6950 000c 3B       		.uleb128 0x3b
 6951 000d 0B       		.uleb128 0xb
 6952 000e 39       		.uleb128 0x39
 6953 000f 0B       		.uleb128 0xb
 6954 0010 18       		.uleb128 0x18
GAS LISTING /tmp/ccHMMbxq.s 			page 123


 6955 0011 13       		.uleb128 0x13
 6956 0012 00       		.byte	0
 6957 0013 00       		.byte	0
 6958 0014 03       		.uleb128 0x3
 6959 0015 05       		.uleb128 0x5
 6960 0016 00       		.byte	0
 6961 0017 49       		.uleb128 0x49
 6962 0018 13       		.uleb128 0x13
 6963 0019 34       		.uleb128 0x34
 6964 001a 19       		.uleb128 0x19
 6965 001b 00       		.byte	0
 6966 001c 00       		.byte	0
 6967 001d 04       		.uleb128 0x4
 6968 001e 2E       		.uleb128 0x2e
 6969 001f 01       		.byte	0x1
 6970 0020 3F       		.uleb128 0x3f
 6971 0021 19       		.uleb128 0x19
 6972 0022 03       		.uleb128 0x3
 6973 0023 0E       		.uleb128 0xe
 6974 0024 3A       		.uleb128 0x3a
 6975 0025 0B       		.uleb128 0xb
 6976 0026 3B       		.uleb128 0x3b
 6977 0027 05       		.uleb128 0x5
 6978 0028 39       		.uleb128 0x39
 6979 0029 0B       		.uleb128 0xb
 6980 002a 6E       		.uleb128 0x6e
 6981 002b 0E       		.uleb128 0xe
 6982 002c 49       		.uleb128 0x49
 6983 002d 13       		.uleb128 0x13
 6984 002e 3C       		.uleb128 0x3c
 6985 002f 19       		.uleb128 0x19
 6986 0030 01       		.uleb128 0x1
 6987 0031 13       		.uleb128 0x13
 6988 0032 00       		.byte	0
 6989 0033 00       		.byte	0
 6990 0034 05       		.uleb128 0x5
 6991 0035 2E       		.uleb128 0x2e
 6992 0036 01       		.byte	0x1
 6993 0037 3F       		.uleb128 0x3f
 6994 0038 19       		.uleb128 0x19
 6995 0039 03       		.uleb128 0x3
 6996 003a 0E       		.uleb128 0xe
 6997 003b 3A       		.uleb128 0x3a
 6998 003c 0B       		.uleb128 0xb
 6999 003d 3B       		.uleb128 0x3b
 7000 003e 05       		.uleb128 0x5
 7001 003f 39       		.uleb128 0x39
 7002 0040 0B       		.uleb128 0xb
 7003 0041 6E       		.uleb128 0x6e
 7004 0042 0E       		.uleb128 0xe
 7005 0043 49       		.uleb128 0x49
 7006 0044 13       		.uleb128 0x13
 7007 0045 32       		.uleb128 0x32
 7008 0046 0B       		.uleb128 0xb
 7009 0047 3C       		.uleb128 0x3c
 7010 0048 19       		.uleb128 0x19
 7011 0049 64       		.uleb128 0x64
GAS LISTING /tmp/ccHMMbxq.s 			page 124


 7012 004a 13       		.uleb128 0x13
 7013 004b 01       		.uleb128 0x1
 7014 004c 13       		.uleb128 0x13
 7015 004d 00       		.byte	0
 7016 004e 00       		.byte	0
 7017 004f 06       		.uleb128 0x6
 7018 0050 05       		.uleb128 0x5
 7019 0051 00       		.byte	0
 7020 0052 03       		.uleb128 0x3
 7021 0053 0E       		.uleb128 0xe
 7022 0054 49       		.uleb128 0x49
 7023 0055 13       		.uleb128 0x13
 7024 0056 34       		.uleb128 0x34
 7025 0057 19       		.uleb128 0x19
 7026 0058 00       		.byte	0
 7027 0059 00       		.byte	0
 7028 005a 07       		.uleb128 0x7
 7029 005b 26       		.uleb128 0x26
 7030 005c 00       		.byte	0
 7031 005d 49       		.uleb128 0x49
 7032 005e 13       		.uleb128 0x13
 7033 005f 00       		.byte	0
 7034 0060 00       		.byte	0
 7035 0061 08       		.uleb128 0x8
 7036 0062 2F       		.uleb128 0x2f
 7037 0063 00       		.byte	0
 7038 0064 03       		.uleb128 0x3
 7039 0065 08       		.uleb128 0x8
 7040 0066 49       		.uleb128 0x49
 7041 0067 13       		.uleb128 0x13
 7042 0068 00       		.byte	0
 7043 0069 00       		.byte	0
 7044 006a 09       		.uleb128 0x9
 7045 006b 10       		.uleb128 0x10
 7046 006c 00       		.byte	0
 7047 006d 0B       		.uleb128 0xb
 7048 006e 21       		.uleb128 0x21
 7049 006f 08       		.sleb128 8
 7050 0070 49       		.uleb128 0x49
 7051 0071 13       		.uleb128 0x13
 7052 0072 00       		.byte	0
 7053 0073 00       		.byte	0
 7054 0074 0A       		.uleb128 0xa
 7055 0075 2E       		.uleb128 0x2e
 7056 0076 01       		.byte	0x1
 7057 0077 3F       		.uleb128 0x3f
 7058 0078 19       		.uleb128 0x19
 7059 0079 03       		.uleb128 0x3
 7060 007a 0E       		.uleb128 0xe
 7061 007b 3A       		.uleb128 0x3a
 7062 007c 0B       		.uleb128 0xb
 7063 007d 3B       		.uleb128 0x3b
 7064 007e 05       		.uleb128 0x5
 7065 007f 39       		.uleb128 0x39
 7066 0080 0B       		.uleb128 0xb
 7067 0081 6E       		.uleb128 0x6e
 7068 0082 0E       		.uleb128 0xe
GAS LISTING /tmp/ccHMMbxq.s 			page 125


 7069 0083 32       		.uleb128 0x32
 7070 0084 0B       		.uleb128 0xb
 7071 0085 3C       		.uleb128 0x3c
 7072 0086 19       		.uleb128 0x19
 7073 0087 64       		.uleb128 0x64
 7074 0088 13       		.uleb128 0x13
 7075 0089 01       		.uleb128 0x1
 7076 008a 13       		.uleb128 0x13
 7077 008b 00       		.byte	0
 7078 008c 00       		.byte	0
 7079 008d 0B       		.uleb128 0xb
 7080 008e 2F       		.uleb128 0x2f
 7081 008f 00       		.byte	0
 7082 0090 03       		.uleb128 0x3
 7083 0091 0E       		.uleb128 0xe
 7084 0092 49       		.uleb128 0x49
 7085 0093 13       		.uleb128 0x13
 7086 0094 00       		.byte	0
 7087 0095 00       		.byte	0
 7088 0096 0C       		.uleb128 0xc
 7089 0097 24       		.uleb128 0x24
 7090 0098 00       		.byte	0
 7091 0099 0B       		.uleb128 0xb
 7092 009a 0B       		.uleb128 0xb
 7093 009b 3E       		.uleb128 0x3e
 7094 009c 0B       		.uleb128 0xb
 7095 009d 03       		.uleb128 0x3
 7096 009e 0E       		.uleb128 0xe
 7097 009f 00       		.byte	0
 7098 00a0 00       		.byte	0
 7099 00a1 0D       		.uleb128 0xd
 7100 00a2 0F       		.uleb128 0xf
 7101 00a3 00       		.byte	0
 7102 00a4 0B       		.uleb128 0xb
 7103 00a5 21       		.uleb128 0x21
 7104 00a6 08       		.sleb128 8
 7105 00a7 49       		.uleb128 0x49
 7106 00a8 13       		.uleb128 0x13
 7107 00a9 00       		.byte	0
 7108 00aa 00       		.byte	0
 7109 00ab 0E       		.uleb128 0xe
 7110 00ac 05       		.uleb128 0x5
 7111 00ad 00       		.byte	0
 7112 00ae 03       		.uleb128 0x3
 7113 00af 0E       		.uleb128 0xe
 7114 00b0 3A       		.uleb128 0x3a
 7115 00b1 0B       		.uleb128 0xb
 7116 00b2 3B       		.uleb128 0x3b
 7117 00b3 05       		.uleb128 0x5
 7118 00b4 39       		.uleb128 0x39
 7119 00b5 0B       		.uleb128 0xb
 7120 00b6 49       		.uleb128 0x49
 7121 00b7 13       		.uleb128 0x13
 7122 00b8 00       		.byte	0
 7123 00b9 00       		.byte	0
 7124 00ba 0F       		.uleb128 0xf
 7125 00bb 16       		.uleb128 0x16
GAS LISTING /tmp/ccHMMbxq.s 			page 126


 7126 00bc 00       		.byte	0
 7127 00bd 03       		.uleb128 0x3
 7128 00be 0E       		.uleb128 0xe
 7129 00bf 3A       		.uleb128 0x3a
 7130 00c0 0B       		.uleb128 0xb
 7131 00c1 3B       		.uleb128 0x3b
 7132 00c2 0B       		.uleb128 0xb
 7133 00c3 39       		.uleb128 0x39
 7134 00c4 0B       		.uleb128 0xb
 7135 00c5 49       		.uleb128 0x49
 7136 00c6 13       		.uleb128 0x13
 7137 00c7 00       		.byte	0
 7138 00c8 00       		.byte	0
 7139 00c9 10       		.uleb128 0x10
 7140 00ca 05       		.uleb128 0x5
 7141 00cb 00       		.byte	0
 7142 00cc 03       		.uleb128 0x3
 7143 00cd 08       		.uleb128 0x8
 7144 00ce 3A       		.uleb128 0x3a
 7145 00cf 0B       		.uleb128 0xb
 7146 00d0 3B       		.uleb128 0x3b
 7147 00d1 05       		.uleb128 0x5
 7148 00d2 39       		.uleb128 0x39
 7149 00d3 0B       		.uleb128 0xb
 7150 00d4 49       		.uleb128 0x49
 7151 00d5 13       		.uleb128 0x13
 7152 00d6 00       		.byte	0
 7153 00d7 00       		.byte	0
 7154 00d8 11       		.uleb128 0x11
 7155 00d9 2E       		.uleb128 0x2e
 7156 00da 01       		.byte	0x1
 7157 00db 47       		.uleb128 0x47
 7158 00dc 13       		.uleb128 0x13
 7159 00dd 64       		.uleb128 0x64
 7160 00de 13       		.uleb128 0x13
 7161 00df 01       		.uleb128 0x1
 7162 00e0 13       		.uleb128 0x13
 7163 00e1 00       		.byte	0
 7164 00e2 00       		.byte	0
 7165 00e3 12       		.uleb128 0x12
 7166 00e4 2E       		.uleb128 0x2e
 7167 00e5 01       		.byte	0x1
 7168 00e6 3F       		.uleb128 0x3f
 7169 00e7 19       		.uleb128 0x19
 7170 00e8 03       		.uleb128 0x3
 7171 00e9 0E       		.uleb128 0xe
 7172 00ea 3A       		.uleb128 0x3a
 7173 00eb 0B       		.uleb128 0xb
 7174 00ec 3B       		.uleb128 0x3b
 7175 00ed 0B       		.uleb128 0xb
 7176 00ee 39       		.uleb128 0x39
 7177 00ef 0B       		.uleb128 0xb
 7178 00f0 6E       		.uleb128 0x6e
 7179 00f1 0E       		.uleb128 0xe
 7180 00f2 49       		.uleb128 0x49
 7181 00f3 13       		.uleb128 0x13
 7182 00f4 3C       		.uleb128 0x3c
GAS LISTING /tmp/ccHMMbxq.s 			page 127


 7183 00f5 19       		.uleb128 0x19
 7184 00f6 01       		.uleb128 0x1
 7185 00f7 13       		.uleb128 0x13
 7186 00f8 00       		.byte	0
 7187 00f9 00       		.byte	0
 7188 00fa 13       		.uleb128 0x13
 7189 00fb 2E       		.uleb128 0x2e
 7190 00fc 01       		.byte	0x1
 7191 00fd 47       		.uleb128 0x47
 7192 00fe 13       		.uleb128 0x13
 7193 00ff 01       		.uleb128 0x1
 7194 0100 13       		.uleb128 0x13
 7195 0101 00       		.byte	0
 7196 0102 00       		.byte	0
 7197 0103 14       		.uleb128 0x14
 7198 0104 34       		.uleb128 0x34
 7199 0105 00       		.byte	0
 7200 0106 03       		.uleb128 0x3
 7201 0107 08       		.uleb128 0x8
 7202 0108 3A       		.uleb128 0x3a
 7203 0109 21       		.uleb128 0x21
 7204 010a 17       		.sleb128 23
 7205 010b 3B       		.uleb128 0x3b
 7206 010c 0B       		.uleb128 0xb
 7207 010d 39       		.uleb128 0x39
 7208 010e 0B       		.uleb128 0xb
 7209 010f 49       		.uleb128 0x49
 7210 0110 13       		.uleb128 0x13
 7211 0111 00       		.byte	0
 7212 0112 00       		.byte	0
 7213 0113 15       		.uleb128 0x15
 7214 0114 13       		.uleb128 0x13
 7215 0115 01       		.byte	0x1
 7216 0116 03       		.uleb128 0x3
 7217 0117 0E       		.uleb128 0xe
 7218 0118 0B       		.uleb128 0xb
 7219 0119 0B       		.uleb128 0xb
 7220 011a 3A       		.uleb128 0x3a
 7221 011b 0B       		.uleb128 0xb
 7222 011c 3B       		.uleb128 0x3b
 7223 011d 0B       		.uleb128 0xb
 7224 011e 39       		.uleb128 0x39
 7225 011f 0B       		.uleb128 0xb
 7226 0120 01       		.uleb128 0x1
 7227 0121 13       		.uleb128 0x13
 7228 0122 00       		.byte	0
 7229 0123 00       		.byte	0
 7230 0124 16       		.uleb128 0x16
 7231 0125 16       		.uleb128 0x16
 7232 0126 00       		.byte	0
 7233 0127 03       		.uleb128 0x3
 7234 0128 0E       		.uleb128 0xe
 7235 0129 3A       		.uleb128 0x3a
 7236 012a 0B       		.uleb128 0xb
 7237 012b 3B       		.uleb128 0x3b
 7238 012c 05       		.uleb128 0x5
 7239 012d 39       		.uleb128 0x39
GAS LISTING /tmp/ccHMMbxq.s 			page 128


 7240 012e 0B       		.uleb128 0xb
 7241 012f 49       		.uleb128 0x49
 7242 0130 13       		.uleb128 0x13
 7243 0131 32       		.uleb128 0x32
 7244 0132 21       		.uleb128 0x21
 7245 0133 01       		.sleb128 1
 7246 0134 00       		.byte	0
 7247 0135 00       		.byte	0
 7248 0136 17       		.uleb128 0x17
 7249 0137 05       		.uleb128 0x5
 7250 0138 00       		.byte	0
 7251 0139 31       		.uleb128 0x31
 7252 013a 13       		.uleb128 0x13
 7253 013b 00       		.byte	0
 7254 013c 00       		.byte	0
 7255 013d 18       		.uleb128 0x18
 7256 013e 2E       		.uleb128 0x2e
 7257 013f 01       		.byte	0x1
 7258 0140 3F       		.uleb128 0x3f
 7259 0141 19       		.uleb128 0x19
 7260 0142 03       		.uleb128 0x3
 7261 0143 08       		.uleb128 0x8
 7262 0144 3A       		.uleb128 0x3a
 7263 0145 21       		.uleb128 0x21
 7264 0146 01       		.sleb128 1
 7265 0147 3B       		.uleb128 0x3b
 7266 0148 05       		.uleb128 0x5
 7267 0149 39       		.uleb128 0x39
 7268 014a 21       		.uleb128 0x21
 7269 014b 03       		.sleb128 3
 7270 014c 6E       		.uleb128 0x6e
 7271 014d 0E       		.uleb128 0xe
 7272 014e 49       		.uleb128 0x49
 7273 014f 13       		.uleb128 0x13
 7274 0150 3C       		.uleb128 0x3c
 7275 0151 19       		.uleb128 0x19
 7276 0152 01       		.uleb128 0x1
 7277 0153 13       		.uleb128 0x13
 7278 0154 00       		.byte	0
 7279 0155 00       		.byte	0
 7280 0156 19       		.uleb128 0x19
 7281 0157 2E       		.uleb128 0x2e
 7282 0158 01       		.byte	0x1
 7283 0159 3F       		.uleb128 0x3f
 7284 015a 19       		.uleb128 0x19
 7285 015b 03       		.uleb128 0x3
 7286 015c 0E       		.uleb128 0xe
 7287 015d 3A       		.uleb128 0x3a
 7288 015e 21       		.uleb128 0x21
 7289 015f 0B       		.sleb128 11
 7290 0160 3B       		.uleb128 0x3b
 7291 0161 05       		.uleb128 0x5
 7292 0162 39       		.uleb128 0x39
 7293 0163 21       		.uleb128 0x21
 7294 0164 07       		.sleb128 7
 7295 0165 6E       		.uleb128 0x6e
 7296 0166 0E       		.uleb128 0xe
GAS LISTING /tmp/ccHMMbxq.s 			page 129


 7297 0167 3C       		.uleb128 0x3c
 7298 0168 19       		.uleb128 0x19
 7299 0169 64       		.uleb128 0x64
 7300 016a 13       		.uleb128 0x13
 7301 016b 01       		.uleb128 0x1
 7302 016c 13       		.uleb128 0x13
 7303 016d 00       		.byte	0
 7304 016e 00       		.byte	0
 7305 016f 1A       		.uleb128 0x1a
 7306 0170 05       		.uleb128 0x5
 7307 0171 00       		.byte	0
 7308 0172 03       		.uleb128 0x3
 7309 0173 08       		.uleb128 0x8
 7310 0174 3A       		.uleb128 0x3a
 7311 0175 0B       		.uleb128 0xb
 7312 0176 3B       		.uleb128 0x3b
 7313 0177 0B       		.uleb128 0xb
 7314 0178 39       		.uleb128 0x39
 7315 0179 0B       		.uleb128 0xb
 7316 017a 49       		.uleb128 0x49
 7317 017b 13       		.uleb128 0x13
 7318 017c 00       		.byte	0
 7319 017d 00       		.byte	0
 7320 017e 1B       		.uleb128 0x1b
 7321 017f 2E       		.uleb128 0x2e
 7322 0180 01       		.byte	0x1
 7323 0181 31       		.uleb128 0x31
 7324 0182 13       		.uleb128 0x13
 7325 0183 6E       		.uleb128 0x6e
 7326 0184 0E       		.uleb128 0xe
 7327 0185 64       		.uleb128 0x64
 7328 0186 13       		.uleb128 0x13
 7329 0187 01       		.uleb128 0x1
 7330 0188 13       		.uleb128 0x13
 7331 0189 00       		.byte	0
 7332 018a 00       		.byte	0
 7333 018b 1C       		.uleb128 0x1c
 7334 018c 16       		.uleb128 0x16
 7335 018d 00       		.byte	0
 7336 018e 03       		.uleb128 0x3
 7337 018f 0E       		.uleb128 0xe
 7338 0190 3A       		.uleb128 0x3a
 7339 0191 0B       		.uleb128 0xb
 7340 0192 3B       		.uleb128 0x3b
 7341 0193 05       		.uleb128 0x5
 7342 0194 39       		.uleb128 0x39
 7343 0195 0B       		.uleb128 0xb
 7344 0196 49       		.uleb128 0x49
 7345 0197 13       		.uleb128 0x13
 7346 0198 00       		.byte	0
 7347 0199 00       		.byte	0
 7348 019a 1D       		.uleb128 0x1d
 7349 019b 2E       		.uleb128 0x2e
 7350 019c 01       		.byte	0x1
 7351 019d 47       		.uleb128 0x47
 7352 019e 13       		.uleb128 0x13
 7353 019f 64       		.uleb128 0x64
GAS LISTING /tmp/ccHMMbxq.s 			page 130


 7354 01a0 13       		.uleb128 0x13
 7355 01a1 20       		.uleb128 0x20
 7356 01a2 21       		.uleb128 0x21
 7357 01a3 02       		.sleb128 2
 7358 01a4 01       		.uleb128 0x1
 7359 01a5 13       		.uleb128 0x13
 7360 01a6 00       		.byte	0
 7361 01a7 00       		.byte	0
 7362 01a8 1E       		.uleb128 0x1e
 7363 01a9 34       		.uleb128 0x34
 7364 01aa 00       		.byte	0
 7365 01ab 03       		.uleb128 0x3
 7366 01ac 0E       		.uleb128 0xe
 7367 01ad 3A       		.uleb128 0x3a
 7368 01ae 0B       		.uleb128 0xb
 7369 01af 3B       		.uleb128 0x3b
 7370 01b0 05       		.uleb128 0x5
 7371 01b1 39       		.uleb128 0x39
 7372 01b2 0B       		.uleb128 0xb
 7373 01b3 49       		.uleb128 0x49
 7374 01b4 13       		.uleb128 0x13
 7375 01b5 00       		.byte	0
 7376 01b6 00       		.byte	0
 7377 01b7 1F       		.uleb128 0x1f
 7378 01b8 2E       		.uleb128 0x2e
 7379 01b9 01       		.byte	0x1
 7380 01ba 3F       		.uleb128 0x3f
 7381 01bb 19       		.uleb128 0x19
 7382 01bc 03       		.uleb128 0x3
 7383 01bd 08       		.uleb128 0x8
 7384 01be 3A       		.uleb128 0x3a
 7385 01bf 0B       		.uleb128 0xb
 7386 01c0 3B       		.uleb128 0x3b
 7387 01c1 0B       		.uleb128 0xb
 7388 01c2 39       		.uleb128 0x39
 7389 01c3 21       		.uleb128 0x21
 7390 01c4 03       		.sleb128 3
 7391 01c5 6E       		.uleb128 0x6e
 7392 01c6 0E       		.uleb128 0xe
 7393 01c7 49       		.uleb128 0x49
 7394 01c8 13       		.uleb128 0x13
 7395 01c9 3C       		.uleb128 0x3c
 7396 01ca 19       		.uleb128 0x19
 7397 01cb 01       		.uleb128 0x1
 7398 01cc 13       		.uleb128 0x13
 7399 01cd 00       		.byte	0
 7400 01ce 00       		.byte	0
 7401 01cf 20       		.uleb128 0x20
 7402 01d0 2E       		.uleb128 0x2e
 7403 01d1 01       		.byte	0x1
 7404 01d2 3F       		.uleb128 0x3f
 7405 01d3 19       		.uleb128 0x19
 7406 01d4 03       		.uleb128 0x3
 7407 01d5 0E       		.uleb128 0xe
 7408 01d6 3A       		.uleb128 0x3a
 7409 01d7 0B       		.uleb128 0xb
 7410 01d8 3B       		.uleb128 0x3b
GAS LISTING /tmp/ccHMMbxq.s 			page 131


 7411 01d9 0B       		.uleb128 0xb
 7412 01da 39       		.uleb128 0x39
 7413 01db 0B       		.uleb128 0xb
 7414 01dc 6E       		.uleb128 0x6e
 7415 01dd 0E       		.uleb128 0xe
 7416 01de 49       		.uleb128 0x49
 7417 01df 13       		.uleb128 0x13
 7418 01e0 32       		.uleb128 0x32
 7419 01e1 0B       		.uleb128 0xb
 7420 01e2 3C       		.uleb128 0x3c
 7421 01e3 19       		.uleb128 0x19
 7422 01e4 64       		.uleb128 0x64
 7423 01e5 13       		.uleb128 0x13
 7424 01e6 01       		.uleb128 0x1
 7425 01e7 13       		.uleb128 0x13
 7426 01e8 00       		.byte	0
 7427 01e9 00       		.byte	0
 7428 01ea 21       		.uleb128 0x21
 7429 01eb 08       		.uleb128 0x8
 7430 01ec 00       		.byte	0
 7431 01ed 3A       		.uleb128 0x3a
 7432 01ee 0B       		.uleb128 0xb
 7433 01ef 3B       		.uleb128 0x3b
 7434 01f0 05       		.uleb128 0x5
 7435 01f1 39       		.uleb128 0x39
 7436 01f2 21       		.uleb128 0x21
 7437 01f3 0B       		.sleb128 11
 7438 01f4 18       		.uleb128 0x18
 7439 01f5 13       		.uleb128 0x13
 7440 01f6 00       		.byte	0
 7441 01f7 00       		.byte	0
 7442 01f8 22       		.uleb128 0x22
 7443 01f9 2E       		.uleb128 0x2e
 7444 01fa 01       		.byte	0x1
 7445 01fb 3F       		.uleb128 0x3f
 7446 01fc 19       		.uleb128 0x19
 7447 01fd 03       		.uleb128 0x3
 7448 01fe 0E       		.uleb128 0xe
 7449 01ff 3A       		.uleb128 0x3a
 7450 0200 0B       		.uleb128 0xb
 7451 0201 3B       		.uleb128 0x3b
 7452 0202 0B       		.uleb128 0xb
 7453 0203 39       		.uleb128 0x39
 7454 0204 0B       		.uleb128 0xb
 7455 0205 6E       		.uleb128 0x6e
 7456 0206 0E       		.uleb128 0xe
 7457 0207 32       		.uleb128 0x32
 7458 0208 21       		.uleb128 0x21
 7459 0209 01       		.sleb128 1
 7460 020a 3C       		.uleb128 0x3c
 7461 020b 19       		.uleb128 0x19
 7462 020c 64       		.uleb128 0x64
 7463 020d 13       		.uleb128 0x13
 7464 020e 01       		.uleb128 0x1
 7465 020f 13       		.uleb128 0x13
 7466 0210 00       		.byte	0
 7467 0211 00       		.byte	0
GAS LISTING /tmp/ccHMMbxq.s 			page 132


 7468 0212 23       		.uleb128 0x23
 7469 0213 2E       		.uleb128 0x2e
 7470 0214 01       		.byte	0x1
 7471 0215 3F       		.uleb128 0x3f
 7472 0216 19       		.uleb128 0x19
 7473 0217 03       		.uleb128 0x3
 7474 0218 0E       		.uleb128 0xe
 7475 0219 3A       		.uleb128 0x3a
 7476 021a 21       		.uleb128 0x21
 7477 021b 0B       		.sleb128 11
 7478 021c 3B       		.uleb128 0x3b
 7479 021d 0B       		.uleb128 0xb
 7480 021e 39       		.uleb128 0x39
 7481 021f 21       		.uleb128 0x21
 7482 0220 02       		.sleb128 2
 7483 0221 6E       		.uleb128 0x6e
 7484 0222 0E       		.uleb128 0xe
 7485 0223 3C       		.uleb128 0x3c
 7486 0224 19       		.uleb128 0x19
 7487 0225 64       		.uleb128 0x64
 7488 0226 13       		.uleb128 0x13
 7489 0227 01       		.uleb128 0x1
 7490 0228 13       		.uleb128 0x13
 7491 0229 00       		.byte	0
 7492 022a 00       		.byte	0
 7493 022b 24       		.uleb128 0x24
 7494 022c 878201   		.uleb128 0x4107
 7495 022f 01       		.byte	0x1
 7496 0230 03       		.uleb128 0x3
 7497 0231 0E       		.uleb128 0xe
 7498 0232 01       		.uleb128 0x1
 7499 0233 13       		.uleb128 0x13
 7500 0234 00       		.byte	0
 7501 0235 00       		.byte	0
 7502 0236 25       		.uleb128 0x25
 7503 0237 2F       		.uleb128 0x2f
 7504 0238 00       		.byte	0
 7505 0239 49       		.uleb128 0x49
 7506 023a 13       		.uleb128 0x13
 7507 023b 00       		.byte	0
 7508 023c 00       		.byte	0
 7509 023d 26       		.uleb128 0x26
 7510 023e 42       		.uleb128 0x42
 7511 023f 00       		.byte	0
 7512 0240 0B       		.uleb128 0xb
 7513 0241 21       		.uleb128 0x21
 7514 0242 08       		.sleb128 8
 7515 0243 49       		.uleb128 0x49
 7516 0244 13       		.uleb128 0x13
 7517 0245 00       		.byte	0
 7518 0246 00       		.byte	0
 7519 0247 27       		.uleb128 0x27
 7520 0248 34       		.uleb128 0x34
 7521 0249 00       		.byte	0
 7522 024a 03       		.uleb128 0x3
 7523 024b 0E       		.uleb128 0xe
 7524 024c 3A       		.uleb128 0x3a
GAS LISTING /tmp/ccHMMbxq.s 			page 133


 7525 024d 21       		.uleb128 0x21
 7526 024e 17       		.sleb128 23
 7527 024f 3B       		.uleb128 0x3b
 7528 0250 0B       		.uleb128 0xb
 7529 0251 39       		.uleb128 0x39
 7530 0252 0B       		.uleb128 0xb
 7531 0253 49       		.uleb128 0x49
 7532 0254 13       		.uleb128 0x13
 7533 0255 00       		.byte	0
 7534 0256 00       		.byte	0
 7535 0257 28       		.uleb128 0x28
 7536 0258 2E       		.uleb128 0x2e
 7537 0259 01       		.byte	0x1
 7538 025a 3F       		.uleb128 0x3f
 7539 025b 19       		.uleb128 0x19
 7540 025c 03       		.uleb128 0x3
 7541 025d 0E       		.uleb128 0xe
 7542 025e 3A       		.uleb128 0x3a
 7543 025f 0B       		.uleb128 0xb
 7544 0260 3B       		.uleb128 0x3b
 7545 0261 0B       		.uleb128 0xb
 7546 0262 39       		.uleb128 0x39
 7547 0263 0B       		.uleb128 0xb
 7548 0264 6E       		.uleb128 0x6e
 7549 0265 0E       		.uleb128 0xe
 7550 0266 49       		.uleb128 0x49
 7551 0267 13       		.uleb128 0x13
 7552 0268 3C       		.uleb128 0x3c
 7553 0269 19       		.uleb128 0x19
 7554 026a 64       		.uleb128 0x64
 7555 026b 13       		.uleb128 0x13
 7556 026c 01       		.uleb128 0x1
 7557 026d 13       		.uleb128 0x13
 7558 026e 00       		.byte	0
 7559 026f 00       		.byte	0
 7560 0270 29       		.uleb128 0x29
 7561 0271 16       		.uleb128 0x16
 7562 0272 00       		.byte	0
 7563 0273 03       		.uleb128 0x3
 7564 0274 0E       		.uleb128 0xe
 7565 0275 3A       		.uleb128 0x3a
 7566 0276 21       		.uleb128 0x21
 7567 0277 08       		.sleb128 8
 7568 0278 3B       		.uleb128 0x3b
 7569 0279 0B       		.uleb128 0xb
 7570 027a 39       		.uleb128 0x39
 7571 027b 0B       		.uleb128 0xb
 7572 027c 49       		.uleb128 0x49
 7573 027d 13       		.uleb128 0x13
 7574 027e 32       		.uleb128 0x32
 7575 027f 21       		.uleb128 0x21
 7576 0280 01       		.sleb128 1
 7577 0281 00       		.byte	0
 7578 0282 00       		.byte	0
 7579 0283 2A       		.uleb128 0x2a
 7580 0284 2E       		.uleb128 0x2e
 7581 0285 00       		.byte	0
GAS LISTING /tmp/ccHMMbxq.s 			page 134


 7582 0286 3F       		.uleb128 0x3f
 7583 0287 19       		.uleb128 0x19
 7584 0288 03       		.uleb128 0x3
 7585 0289 0E       		.uleb128 0xe
 7586 028a 3A       		.uleb128 0x3a
 7587 028b 21       		.uleb128 0x21
 7588 028c 12       		.sleb128 18
 7589 028d 3B       		.uleb128 0x3b
 7590 028e 0B       		.uleb128 0xb
 7591 028f 39       		.uleb128 0x39
 7592 0290 21       		.uleb128 0x21
 7593 0291 1B       		.sleb128 27
 7594 0292 6E       		.uleb128 0x6e
 7595 0293 0E       		.uleb128 0xe
 7596 0294 49       		.uleb128 0x49
 7597 0295 13       		.uleb128 0x13
 7598 0296 3C       		.uleb128 0x3c
 7599 0297 19       		.uleb128 0x19
 7600 0298 00       		.byte	0
 7601 0299 00       		.byte	0
 7602 029a 2B       		.uleb128 0x2b
 7603 029b 2E       		.uleb128 0x2e
 7604 029c 01       		.byte	0x1
 7605 029d 3F       		.uleb128 0x3f
 7606 029e 19       		.uleb128 0x19
 7607 029f 03       		.uleb128 0x3
 7608 02a0 0E       		.uleb128 0xe
 7609 02a1 3A       		.uleb128 0x3a
 7610 02a2 21       		.uleb128 0x21
 7611 02a3 0B       		.sleb128 11
 7612 02a4 3B       		.uleb128 0x3b
 7613 02a5 05       		.uleb128 0x5
 7614 02a6 39       		.uleb128 0x39
 7615 02a7 21       		.uleb128 0x21
 7616 02a8 07       		.sleb128 7
 7617 02a9 6E       		.uleb128 0x6e
 7618 02aa 0E       		.uleb128 0xe
 7619 02ab 49       		.uleb128 0x49
 7620 02ac 13       		.uleb128 0x13
 7621 02ad 3C       		.uleb128 0x3c
 7622 02ae 19       		.uleb128 0x19
 7623 02af 64       		.uleb128 0x64
 7624 02b0 13       		.uleb128 0x13
 7625 02b1 01       		.uleb128 0x1
 7626 02b2 13       		.uleb128 0x13
 7627 02b3 00       		.byte	0
 7628 02b4 00       		.byte	0
 7629 02b5 2C       		.uleb128 0x2c
 7630 02b6 2E       		.uleb128 0x2e
 7631 02b7 01       		.byte	0x1
 7632 02b8 3F       		.uleb128 0x3f
 7633 02b9 19       		.uleb128 0x19
 7634 02ba 03       		.uleb128 0x3
 7635 02bb 08       		.uleb128 0x8
 7636 02bc 3A       		.uleb128 0x3a
 7637 02bd 21       		.uleb128 0x21
 7638 02be 0B       		.sleb128 11
GAS LISTING /tmp/ccHMMbxq.s 			page 135


 7639 02bf 3B       		.uleb128 0x3b
 7640 02c0 05       		.uleb128 0x5
 7641 02c1 39       		.uleb128 0x39
 7642 02c2 21       		.uleb128 0x21
 7643 02c3 07       		.sleb128 7
 7644 02c4 6E       		.uleb128 0x6e
 7645 02c5 0E       		.uleb128 0xe
 7646 02c6 49       		.uleb128 0x49
 7647 02c7 13       		.uleb128 0x13
 7648 02c8 32       		.uleb128 0x32
 7649 02c9 21       		.uleb128 0x21
 7650 02ca 01       		.sleb128 1
 7651 02cb 3C       		.uleb128 0x3c
 7652 02cc 19       		.uleb128 0x19
 7653 02cd 64       		.uleb128 0x64
 7654 02ce 13       		.uleb128 0x13
 7655 02cf 01       		.uleb128 0x1
 7656 02d0 13       		.uleb128 0x13
 7657 02d1 00       		.byte	0
 7658 02d2 00       		.byte	0
 7659 02d3 2D       		.uleb128 0x2d
 7660 02d4 02       		.uleb128 0x2
 7661 02d5 00       		.byte	0
 7662 02d6 03       		.uleb128 0x3
 7663 02d7 0E       		.uleb128 0xe
 7664 02d8 3C       		.uleb128 0x3c
 7665 02d9 19       		.uleb128 0x19
 7666 02da 00       		.byte	0
 7667 02db 00       		.byte	0
 7668 02dc 2E       		.uleb128 0x2e
 7669 02dd 0D       		.uleb128 0xd
 7670 02de 00       		.byte	0
 7671 02df 03       		.uleb128 0x3
 7672 02e0 0E       		.uleb128 0xe
 7673 02e1 3A       		.uleb128 0x3a
 7674 02e2 21       		.uleb128 0x21
 7675 02e3 0B       		.sleb128 11
 7676 02e4 3B       		.uleb128 0x3b
 7677 02e5 0B       		.uleb128 0xb
 7678 02e6 39       		.uleb128 0x39
 7679 02e7 21       		.uleb128 0x21
 7680 02e8 0A       		.sleb128 10
 7681 02e9 49       		.uleb128 0x49
 7682 02ea 13       		.uleb128 0x13
 7683 02eb 38       		.uleb128 0x38
 7684 02ec 0B       		.uleb128 0xb
 7685 02ed 00       		.byte	0
 7686 02ee 00       		.byte	0
 7687 02ef 2F       		.uleb128 0x2f
 7688 02f0 1C       		.uleb128 0x1c
 7689 02f1 00       		.byte	0
 7690 02f2 49       		.uleb128 0x49
 7691 02f3 13       		.uleb128 0x13
 7692 02f4 38       		.uleb128 0x38
 7693 02f5 21       		.uleb128 0x21
 7694 02f6 00       		.sleb128 0
 7695 02f7 00       		.byte	0
GAS LISTING /tmp/ccHMMbxq.s 			page 136


 7696 02f8 00       		.byte	0
 7697 02f9 30       		.uleb128 0x30
 7698 02fa 2E       		.uleb128 0x2e
 7699 02fb 01       		.byte	0x1
 7700 02fc 3F       		.uleb128 0x3f
 7701 02fd 19       		.uleb128 0x19
 7702 02fe 03       		.uleb128 0x3
 7703 02ff 0E       		.uleb128 0xe
 7704 0300 3A       		.uleb128 0x3a
 7705 0301 0B       		.uleb128 0xb
 7706 0302 3B       		.uleb128 0x3b
 7707 0303 05       		.uleb128 0x5
 7708 0304 39       		.uleb128 0x39
 7709 0305 21       		.uleb128 0x21
 7710 0306 07       		.sleb128 7
 7711 0307 6E       		.uleb128 0x6e
 7712 0308 0E       		.uleb128 0xe
 7713 0309 32       		.uleb128 0x32
 7714 030a 21       		.uleb128 0x21
 7715 030b 01       		.sleb128 1
 7716 030c 3C       		.uleb128 0x3c
 7717 030d 19       		.uleb128 0x19
 7718 030e 63       		.uleb128 0x63
 7719 030f 19       		.uleb128 0x19
 7720 0310 64       		.uleb128 0x64
 7721 0311 13       		.uleb128 0x13
 7722 0312 01       		.uleb128 0x1
 7723 0313 13       		.uleb128 0x13
 7724 0314 00       		.byte	0
 7725 0315 00       		.byte	0
 7726 0316 31       		.uleb128 0x31
 7727 0317 2E       		.uleb128 0x2e
 7728 0318 01       		.byte	0x1
 7729 0319 3F       		.uleb128 0x3f
 7730 031a 19       		.uleb128 0x19
 7731 031b 03       		.uleb128 0x3
 7732 031c 0E       		.uleb128 0xe
 7733 031d 3A       		.uleb128 0x3a
 7734 031e 0B       		.uleb128 0xb
 7735 031f 3B       		.uleb128 0x3b
 7736 0320 0B       		.uleb128 0xb
 7737 0321 39       		.uleb128 0x39
 7738 0322 0B       		.uleb128 0xb
 7739 0323 6E       		.uleb128 0x6e
 7740 0324 0E       		.uleb128 0xe
 7741 0325 3C       		.uleb128 0x3c
 7742 0326 19       		.uleb128 0x19
 7743 0327 01       		.uleb128 0x1
 7744 0328 13       		.uleb128 0x13
 7745 0329 00       		.byte	0
 7746 032a 00       		.byte	0
 7747 032b 32       		.uleb128 0x32
 7748 032c 0B       		.uleb128 0xb
 7749 032d 01       		.byte	0x1
 7750 032e 01       		.uleb128 0x1
 7751 032f 13       		.uleb128 0x13
 7752 0330 00       		.byte	0
GAS LISTING /tmp/ccHMMbxq.s 			page 137


 7753 0331 00       		.byte	0
 7754 0332 33       		.uleb128 0x33
 7755 0333 0B       		.uleb128 0xb
 7756 0334 01       		.byte	0x1
 7757 0335 00       		.byte	0
 7758 0336 00       		.byte	0
 7759 0337 34       		.uleb128 0x34
 7760 0338 30       		.uleb128 0x30
 7761 0339 00       		.byte	0
 7762 033a 03       		.uleb128 0x3
 7763 033b 08       		.uleb128 0x8
 7764 033c 49       		.uleb128 0x49
 7765 033d 13       		.uleb128 0x13
 7766 033e 1C       		.uleb128 0x1c
 7767 033f 0B       		.uleb128 0xb
 7768 0340 00       		.byte	0
 7769 0341 00       		.byte	0
 7770 0342 35       		.uleb128 0x35
 7771 0343 39       		.uleb128 0x39
 7772 0344 00       		.byte	0
 7773 0345 03       		.uleb128 0x3
 7774 0346 0E       		.uleb128 0xe
 7775 0347 3A       		.uleb128 0x3a
 7776 0348 0B       		.uleb128 0xb
 7777 0349 3B       		.uleb128 0x3b
 7778 034a 0B       		.uleb128 0xb
 7779 034b 39       		.uleb128 0x39
 7780 034c 0B       		.uleb128 0xb
 7781 034d 00       		.byte	0
 7782 034e 00       		.byte	0
 7783 034f 36       		.uleb128 0x36
 7784 0350 02       		.uleb128 0x2
 7785 0351 01       		.byte	0x1
 7786 0352 03       		.uleb128 0x3
 7787 0353 0E       		.uleb128 0xe
 7788 0354 0B       		.uleb128 0xb
 7789 0355 21       		.uleb128 0x21
 7790 0356 01       		.sleb128 1
 7791 0357 3A       		.uleb128 0x3a
 7792 0358 0B       		.uleb128 0xb
 7793 0359 3B       		.uleb128 0x3b
 7794 035a 0B       		.uleb128 0xb
 7795 035b 39       		.uleb128 0x39
 7796 035c 21       		.uleb128 0x21
 7797 035d 0B       		.sleb128 11
 7798 035e 01       		.uleb128 0x1
 7799 035f 13       		.uleb128 0x13
 7800 0360 00       		.byte	0
 7801 0361 00       		.byte	0
 7802 0362 37       		.uleb128 0x37
 7803 0363 2E       		.uleb128 0x2e
 7804 0364 01       		.byte	0x1
 7805 0365 3F       		.uleb128 0x3f
 7806 0366 19       		.uleb128 0x19
 7807 0367 03       		.uleb128 0x3
 7808 0368 0E       		.uleb128 0xe
 7809 0369 3A       		.uleb128 0x3a
GAS LISTING /tmp/ccHMMbxq.s 			page 138


 7810 036a 0B       		.uleb128 0xb
 7811 036b 3B       		.uleb128 0x3b
 7812 036c 0B       		.uleb128 0xb
 7813 036d 39       		.uleb128 0x39
 7814 036e 0B       		.uleb128 0xb
 7815 036f 6E       		.uleb128 0x6e
 7816 0370 0E       		.uleb128 0xe
 7817 0371 49       		.uleb128 0x49
 7818 0372 13       		.uleb128 0x13
 7819 0373 32       		.uleb128 0x32
 7820 0374 21       		.uleb128 0x21
 7821 0375 01       		.sleb128 1
 7822 0376 3C       		.uleb128 0x3c
 7823 0377 19       		.uleb128 0x19
 7824 0378 8B01     		.uleb128 0x8b
 7825 037a 21       		.uleb128 0x21
 7826 037b 01       		.sleb128 1
 7827 037c 64       		.uleb128 0x64
 7828 037d 13       		.uleb128 0x13
 7829 037e 01       		.uleb128 0x1
 7830 037f 13       		.uleb128 0x13
 7831 0380 00       		.byte	0
 7832 0381 00       		.byte	0
 7833 0382 38       		.uleb128 0x38
 7834 0383 1C       		.uleb128 0x1c
 7835 0384 00       		.byte	0
 7836 0385 49       		.uleb128 0x49
 7837 0386 13       		.uleb128 0x13
 7838 0387 38       		.uleb128 0x38
 7839 0388 21       		.uleb128 0x21
 7840 0389 00       		.sleb128 0
 7841 038a 32       		.uleb128 0x32
 7842 038b 0B       		.uleb128 0xb
 7843 038c 00       		.byte	0
 7844 038d 00       		.byte	0
 7845 038e 39       		.uleb128 0x39
 7846 038f 2E       		.uleb128 0x2e
 7847 0390 01       		.byte	0x1
 7848 0391 3F       		.uleb128 0x3f
 7849 0392 19       		.uleb128 0x19
 7850 0393 03       		.uleb128 0x3
 7851 0394 0E       		.uleb128 0xe
 7852 0395 3A       		.uleb128 0x3a
 7853 0396 21       		.uleb128 0x21
 7854 0397 0A       		.sleb128 10
 7855 0398 3B       		.uleb128 0x3b
 7856 0399 05       		.uleb128 0x5
 7857 039a 39       		.uleb128 0x39
 7858 039b 0B       		.uleb128 0xb
 7859 039c 6E       		.uleb128 0x6e
 7860 039d 0E       		.uleb128 0xe
 7861 039e 3C       		.uleb128 0x3c
 7862 039f 19       		.uleb128 0x19
 7863 03a0 01       		.uleb128 0x1
 7864 03a1 13       		.uleb128 0x13
 7865 03a2 00       		.byte	0
 7866 03a3 00       		.byte	0
GAS LISTING /tmp/ccHMMbxq.s 			page 139


 7867 03a4 3A       		.uleb128 0x3a
 7868 03a5 2E       		.uleb128 0x2e
 7869 03a6 01       		.byte	0x1
 7870 03a7 3F       		.uleb128 0x3f
 7871 03a8 19       		.uleb128 0x19
 7872 03a9 03       		.uleb128 0x3
 7873 03aa 0E       		.uleb128 0xe
 7874 03ab 3A       		.uleb128 0x3a
 7875 03ac 21       		.uleb128 0x21
 7876 03ad 0B       		.sleb128 11
 7877 03ae 3B       		.uleb128 0x3b
 7878 03af 05       		.uleb128 0x5
 7879 03b0 39       		.uleb128 0x39
 7880 03b1 21       		.uleb128 0x21
 7881 03b2 07       		.sleb128 7
 7882 03b3 6E       		.uleb128 0x6e
 7883 03b4 0E       		.uleb128 0xe
 7884 03b5 3C       		.uleb128 0x3c
 7885 03b6 19       		.uleb128 0x19
 7886 03b7 8B01     		.uleb128 0x8b
 7887 03b9 21       		.uleb128 0x21
 7888 03ba 01       		.sleb128 1
 7889 03bb 64       		.uleb128 0x64
 7890 03bc 13       		.uleb128 0x13
 7891 03bd 01       		.uleb128 0x1
 7892 03be 13       		.uleb128 0x13
 7893 03bf 00       		.byte	0
 7894 03c0 00       		.byte	0
 7895 03c1 3B       		.uleb128 0x3b
 7896 03c2 02       		.uleb128 0x2
 7897 03c3 01       		.byte	0x1
 7898 03c4 03       		.uleb128 0x3
 7899 03c5 0E       		.uleb128 0xe
 7900 03c6 0B       		.uleb128 0xb
 7901 03c7 0B       		.uleb128 0xb
 7902 03c8 3A       		.uleb128 0x3a
 7903 03c9 0B       		.uleb128 0xb
 7904 03ca 3B       		.uleb128 0x3b
 7905 03cb 05       		.uleb128 0x5
 7906 03cc 39       		.uleb128 0x39
 7907 03cd 21       		.uleb128 0x21
 7908 03ce 0B       		.sleb128 11
 7909 03cf 01       		.uleb128 0x1
 7910 03d0 13       		.uleb128 0x13
 7911 03d1 00       		.byte	0
 7912 03d2 00       		.byte	0
 7913 03d3 3C       		.uleb128 0x3c
 7914 03d4 2E       		.uleb128 0x2e
 7915 03d5 01       		.byte	0x1
 7916 03d6 3F       		.uleb128 0x3f
 7917 03d7 19       		.uleb128 0x19
 7918 03d8 03       		.uleb128 0x3
 7919 03d9 0E       		.uleb128 0xe
 7920 03da 3A       		.uleb128 0x3a
 7921 03db 21       		.uleb128 0x21
 7922 03dc 0B       		.sleb128 11
 7923 03dd 3B       		.uleb128 0x3b
GAS LISTING /tmp/ccHMMbxq.s 			page 140


 7924 03de 05       		.uleb128 0x5
 7925 03df 39       		.uleb128 0x39
 7926 03e0 21       		.uleb128 0x21
 7927 03e1 07       		.sleb128 7
 7928 03e2 6E       		.uleb128 0x6e
 7929 03e3 0E       		.uleb128 0xe
 7930 03e4 32       		.uleb128 0x32
 7931 03e5 21       		.uleb128 0x21
 7932 03e6 01       		.sleb128 1
 7933 03e7 3C       		.uleb128 0x3c
 7934 03e8 19       		.uleb128 0x19
 7935 03e9 8B01     		.uleb128 0x8b
 7936 03eb 21       		.uleb128 0x21
 7937 03ec 01       		.sleb128 1
 7938 03ed 64       		.uleb128 0x64
 7939 03ee 13       		.uleb128 0x13
 7940 03ef 01       		.uleb128 0x1
 7941 03f0 13       		.uleb128 0x13
 7942 03f1 00       		.byte	0
 7943 03f2 00       		.byte	0
 7944 03f3 3D       		.uleb128 0x3d
 7945 03f4 2E       		.uleb128 0x2e
 7946 03f5 01       		.byte	0x1
 7947 03f6 3F       		.uleb128 0x3f
 7948 03f7 19       		.uleb128 0x19
 7949 03f8 03       		.uleb128 0x3
 7950 03f9 0E       		.uleb128 0xe
 7951 03fa 3A       		.uleb128 0x3a
 7952 03fb 21       		.uleb128 0x21
 7953 03fc 0B       		.sleb128 11
 7954 03fd 3B       		.uleb128 0x3b
 7955 03fe 05       		.uleb128 0x5
 7956 03ff 39       		.uleb128 0x39
 7957 0400 21       		.uleb128 0x21
 7958 0401 07       		.sleb128 7
 7959 0402 6E       		.uleb128 0x6e
 7960 0403 0E       		.uleb128 0xe
 7961 0404 49       		.uleb128 0x49
 7962 0405 13       		.uleb128 0x13
 7963 0406 32       		.uleb128 0x32
 7964 0407 21       		.uleb128 0x21
 7965 0408 02       		.sleb128 2
 7966 0409 3C       		.uleb128 0x3c
 7967 040a 19       		.uleb128 0x19
 7968 040b 01       		.uleb128 0x1
 7969 040c 13       		.uleb128 0x13
 7970 040d 00       		.byte	0
 7971 040e 00       		.byte	0
 7972 040f 3E       		.uleb128 0x3e
 7973 0410 2E       		.uleb128 0x2e
 7974 0411 00       		.byte	0
 7975 0412 3F       		.uleb128 0x3f
 7976 0413 19       		.uleb128 0x19
 7977 0414 03       		.uleb128 0x3
 7978 0415 0E       		.uleb128 0xe
 7979 0416 3A       		.uleb128 0x3a
 7980 0417 21       		.uleb128 0x21
GAS LISTING /tmp/ccHMMbxq.s 			page 141


 7981 0418 0E       		.sleb128 14
 7982 0419 3B       		.uleb128 0x3b
 7983 041a 0B       		.uleb128 0xb
 7984 041b 39       		.uleb128 0x39
 7985 041c 21       		.uleb128 0x21
 7986 041d 03       		.sleb128 3
 7987 041e 6E       		.uleb128 0x6e
 7988 041f 0E       		.uleb128 0xe
 7989 0420 8701     		.uleb128 0x87
 7990 0422 19       		.uleb128 0x19
 7991 0423 3C       		.uleb128 0x3c
 7992 0424 19       		.uleb128 0x19
 7993 0425 00       		.byte	0
 7994 0426 00       		.byte	0
 7995 0427 3F       		.uleb128 0x3f
 7996 0428 2E       		.uleb128 0x2e
 7997 0429 01       		.byte	0x1
 7998 042a 3F       		.uleb128 0x3f
 7999 042b 19       		.uleb128 0x19
 8000 042c 03       		.uleb128 0x3
 8001 042d 0E       		.uleb128 0xe
 8002 042e 3A       		.uleb128 0x3a
 8003 042f 0B       		.uleb128 0xb
 8004 0430 3B       		.uleb128 0x3b
 8005 0431 05       		.uleb128 0x5
 8006 0432 39       		.uleb128 0x39
 8007 0433 21       		.uleb128 0x21
 8008 0434 05       		.sleb128 5
 8009 0435 6E       		.uleb128 0x6e
 8010 0436 0E       		.uleb128 0xe
 8011 0437 49       		.uleb128 0x49
 8012 0438 13       		.uleb128 0x13
 8013 0439 3C       		.uleb128 0x3c
 8014 043a 19       		.uleb128 0x19
 8015 043b 00       		.byte	0
 8016 043c 00       		.byte	0
 8017 043d 40       		.uleb128 0x40
 8018 043e 2E       		.uleb128 0x2e
 8019 043f 01       		.byte	0x1
 8020 0440 3F       		.uleb128 0x3f
 8021 0441 19       		.uleb128 0x19
 8022 0442 03       		.uleb128 0x3
 8023 0443 0E       		.uleb128 0xe
 8024 0444 3A       		.uleb128 0x3a
 8025 0445 21       		.uleb128 0x21
 8026 0446 19       		.sleb128 25
 8027 0447 3B       		.uleb128 0x3b
 8028 0448 0B       		.uleb128 0xb
 8029 0449 39       		.uleb128 0x39
 8030 044a 21       		.uleb128 0x21
 8031 044b 01       		.sleb128 1
 8032 044c 49       		.uleb128 0x49
 8033 044d 13       		.uleb128 0x13
 8034 044e 3C       		.uleb128 0x3c
 8035 044f 19       		.uleb128 0x19
 8036 0450 01       		.uleb128 0x1
 8037 0451 13       		.uleb128 0x13
GAS LISTING /tmp/ccHMMbxq.s 			page 142


 8038 0452 00       		.byte	0
 8039 0453 00       		.byte	0
 8040 0454 41       		.uleb128 0x41
 8041 0455 05       		.uleb128 0x5
 8042 0456 00       		.byte	0
 8043 0457 03       		.uleb128 0x3
 8044 0458 0E       		.uleb128 0xe
 8045 0459 3A       		.uleb128 0x3a
 8046 045a 21       		.uleb128 0x21
 8047 045b 07       		.sleb128 7
 8048 045c 3B       		.uleb128 0x3b
 8049 045d 0B       		.uleb128 0xb
 8050 045e 39       		.uleb128 0x39
 8051 045f 0B       		.uleb128 0xb
 8052 0460 49       		.uleb128 0x49
 8053 0461 13       		.uleb128 0x13
 8054 0462 00       		.byte	0
 8055 0463 00       		.byte	0
 8056 0464 42       		.uleb128 0x42
 8057 0465 2E       		.uleb128 0x2e
 8058 0466 01       		.byte	0x1
 8059 0467 3F       		.uleb128 0x3f
 8060 0468 19       		.uleb128 0x19
 8061 0469 03       		.uleb128 0x3
 8062 046a 0E       		.uleb128 0xe
 8063 046b 3A       		.uleb128 0x3a
 8064 046c 0B       		.uleb128 0xb
 8065 046d 3B       		.uleb128 0x3b
 8066 046e 0B       		.uleb128 0xb
 8067 046f 39       		.uleb128 0x39
 8068 0470 0B       		.uleb128 0xb
 8069 0471 6E       		.uleb128 0x6e
 8070 0472 0E       		.uleb128 0xe
 8071 0473 49       		.uleb128 0x49
 8072 0474 13       		.uleb128 0x13
 8073 0475 01       		.uleb128 0x1
 8074 0476 13       		.uleb128 0x13
 8075 0477 00       		.byte	0
 8076 0478 00       		.byte	0
 8077 0479 43       		.uleb128 0x43
 8078 047a 2E       		.uleb128 0x2e
 8079 047b 01       		.byte	0x1
 8080 047c 3F       		.uleb128 0x3f
 8081 047d 19       		.uleb128 0x19
 8082 047e 03       		.uleb128 0x3
 8083 047f 08       		.uleb128 0x8
 8084 0480 3A       		.uleb128 0x3a
 8085 0481 21       		.uleb128 0x21
 8086 0482 17       		.sleb128 23
 8087 0483 3B       		.uleb128 0x3b
 8088 0484 0B       		.uleb128 0xb
 8089 0485 39       		.uleb128 0x39
 8090 0486 21       		.uleb128 0x21
 8091 0487 0A       		.sleb128 10
 8092 0488 6E       		.uleb128 0x6e
 8093 0489 0E       		.uleb128 0xe
 8094 048a 49       		.uleb128 0x49
GAS LISTING /tmp/ccHMMbxq.s 			page 143


 8095 048b 13       		.uleb128 0x13
 8096 048c 01       		.uleb128 0x1
 8097 048d 13       		.uleb128 0x13
 8098 048e 00       		.byte	0
 8099 048f 00       		.byte	0
 8100 0490 44       		.uleb128 0x44
 8101 0491 11       		.uleb128 0x11
 8102 0492 01       		.byte	0x1
 8103 0493 25       		.uleb128 0x25
 8104 0494 0E       		.uleb128 0xe
 8105 0495 13       		.uleb128 0x13
 8106 0496 0B       		.uleb128 0xb
 8107 0497 03       		.uleb128 0x3
 8108 0498 1F       		.uleb128 0x1f
 8109 0499 1B       		.uleb128 0x1b
 8110 049a 1F       		.uleb128 0x1f
 8111 049b 10       		.uleb128 0x10
 8112 049c 17       		.uleb128 0x17
 8113 049d 00       		.byte	0
 8114 049e 00       		.byte	0
 8115 049f 45       		.uleb128 0x45
 8116 04a0 39       		.uleb128 0x39
 8117 04a1 01       		.byte	0x1
 8118 04a2 03       		.uleb128 0x3
 8119 04a3 08       		.uleb128 0x8
 8120 04a4 3A       		.uleb128 0x3a
 8121 04a5 0B       		.uleb128 0xb
 8122 04a6 3B       		.uleb128 0x3b
 8123 04a7 05       		.uleb128 0x5
 8124 04a8 39       		.uleb128 0x39
 8125 04a9 0B       		.uleb128 0xb
 8126 04aa 01       		.uleb128 0x1
 8127 04ab 13       		.uleb128 0x13
 8128 04ac 00       		.byte	0
 8129 04ad 00       		.byte	0
 8130 04ae 46       		.uleb128 0x46
 8131 04af 39       		.uleb128 0x39
 8132 04b0 00       		.byte	0
 8133 04b1 03       		.uleb128 0x3
 8134 04b2 0E       		.uleb128 0xe
 8135 04b3 3A       		.uleb128 0x3a
 8136 04b4 0B       		.uleb128 0xb
 8137 04b5 3B       		.uleb128 0x3b
 8138 04b6 05       		.uleb128 0x5
 8139 04b7 39       		.uleb128 0x39
 8140 04b8 0B       		.uleb128 0xb
 8141 04b9 00       		.byte	0
 8142 04ba 00       		.byte	0
 8143 04bb 47       		.uleb128 0x47
 8144 04bc 2E       		.uleb128 0x2e
 8145 04bd 01       		.byte	0x1
 8146 04be 3F       		.uleb128 0x3f
 8147 04bf 19       		.uleb128 0x19
 8148 04c0 03       		.uleb128 0x3
 8149 04c1 0E       		.uleb128 0xe
 8150 04c2 3A       		.uleb128 0x3a
 8151 04c3 0B       		.uleb128 0xb
GAS LISTING /tmp/ccHMMbxq.s 			page 144


 8152 04c4 3B       		.uleb128 0x3b
 8153 04c5 0B       		.uleb128 0xb
 8154 04c6 39       		.uleb128 0x39
 8155 04c7 0B       		.uleb128 0xb
 8156 04c8 6E       		.uleb128 0x6e
 8157 04c9 0E       		.uleb128 0xe
 8158 04ca 3C       		.uleb128 0x3c
 8159 04cb 19       		.uleb128 0x19
 8160 04cc 63       		.uleb128 0x63
 8161 04cd 19       		.uleb128 0x19
 8162 04ce 8B01     		.uleb128 0x8b
 8163 04d0 0B       		.uleb128 0xb
 8164 04d1 64       		.uleb128 0x64
 8165 04d2 13       		.uleb128 0x13
 8166 04d3 00       		.byte	0
 8167 04d4 00       		.byte	0
 8168 04d5 48       		.uleb128 0x48
 8169 04d6 34       		.uleb128 0x34
 8170 04d7 00       		.byte	0
 8171 04d8 03       		.uleb128 0x3
 8172 04d9 0E       		.uleb128 0xe
 8173 04da 3A       		.uleb128 0x3a
 8174 04db 0B       		.uleb128 0xb
 8175 04dc 3B       		.uleb128 0x3b
 8176 04dd 0B       		.uleb128 0xb
 8177 04de 39       		.uleb128 0x39
 8178 04df 0B       		.uleb128 0xb
 8179 04e0 49       		.uleb128 0x49
 8180 04e1 13       		.uleb128 0x13
 8181 04e2 3C       		.uleb128 0x3c
 8182 04e3 19       		.uleb128 0x19
 8183 04e4 1C       		.uleb128 0x1c
 8184 04e5 0A       		.uleb128 0xa
 8185 04e6 6C       		.uleb128 0x6c
 8186 04e7 19       		.uleb128 0x19
 8187 04e8 00       		.byte	0
 8188 04e9 00       		.byte	0
 8189 04ea 49       		.uleb128 0x49
 8190 04eb 2E       		.uleb128 0x2e
 8191 04ec 01       		.byte	0x1
 8192 04ed 3F       		.uleb128 0x3f
 8193 04ee 19       		.uleb128 0x19
 8194 04ef 03       		.uleb128 0x3
 8195 04f0 0E       		.uleb128 0xe
 8196 04f1 3A       		.uleb128 0x3a
 8197 04f2 0B       		.uleb128 0xb
 8198 04f3 3B       		.uleb128 0x3b
 8199 04f4 0B       		.uleb128 0xb
 8200 04f5 39       		.uleb128 0x39
 8201 04f6 0B       		.uleb128 0xb
 8202 04f7 6E       		.uleb128 0x6e
 8203 04f8 0E       		.uleb128 0xe
 8204 04f9 3C       		.uleb128 0x3c
 8205 04fa 19       		.uleb128 0x19
 8206 04fb 00       		.byte	0
 8207 04fc 00       		.byte	0
 8208 04fd 4A       		.uleb128 0x4a
GAS LISTING /tmp/ccHMMbxq.s 			page 145


 8209 04fe 2E       		.uleb128 0x2e
 8210 04ff 01       		.byte	0x1
 8211 0500 3F       		.uleb128 0x3f
 8212 0501 19       		.uleb128 0x19
 8213 0502 03       		.uleb128 0x3
 8214 0503 0E       		.uleb128 0xe
 8215 0504 3A       		.uleb128 0x3a
 8216 0505 0B       		.uleb128 0xb
 8217 0506 3B       		.uleb128 0x3b
 8218 0507 0B       		.uleb128 0xb
 8219 0508 39       		.uleb128 0x39
 8220 0509 0B       		.uleb128 0xb
 8221 050a 6E       		.uleb128 0x6e
 8222 050b 0E       		.uleb128 0xe
 8223 050c 32       		.uleb128 0x32
 8224 050d 0B       		.uleb128 0xb
 8225 050e 3C       		.uleb128 0x3c
 8226 050f 19       		.uleb128 0x19
 8227 0510 64       		.uleb128 0x64
 8228 0511 13       		.uleb128 0x13
 8229 0512 00       		.byte	0
 8230 0513 00       		.byte	0
 8231 0514 4B       		.uleb128 0x4b
 8232 0515 13       		.uleb128 0x13
 8233 0516 01       		.byte	0x1
 8234 0517 03       		.uleb128 0x3
 8235 0518 0E       		.uleb128 0xe
 8236 0519 0B       		.uleb128 0xb
 8237 051a 0B       		.uleb128 0xb
 8238 051b 3A       		.uleb128 0x3a
 8239 051c 0B       		.uleb128 0xb
 8240 051d 3B       		.uleb128 0x3b
 8241 051e 05       		.uleb128 0x5
 8242 051f 39       		.uleb128 0x39
 8243 0520 0B       		.uleb128 0xb
 8244 0521 01       		.uleb128 0x1
 8245 0522 13       		.uleb128 0x13
 8246 0523 00       		.byte	0
 8247 0524 00       		.byte	0
 8248 0525 4C       		.uleb128 0x4c
 8249 0526 2E       		.uleb128 0x2e
 8250 0527 01       		.byte	0x1
 8251 0528 3F       		.uleb128 0x3f
 8252 0529 19       		.uleb128 0x19
 8253 052a 03       		.uleb128 0x3
 8254 052b 0E       		.uleb128 0xe
 8255 052c 3A       		.uleb128 0x3a
 8256 052d 0B       		.uleb128 0xb
 8257 052e 3B       		.uleb128 0x3b
 8258 052f 05       		.uleb128 0x5
 8259 0530 39       		.uleb128 0x39
 8260 0531 0B       		.uleb128 0xb
 8261 0532 6E       		.uleb128 0x6e
 8262 0533 0E       		.uleb128 0xe
 8263 0534 3C       		.uleb128 0x3c
 8264 0535 19       		.uleb128 0x19
 8265 0536 00       		.byte	0
GAS LISTING /tmp/ccHMMbxq.s 			page 146


 8266 0537 00       		.byte	0
 8267 0538 4D       		.uleb128 0x4d
 8268 0539 2E       		.uleb128 0x2e
 8269 053a 01       		.byte	0x1
 8270 053b 3F       		.uleb128 0x3f
 8271 053c 19       		.uleb128 0x19
 8272 053d 03       		.uleb128 0x3
 8273 053e 0E       		.uleb128 0xe
 8274 053f 3A       		.uleb128 0x3a
 8275 0540 0B       		.uleb128 0xb
 8276 0541 3B       		.uleb128 0x3b
 8277 0542 0B       		.uleb128 0xb
 8278 0543 39       		.uleb128 0x39
 8279 0544 0B       		.uleb128 0xb
 8280 0545 6E       		.uleb128 0x6e
 8281 0546 0E       		.uleb128 0xe
 8282 0547 3C       		.uleb128 0x3c
 8283 0548 19       		.uleb128 0x19
 8284 0549 64       		.uleb128 0x64
 8285 054a 13       		.uleb128 0x13
 8286 054b 00       		.byte	0
 8287 054c 00       		.byte	0
 8288 054d 4E       		.uleb128 0x4e
 8289 054e 2E       		.uleb128 0x2e
 8290 054f 01       		.byte	0x1
 8291 0550 3F       		.uleb128 0x3f
 8292 0551 19       		.uleb128 0x19
 8293 0552 03       		.uleb128 0x3
 8294 0553 0E       		.uleb128 0xe
 8295 0554 6E       		.uleb128 0x6e
 8296 0555 0E       		.uleb128 0xe
 8297 0556 34       		.uleb128 0x34
 8298 0557 19       		.uleb128 0x19
 8299 0558 3C       		.uleb128 0x3c
 8300 0559 19       		.uleb128 0x19
 8301 055a 64       		.uleb128 0x64
 8302 055b 13       		.uleb128 0x13
 8303 055c 00       		.byte	0
 8304 055d 00       		.byte	0
 8305 055e 4F       		.uleb128 0x4f
 8306 055f 0D       		.uleb128 0xd
 8307 0560 00       		.byte	0
 8308 0561 03       		.uleb128 0x3
 8309 0562 0E       		.uleb128 0xe
 8310 0563 3A       		.uleb128 0x3a
 8311 0564 0B       		.uleb128 0xb
 8312 0565 3B       		.uleb128 0x3b
 8313 0566 05       		.uleb128 0x5
 8314 0567 39       		.uleb128 0x39
 8315 0568 0B       		.uleb128 0xb
 8316 0569 49       		.uleb128 0x49
 8317 056a 13       		.uleb128 0x13
 8318 056b 38       		.uleb128 0x38
 8319 056c 0B       		.uleb128 0xb
 8320 056d 00       		.byte	0
 8321 056e 00       		.byte	0
 8322 056f 50       		.uleb128 0x50
GAS LISTING /tmp/ccHMMbxq.s 			page 147


 8323 0570 2E       		.uleb128 0x2e
 8324 0571 00       		.byte	0
 8325 0572 3F       		.uleb128 0x3f
 8326 0573 19       		.uleb128 0x19
 8327 0574 03       		.uleb128 0x3
 8328 0575 0E       		.uleb128 0xe
 8329 0576 3A       		.uleb128 0x3a
 8330 0577 0B       		.uleb128 0xb
 8331 0578 3B       		.uleb128 0x3b
 8332 0579 05       		.uleb128 0x5
 8333 057a 39       		.uleb128 0x39
 8334 057b 0B       		.uleb128 0xb
 8335 057c 6E       		.uleb128 0x6e
 8336 057d 0E       		.uleb128 0xe
 8337 057e 49       		.uleb128 0x49
 8338 057f 13       		.uleb128 0x13
 8339 0580 3C       		.uleb128 0x3c
 8340 0581 19       		.uleb128 0x19
 8341 0582 00       		.byte	0
 8342 0583 00       		.byte	0
 8343 0584 51       		.uleb128 0x51
 8344 0585 2F       		.uleb128 0x2f
 8345 0586 00       		.byte	0
 8346 0587 03       		.uleb128 0x3
 8347 0588 0E       		.uleb128 0xe
 8348 0589 49       		.uleb128 0x49
 8349 058a 13       		.uleb128 0x13
 8350 058b 1E       		.uleb128 0x1e
 8351 058c 19       		.uleb128 0x19
 8352 058d 00       		.byte	0
 8353 058e 00       		.byte	0
 8354 058f 52       		.uleb128 0x52
 8355 0590 2E       		.uleb128 0x2e
 8356 0591 01       		.byte	0x1
 8357 0592 3F       		.uleb128 0x3f
 8358 0593 19       		.uleb128 0x19
 8359 0594 03       		.uleb128 0x3
 8360 0595 0E       		.uleb128 0xe
 8361 0596 3A       		.uleb128 0x3a
 8362 0597 0B       		.uleb128 0xb
 8363 0598 3B       		.uleb128 0x3b
 8364 0599 0B       		.uleb128 0xb
 8365 059a 39       		.uleb128 0x39
 8366 059b 0B       		.uleb128 0xb
 8367 059c 6E       		.uleb128 0x6e
 8368 059d 0E       		.uleb128 0xe
 8369 059e 8701     		.uleb128 0x87
 8370 05a0 19       		.uleb128 0x19
 8371 05a1 3C       		.uleb128 0x3c
 8372 05a2 19       		.uleb128 0x19
 8373 05a3 01       		.uleb128 0x1
 8374 05a4 13       		.uleb128 0x13
 8375 05a5 00       		.byte	0
 8376 05a6 00       		.byte	0
 8377 05a7 53       		.uleb128 0x53
 8378 05a8 39       		.uleb128 0x39
 8379 05a9 01       		.byte	0x1
GAS LISTING /tmp/ccHMMbxq.s 			page 148


 8380 05aa 03       		.uleb128 0x3
 8381 05ab 0E       		.uleb128 0xe
 8382 05ac 3A       		.uleb128 0x3a
 8383 05ad 0B       		.uleb128 0xb
 8384 05ae 3B       		.uleb128 0x3b
 8385 05af 05       		.uleb128 0x5
 8386 05b0 39       		.uleb128 0x39
 8387 05b1 0B       		.uleb128 0xb
 8388 05b2 01       		.uleb128 0x1
 8389 05b3 13       		.uleb128 0x13
 8390 05b4 00       		.byte	0
 8391 05b5 00       		.byte	0
 8392 05b6 54       		.uleb128 0x54
 8393 05b7 0D       		.uleb128 0xd
 8394 05b8 00       		.byte	0
 8395 05b9 03       		.uleb128 0x3
 8396 05ba 0E       		.uleb128 0xe
 8397 05bb 3A       		.uleb128 0x3a
 8398 05bc 0B       		.uleb128 0xb
 8399 05bd 3B       		.uleb128 0x3b
 8400 05be 05       		.uleb128 0x5
 8401 05bf 39       		.uleb128 0x39
 8402 05c0 0B       		.uleb128 0xb
 8403 05c1 49       		.uleb128 0x49
 8404 05c2 13       		.uleb128 0x13
 8405 05c3 38       		.uleb128 0x38
 8406 05c4 0B       		.uleb128 0xb
 8407 05c5 32       		.uleb128 0x32
 8408 05c6 0B       		.uleb128 0xb
 8409 05c7 00       		.byte	0
 8410 05c8 00       		.byte	0
 8411 05c9 55       		.uleb128 0x55
 8412 05ca 24       		.uleb128 0x24
 8413 05cb 00       		.byte	0
 8414 05cc 0B       		.uleb128 0xb
 8415 05cd 0B       		.uleb128 0xb
 8416 05ce 3E       		.uleb128 0x3e
 8417 05cf 0B       		.uleb128 0xb
 8418 05d0 03       		.uleb128 0x3
 8419 05d1 08       		.uleb128 0x8
 8420 05d2 00       		.byte	0
 8421 05d3 00       		.byte	0
 8422 05d4 56       		.uleb128 0x56
 8423 05d5 0F       		.uleb128 0xf
 8424 05d6 00       		.byte	0
 8425 05d7 0B       		.uleb128 0xb
 8426 05d8 0B       		.uleb128 0xb
 8427 05d9 00       		.byte	0
 8428 05da 00       		.byte	0
 8429 05db 57       		.uleb128 0x57
 8430 05dc 26       		.uleb128 0x26
 8431 05dd 00       		.byte	0
 8432 05de 00       		.byte	0
 8433 05df 00       		.byte	0
 8434 05e0 58       		.uleb128 0x58
 8435 05e1 34       		.uleb128 0x34
 8436 05e2 00       		.byte	0
GAS LISTING /tmp/ccHMMbxq.s 			page 149


 8437 05e3 47       		.uleb128 0x47
 8438 05e4 13       		.uleb128 0x13
 8439 05e5 00       		.byte	0
 8440 05e6 00       		.byte	0
 8441 05e7 59       		.uleb128 0x59
 8442 05e8 39       		.uleb128 0x39
 8443 05e9 01       		.byte	0x1
 8444 05ea 03       		.uleb128 0x3
 8445 05eb 0E       		.uleb128 0xe
 8446 05ec 3A       		.uleb128 0x3a
 8447 05ed 0B       		.uleb128 0xb
 8448 05ee 3B       		.uleb128 0x3b
 8449 05ef 0B       		.uleb128 0xb
 8450 05f0 39       		.uleb128 0x39
 8451 05f1 0B       		.uleb128 0xb
 8452 05f2 01       		.uleb128 0x1
 8453 05f3 13       		.uleb128 0x13
 8454 05f4 00       		.byte	0
 8455 05f5 00       		.byte	0
 8456 05f6 5A       		.uleb128 0x5a
 8457 05f7 3A       		.uleb128 0x3a
 8458 05f8 00       		.byte	0
 8459 05f9 3A       		.uleb128 0x3a
 8460 05fa 0B       		.uleb128 0xb
 8461 05fb 3B       		.uleb128 0x3b
 8462 05fc 0B       		.uleb128 0xb
 8463 05fd 39       		.uleb128 0x39
 8464 05fe 0B       		.uleb128 0xb
 8465 05ff 18       		.uleb128 0x18
 8466 0600 13       		.uleb128 0x13
 8467 0601 00       		.byte	0
 8468 0602 00       		.byte	0
 8469 0603 5B       		.uleb128 0x5b
 8470 0604 34       		.uleb128 0x34
 8471 0605 00       		.byte	0
 8472 0606 03       		.uleb128 0x3
 8473 0607 0E       		.uleb128 0xe
 8474 0608 3A       		.uleb128 0x3a
 8475 0609 0B       		.uleb128 0xb
 8476 060a 3B       		.uleb128 0x3b
 8477 060b 0B       		.uleb128 0xb
 8478 060c 39       		.uleb128 0x39
 8479 060d 0B       		.uleb128 0xb
 8480 060e 49       		.uleb128 0x49
 8481 060f 13       		.uleb128 0x13
 8482 0610 1C       		.uleb128 0x1c
 8483 0611 0B       		.uleb128 0xb
 8484 0612 00       		.byte	0
 8485 0613 00       		.byte	0
 8486 0614 5C       		.uleb128 0x5c
 8487 0615 02       		.uleb128 0x2
 8488 0616 01       		.byte	0x1
 8489 0617 03       		.uleb128 0x3
 8490 0618 0E       		.uleb128 0xe
 8491 0619 0B       		.uleb128 0xb
 8492 061a 05       		.uleb128 0x5
 8493 061b 3A       		.uleb128 0x3a
GAS LISTING /tmp/ccHMMbxq.s 			page 150


 8494 061c 0B       		.uleb128 0xb
 8495 061d 3B       		.uleb128 0x3b
 8496 061e 0B       		.uleb128 0xb
 8497 061f 39       		.uleb128 0x39
 8498 0620 0B       		.uleb128 0xb
 8499 0621 01       		.uleb128 0x1
 8500 0622 13       		.uleb128 0x13
 8501 0623 00       		.byte	0
 8502 0624 00       		.byte	0
 8503 0625 5D       		.uleb128 0x5d
 8504 0626 0D       		.uleb128 0xd
 8505 0627 00       		.byte	0
 8506 0628 03       		.uleb128 0x3
 8507 0629 08       		.uleb128 0x8
 8508 062a 3A       		.uleb128 0x3a
 8509 062b 0B       		.uleb128 0xb
 8510 062c 3B       		.uleb128 0x3b
 8511 062d 0B       		.uleb128 0xb
 8512 062e 39       		.uleb128 0x39
 8513 062f 0B       		.uleb128 0xb
 8514 0630 49       		.uleb128 0x49
 8515 0631 13       		.uleb128 0x13
 8516 0632 38       		.uleb128 0x38
 8517 0633 0B       		.uleb128 0xb
 8518 0634 00       		.byte	0
 8519 0635 00       		.byte	0
 8520 0636 5E       		.uleb128 0x5e
 8521 0637 01       		.uleb128 0x1
 8522 0638 01       		.byte	0x1
 8523 0639 49       		.uleb128 0x49
 8524 063a 13       		.uleb128 0x13
 8525 063b 01       		.uleb128 0x1
 8526 063c 13       		.uleb128 0x13
 8527 063d 00       		.byte	0
 8528 063e 00       		.byte	0
 8529 063f 5F       		.uleb128 0x5f
 8530 0640 21       		.uleb128 0x21
 8531 0641 00       		.byte	0
 8532 0642 49       		.uleb128 0x49
 8533 0643 13       		.uleb128 0x13
 8534 0644 2F       		.uleb128 0x2f
 8535 0645 0B       		.uleb128 0xb
 8536 0646 00       		.byte	0
 8537 0647 00       		.byte	0
 8538 0648 60       		.uleb128 0x60
 8539 0649 34       		.uleb128 0x34
 8540 064a 00       		.byte	0
 8541 064b 03       		.uleb128 0x3
 8542 064c 0E       		.uleb128 0xe
 8543 064d 49       		.uleb128 0x49
 8544 064e 13       		.uleb128 0x13
 8545 064f 3F       		.uleb128 0x3f
 8546 0650 19       		.uleb128 0x19
 8547 0651 34       		.uleb128 0x34
 8548 0652 19       		.uleb128 0x19
 8549 0653 3C       		.uleb128 0x3c
 8550 0654 19       		.uleb128 0x19
GAS LISTING /tmp/ccHMMbxq.s 			page 151


 8551 0655 00       		.byte	0
 8552 0656 00       		.byte	0
 8553 0657 61       		.uleb128 0x61
 8554 0658 2E       		.uleb128 0x2e
 8555 0659 01       		.byte	0x1
 8556 065a 3F       		.uleb128 0x3f
 8557 065b 19       		.uleb128 0x19
 8558 065c 03       		.uleb128 0x3
 8559 065d 08       		.uleb128 0x8
 8560 065e 3A       		.uleb128 0x3a
 8561 065f 0B       		.uleb128 0xb
 8562 0660 3B       		.uleb128 0x3b
 8563 0661 0B       		.uleb128 0xb
 8564 0662 39       		.uleb128 0x39
 8565 0663 0B       		.uleb128 0xb
 8566 0664 49       		.uleb128 0x49
 8567 0665 13       		.uleb128 0x13
 8568 0666 3C       		.uleb128 0x3c
 8569 0667 19       		.uleb128 0x19
 8570 0668 01       		.uleb128 0x1
 8571 0669 13       		.uleb128 0x13
 8572 066a 00       		.byte	0
 8573 066b 00       		.byte	0
 8574 066c 62       		.uleb128 0x62
 8575 066d 2E       		.uleb128 0x2e
 8576 066e 01       		.byte	0x1
 8577 066f 3F       		.uleb128 0x3f
 8578 0670 19       		.uleb128 0x19
 8579 0671 03       		.uleb128 0x3
 8580 0672 0E       		.uleb128 0xe
 8581 0673 34       		.uleb128 0x34
 8582 0674 19       		.uleb128 0x19
 8583 0675 3C       		.uleb128 0x3c
 8584 0676 19       		.uleb128 0x19
 8585 0677 01       		.uleb128 0x1
 8586 0678 13       		.uleb128 0x13
 8587 0679 00       		.byte	0
 8588 067a 00       		.byte	0
 8589 067b 63       		.uleb128 0x63
 8590 067c 2E       		.uleb128 0x2e
 8591 067d 01       		.byte	0x1
 8592 067e 3F       		.uleb128 0x3f
 8593 067f 19       		.uleb128 0x19
 8594 0680 03       		.uleb128 0x3
 8595 0681 0E       		.uleb128 0xe
 8596 0682 49       		.uleb128 0x49
 8597 0683 13       		.uleb128 0x13
 8598 0684 34       		.uleb128 0x34
 8599 0685 19       		.uleb128 0x19
 8600 0686 3C       		.uleb128 0x3c
 8601 0687 19       		.uleb128 0x19
 8602 0688 01       		.uleb128 0x1
 8603 0689 13       		.uleb128 0x13
 8604 068a 00       		.byte	0
 8605 068b 00       		.byte	0
 8606 068c 64       		.uleb128 0x64
 8607 068d 888201   		.uleb128 0x4108
GAS LISTING /tmp/ccHMMbxq.s 			page 152


 8608 0690 01       		.byte	0x1
 8609 0691 3A       		.uleb128 0x3a
 8610 0692 0B       		.uleb128 0xb
 8611 0693 3B       		.uleb128 0x3b
 8612 0694 0B       		.uleb128 0xb
 8613 0695 39       		.uleb128 0x39
 8614 0696 0B       		.uleb128 0xb
 8615 0697 00       		.byte	0
 8616 0698 00       		.byte	0
 8617 0699 65       		.uleb128 0x65
 8618 069a 888201   		.uleb128 0x4108
 8619 069d 01       		.byte	0x1
 8620 069e 3A       		.uleb128 0x3a
 8621 069f 0B       		.uleb128 0xb
 8622 06a0 3B       		.uleb128 0x3b
 8623 06a1 05       		.uleb128 0x5
 8624 06a2 39       		.uleb128 0x39
 8625 06a3 0B       		.uleb128 0xb
 8626 06a4 01       		.uleb128 0x1
 8627 06a5 13       		.uleb128 0x13
 8628 06a6 00       		.byte	0
 8629 06a7 00       		.byte	0
 8630 06a8 66       		.uleb128 0x66
 8631 06a9 888201   		.uleb128 0x4108
 8632 06ac 01       		.byte	0x1
 8633 06ad 3A       		.uleb128 0x3a
 8634 06ae 0B       		.uleb128 0xb
 8635 06af 3B       		.uleb128 0x3b
 8636 06b0 05       		.uleb128 0x5
 8637 06b1 39       		.uleb128 0x39
 8638 06b2 0B       		.uleb128 0xb
 8639 06b3 00       		.byte	0
 8640 06b4 00       		.byte	0
 8641 06b5 67       		.uleb128 0x67
 8642 06b6 2E       		.uleb128 0x2e
 8643 06b7 01       		.byte	0x1
 8644 06b8 47       		.uleb128 0x47
 8645 06b9 13       		.uleb128 0x13
 8646 06ba 3A       		.uleb128 0x3a
 8647 06bb 0B       		.uleb128 0xb
 8648 06bc 3B       		.uleb128 0x3b
 8649 06bd 0B       		.uleb128 0xb
 8650 06be 39       		.uleb128 0x39
 8651 06bf 0B       		.uleb128 0xb
 8652 06c0 64       		.uleb128 0x64
 8653 06c1 13       		.uleb128 0x13
 8654 06c2 20       		.uleb128 0x20
 8655 06c3 0B       		.uleb128 0xb
 8656 06c4 01       		.uleb128 0x1
 8657 06c5 13       		.uleb128 0x13
 8658 06c6 00       		.byte	0
 8659 06c7 00       		.byte	0
 8660 06c8 00       		.byte	0
 8661              		.section	.gnu.debuglto_.debug_line,"e",@progbits
 8662              	.Ldebug_line0:
 8663 0000 C6000000 		.long	.LELT0-.LSLT0
 8664              	.LSLT0:
GAS LISTING /tmp/ccHMMbxq.s 			page 153


 8665 0004 0500     		.value	0x5
 8666 0006 08       		.byte	0x8
 8667 0007 00       		.byte	0
 8668 0008 BE000000 		.long	.LELTP0-.LASLTP0
 8669              	.LASLTP0:
 8670 000c 01       		.byte	0x1
 8671 000d 01       		.byte	0x1
 8672 000e 01       		.byte	0x1
 8673 000f F6       		.byte	0xf6
 8674 0010 F2       		.byte	0xf2
 8675 0011 0D       		.byte	0xd
 8676 0012 00       		.byte	0
 8677 0013 01       		.byte	0x1
 8678 0014 01       		.byte	0x1
 8679 0015 01       		.byte	0x1
 8680 0016 01       		.byte	0x1
 8681 0017 00       		.byte	0
 8682 0018 00       		.byte	0
 8683 0019 00       		.byte	0
 8684 001a 01       		.byte	0x1
 8685 001b 00       		.byte	0
 8686 001c 00       		.byte	0
 8687 001d 01       		.byte	0x1
 8688 001e 01       		.byte	0x1
 8689 001f 01       		.uleb128 0x1
 8690 0020 1F       		.uleb128 0x1f
 8691 0021 08       		.uleb128 0x8
 8692 0022 00000000 		.long	.LASF1
 8693 0026 00000000 		.long	.LASF629
 8694 002a 00000000 		.long	.LASF630
 8695 002e 00000000 		.long	.LASF631
 8696 0032 00000000 		.long	.LASF632
 8697 0036 00000000 		.long	.LASF633
 8698 003a 00000000 		.long	.LASF634
 8699 003e 00000000 		.long	.LASF635
 8700 0042 02       		.byte	0x2
 8701 0043 01       		.uleb128 0x1
 8702 0044 1F       		.uleb128 0x1f
 8703 0045 02       		.uleb128 0x2
 8704 0046 0B       		.uleb128 0xb
 8705 0047 1A       		.uleb128 0x1a
 8706 0048 00000000 		.long	.LASF0
 8707 004c 00       		.byte	0
 8708 004d 00000000 		.long	.LASF636
 8709 0051 04       		.byte	0x4
 8710 0052 00000000 		.long	.LASF637
 8711 0056 01       		.byte	0x1
 8712 0057 00000000 		.long	.LASF638
 8713 005b 04       		.byte	0x4
 8714 005c 00000000 		.long	.LASF639
 8715 0060 06       		.byte	0x6
 8716 0061 00000000 		.long	.LASF640
 8717 0065 01       		.byte	0x1
 8718 0066 00000000 		.long	.LASF641
 8719 006a 02       		.byte	0x2
 8720 006b 00000000 		.long	.LASF642
 8721 006f 01       		.byte	0x1
GAS LISTING /tmp/ccHMMbxq.s 			page 154


 8722 0070 00000000 		.long	.LASF643
 8723 0074 01       		.byte	0x1
 8724 0075 00000000 		.long	.LASF644
 8725 0079 01       		.byte	0x1
 8726 007a 00000000 		.long	.LASF645
 8727 007e 01       		.byte	0x1
 8728 007f 00000000 		.long	.LASF646
 8729 0083 01       		.byte	0x1
 8730 0084 00000000 		.long	.LASF647
 8731 0088 01       		.byte	0x1
 8732 0089 00000000 		.long	.LASF648
 8733 008d 01       		.byte	0x1
 8734 008e 00000000 		.long	.LASF649
 8735 0092 01       		.byte	0x1
 8736 0093 00000000 		.long	.LASF650
 8737 0097 01       		.byte	0x1
 8738 0098 00000000 		.long	.LASF651
 8739 009c 01       		.byte	0x1
 8740 009d 00000000 		.long	.LASF652
 8741 00a1 01       		.byte	0x1
 8742 00a2 00000000 		.long	.LASF645
 8743 00a6 03       		.byte	0x3
 8744 00a7 00000000 		.long	.LASF653
 8745 00ab 01       		.byte	0x1
 8746 00ac 00000000 		.long	.LASF654
 8747 00b0 03       		.byte	0x3
 8748 00b1 00000000 		.long	.LASF655
 8749 00b5 07       		.byte	0x7
 8750 00b6 00000000 		.long	.LASF655
 8751 00ba 04       		.byte	0x4
 8752 00bb 00000000 		.long	.LASF0
 8753 00bf 00       		.byte	0
 8754 00c0 00000000 		.long	.LASF656
 8755 00c4 04       		.byte	0x4
 8756 00c5 00000000 		.long	.LASF657
 8757 00c9 05       		.byte	0x5
 8758              	.LELTP0:
 8759              	.LELT0:
 8760              		.section	.gnu.debuglto_.debug_str,"eMS",@progbits,1
 8761              	.LASF44:
 8762 0000 6C6F6731 		.string	"log10"
 8762      3000
 8763              	.LASF138:
 8764 0006 6578706D 		.string	"expm1"
 8764      3100
 8765              	.LASF109:
 8766 000c 5F5A5374 		.string	"_ZSt13islessgreaterdd"
 8766      31336973 
 8766      6C657373 
 8766      67726561 
 8766      74657264 
 8767              	.LASF581:
 8768 0022 5F5F6974 		.string	"__it"
 8768      00
 8769              	.LASF17:
 8770 0027 5F5A5374 		.string	"_ZSt5atan2ee"
 8770      35617461 
GAS LISTING /tmp/ccHMMbxq.s 			page 155


 8770      6E326565 
 8770      00
 8771              	.LASF359:
 8772 0034 72657665 		.string	"reverse_iterator"
 8772      7273655F 
 8772      69746572 
 8772      61746F72 
 8772      00
 8773              	.LASF167:
 8774 0045 6C6F6731 		.string	"log1p"
 8774      7000
 8775              	.LASF247:
 8776 004b 616C6C6F 		.string	"allocate"
 8776      63617465 
 8776      00
 8777              	.LASF529:
 8778 0054 5F5A4E39 		.string	"_ZN9__gnu_cxx17__normal_iteratorIPP16rho_coefficientsSt6vectorIS2_SaIS2_EEEmIEl"
 8778      5F5F676E 
 8778      755F6378 
 8778      7831375F 
 8778      5F6E6F72 
 8779              	.LASF584:
 8780 00a4 5F5F616C 		.string	"__allocmax"
 8780      6C6F636D 
 8780      617800
 8781              	.LASF108:
 8782 00af 5F5A5374 		.string	"_ZSt13islessgreateree"
 8782      31336973 
 8782      6C657373 
 8782      67726561 
 8782      74657265 
 8783              	.LASF162:
 8784 00c5 5F5A5374 		.string	"_ZSt6llrinte"
 8784      366C6C72 
 8784      696E7465 
 8784      00
 8785              	.LASF163:
 8786 00d2 5F5A5374 		.string	"_ZSt6llrintf"
 8786      366C6C72 
 8786      696E7466 
 8786      00
 8787              	.LASF601:
 8788 00df 5F5A4E53 		.string	"_ZNSt12_Vector_baseIP16rho_coefficientsSaIS1_EED2Ev"
 8788      7431325F 
 8788      56656374 
 8788      6F725F62 
 8788      61736549 
 8789              	.LASF256:
 8790 0113 636F6E73 		.string	"construct<rho_coefficients*, rho_coefficients* const&>"
 8790      74727563 
 8790      743C7268 
 8790      6F5F636F 
 8790      65666669 
 8791              	.LASF18:
 8792 014a 5F5A5374 		.string	"_ZSt5atan2ff"
 8792      35617461 
 8792      6E326666 
GAS LISTING /tmp/ccHMMbxq.s 			page 156


 8792      00
 8793              	.LASF491:
 8794 0157 5F5F6F70 		.string	"__ops"
 8794      7300
 8795              	.LASF437:
 8796 015d 5F5A4E53 		.string	"_ZNSt6vectorIP16rho_coefficientsSaIS1_EE14_M_emplace_auxEN9__gnu_cxx17__normal_iteratorIP
 8796      74367665 
 8796      63746F72 
 8796      49503136 
 8796      72686F5F 
 8797              	.LASF110:
 8798 01c4 5F5A5374 		.string	"_ZSt13islessgreaterff"
 8798      31336973 
 8798      6C657373 
 8798      67726561 
 8798      74657266 
 8799              	.LASF275:
 8800 01da 5F5A4E53 		.string	"_ZNSt16allocator_traitsISaIP16rho_coefficientsEE37select_on_container_copy_constructionER
 8800      74313661 
 8800      6C6C6F63 
 8800      61746F72 
 8800      5F747261 
 8801              	.LASF50:
 8802 0238 5F5A5374 		.string	"_ZSt3powee"
 8802      33706F77 
 8802      656500
 8803              	.LASF538:
 8804 0243 5F547032 		.string	"_Tp2"
 8804      00
 8805              	.LASF279:
 8806 0248 5F566563 		.string	"_Vector_base<rho_coefficients*, std::allocator<rho_coefficients*> >"
 8806      746F725F 
 8806      62617365 
 8806      3C72686F 
 8806      5F636F65 
 8807              	.LASF490:
 8808 028c 5F5F676E 		.string	"__gnu_cxx"
 8808      755F6378 
 8808      7800
 8809              	.LASF571:
 8810 0296 6F706572 		.string	"operator new"
 8810      61746F72 
 8810      206E6577 
 8810      00
 8811              	.LASF11:
 8812 02a3 5F5A5374 		.string	"_ZSt4asine"
 8812      34617369 
 8812      6E6500
 8813              	.LASF12:
 8814 02ae 5F5A5374 		.string	"_ZSt4asinf"
 8814      34617369 
 8814      6E6600
 8815              	.LASF406:
 8816 02b9 5F5A4E53 		.string	"_ZNSt6vectorIP16rho_coefficientsSaIS1_EE9push_backERKS1_"
 8816      74367665 
 8816      63746F72 
 8816      49503136 
GAS LISTING /tmp/ccHMMbxq.s 			page 157


 8816      72686F5F 
 8817              	.LASF111:
 8818 02f2 6973756E 		.string	"isunordered"
 8818      6F726465 
 8818      72656400 
 8819              	.LASF383:
 8820 02fe 63617061 		.string	"capacity"
 8820      63697479 
 8820      00
 8821              	.LASF230:
 8822 0307 5F5F6465 		.string	"__debug"
 8822      62756700 
 8823              	.LASF51:
 8824 030f 5F5A5374 		.string	"_ZSt3powff"
 8824      33706F77 
 8824      666600
 8825              	.LASF91:
 8826 031a 69736772 		.string	"isgreater"
 8826      65617465 
 8826      7200
 8827              	.LASF42:
 8828 0324 5F5A5374 		.string	"_ZSt3loge"
 8828      336C6F67 
 8828      6500
 8829              	.LASF43:
 8830 032e 5F5A5374 		.string	"_ZSt3logf"
 8830      336C6F67 
 8830      6600
 8831              	.LASF617:
 8832 0338 5F5A6E77 		.string	"_ZnwmPv"
 8832      6D507600 
 8833              	.LASF87:
 8834 0340 7369676E 		.string	"signbit"
 8834      62697400 
 8835              	.LASF555:
 8836 0348 666C6F61 		.string	"float_t"
 8836      745F7400 
 8837              	.LASF576:
 8838 0350 5F5F6C61 		.string	"__last"
 8838      737400
 8839              	.LASF430:
 8840 0357 5F4D5F64 		.string	"_M_default_append"
 8840      65666175 
 8840      6C745F61 
 8840      7070656E 
 8840      6400
 8841              	.LASF143:
 8842 0369 5F5A5374 		.string	"_ZSt4fdimff"
 8842      34666469 
 8842      6D666600 
 8843              	.LASF394:
 8844 0375 5F5A4E53 		.string	"_ZNSt6vectorIP16rho_coefficientsSaIS1_EE2atEm"
 8844      74367665 
 8844      63746F72 
 8844      49503136 
 8844      72686F5F 
 8845              	.LASF242:
GAS LISTING /tmp/ccHMMbxq.s 			page 158


 8846 03a3 636F6E73 		.string	"const_pointer"
 8846      745F706F 
 8846      696E7465 
 8846      7200
 8847              	.LASF223:
 8848 03b1 5F5A4E4B 		.string	"_ZNKSt17integral_constantIbLb0EEcvbEv"
 8848      53743137 
 8848      696E7465 
 8848      6772616C 
 8848      5F636F6E 
 8849              	.LASF250:
 8850 03d7 6465616C 		.string	"deallocate"
 8850      6C6F6361 
 8850      746500
 8851              	.LASF317:
 8852 03e2 5F4D5F63 		.string	"_M_create_storage"
 8852      72656174 
 8852      655F7374 
 8852      6F726167 
 8852      6500
 8853              	.LASF333:
 8854 03f4 5F5A4E53 		.string	"_ZNSt6vectorIP16rho_coefficientsSaIS1_EEC4Ev"
 8854      74367665 
 8854      63746F72 
 8854      49503136 
 8854      72686F5F 
 8855              	.LASF215:
 8856 0421 6F706572 		.string	"operator std::integral_constant<bool, true>::value_type"
 8856      61746F72 
 8856      20737464 
 8856      3A3A696E 
 8856      74656772 
 8857              	.LASF559:
 8858 0459 5F466C6F 		.string	"_Float128"
 8858      61743132 
 8858      3800
 8859              	.LASF260:
 8860 0463 616C6C6F 		.string	"allocator"
 8860      6361746F 
 8860      7200
 8861              	.LASF612:
 8862 046d 5F5A4E53 		.string	"_ZNSt12_Vector_baseIP16rho_coefficientsSaIS1_EEC2Ev"
 8862      7431325F 
 8862      56656374 
 8862      6F725F62 
 8862      61736549 
 8863              	.LASF283:
 8864 04a1 5F4D5F65 		.string	"_M_end_of_storage"
 8864      6E645F6F 
 8864      665F7374 
 8864      6F726167 
 8864      6500
 8865              	.LASF252:
 8866 04b3 6D61785F 		.string	"max_size"
 8866      73697A65 
 8866      00
 8867              	.LASF312:
GAS LISTING /tmp/ccHMMbxq.s 			page 159


 8868 04bc 5F4D5F69 		.string	"_M_impl"
 8868      6D706C00 
 8869              	.LASF217:
 8870 04c4 5F5A4E4B 		.string	"_ZNKSt17integral_constantIbLb1EEcvbEv"
 8870      53743137 
 8870      696E7465 
 8870      6772616C 
 8870      5F636F6E 
 8871              	.LASF436:
 8872 04ea 5F4D5F65 		.string	"_M_emplace_aux"
 8872      6D706C61 
 8872      63655F61 
 8872      757800
 8873              	.LASF314:
 8874 04f9 5F5A4E53 		.string	"_ZNSt12_Vector_baseIP16rho_coefficientsSaIS1_EE11_M_allocateEm"
 8874      7431325F 
 8874      56656374 
 8874      6F725F62 
 8874      61736549 
 8875              	.LASF156:
 8876 0538 5F5A5374 		.string	"_ZSt5ilogbe"
 8876      35696C6F 
 8876      67626500 
 8877              	.LASF157:
 8878 0544 5F5A5374 		.string	"_ZSt5ilogbf"
 8878      35696C6F 
 8878      67626600 
 8879              	.LASF224:
 8880 0550 5F5A4E4B 		.string	"_ZNKSt17integral_constantIbLb0EEclEv"
 8880      53743137 
 8880      696E7465 
 8880      6772616C 
 8880      5F636F6E 
 8881              	.LASF624:
 8882 0575 5F5A4E53 		.string	"_ZNSt12_Vector_baseIP16rho_coefficientsSaIS1_EE12_Vector_implD4Ev"
 8882      7431325F 
 8882      56656374 
 8882      6F725F62 
 8882      61736549 
 8883              	.LASF332:
 8884 05b7 76656374 		.string	"vector"
 8884      6F7200
 8885              	.LASF502:
 8886 05be 5F5A4E39 		.string	"_ZN9__gnu_cxx14__alloc_traitsISaIP16rho_coefficientsES2_E20_S_propagate_on_swapEv"
 8886      5F5F676E 
 8886      755F6378 
 8886      7831345F 
 8886      5F616C6C 
 8887              	.LASF85:
 8888 0610 5F5A5374 		.string	"_ZSt8isnormald"
 8888      3869736E 
 8888      6F726D61 
 8888      6C6400
 8889              	.LASF84:
 8890 061f 5F5A5374 		.string	"_ZSt8isnormale"
 8890      3869736E 
 8890      6F726D61 
GAS LISTING /tmp/ccHMMbxq.s 			page 160


 8890      6C6500
 8891              	.LASF86:
 8892 062e 5F5A5374 		.string	"_ZSt8isnormalf"
 8892      3869736E 
 8892      6F726D61 
 8892      6C6600
 8893              	.LASF210:
 8894 063d 5F5A5374 		.string	"_ZSt6tgammae"
 8894      36746761 
 8894      6D6D6165 
 8894      00
 8895              	.LASF211:
 8896 064a 5F5A5374 		.string	"_ZSt6tgammaf"
 8896      36746761 
 8896      6D6D6166 
 8896      00
 8897              	.LASF444:
 8898 0657 5F4D5F65 		.string	"_M_erase_at_end"
 8898      72617365 
 8898      5F61745F 
 8898      656E6400 
 8899              	.LASF198:
 8900 0667 5F5A5374 		.string	"_ZSt4rinte"
 8900      3472696E 
 8900      746500
 8901              	.LASF199:
 8902 0672 5F5A5374 		.string	"_ZSt4rintf"
 8902      3472696E 
 8902      746600
 8903              	.LASF28:
 8904 067d 73696E68 		.string	"sinh"
 8904      00
 8905              	.LASF206:
 8906 0682 7363616C 		.string	"scalbn"
 8906      626E00
 8907              	.LASF539:
 8908 0689 5F557032 		.string	"_Up2"
 8908      00
 8909              	.LASF480:
 8910 068e 6D61783C 		.string	"max<long unsigned int>"
 8910      6C6F6E67 
 8910      20756E73 
 8910      69676E65 
 8910      6420696E 
 8911              	.LASF535:
 8912 06a5 5F5F6E6F 		.string	"__normal_iterator<rho_coefficients* const*, std::vector<rho_coefficients*, std::allocator
 8912      726D616C 
 8912      5F697465 
 8912      7261746F 
 8912      723C7268 
 8913              	.LASF221:
 8914 0716 76616C75 		.string	"value_type"
 8914      655F7479 
 8914      706500
 8915              	.LASF77:
 8916 0721 5F5A5374 		.string	"_ZSt5isinfd"
 8916      35697369 
GAS LISTING /tmp/ccHMMbxq.s 			page 161


 8916      6E666400 
 8917              	.LASF76:
 8918 072d 5F5A5374 		.string	"_ZSt5isinfe"
 8918      35697369 
 8918      6E666500 
 8919              	.LASF78:
 8920 0739 5F5A5374 		.string	"_ZSt5isinff"
 8920      35697369 
 8920      6E666600 
 8921              	.LASF549:
 8922 0745 6C6F6E67 		.string	"long int"
 8922      20696E74 
 8922      00
 8923              	.LASF89:
 8924 074e 5F5A5374 		.string	"_ZSt7signbitd"
 8924      37736967 
 8924      6E626974 
 8924      6400
 8925              	.LASF88:
 8926 075c 5F5A5374 		.string	"_ZSt7signbite"
 8926      37736967 
 8926      6E626974 
 8926      6500
 8927              	.LASF90:
 8928 076a 5F5A5374 		.string	"_ZSt7signbitf"
 8928      37736967 
 8928      6E626974 
 8928      6600
 8929              	.LASF262:
 8930 0778 5F5A4E53 		.string	"_ZNSaIP16rho_coefficientsEC4ERKS1_"
 8930      61495031 
 8930      3672686F 
 8930      5F636F65 
 8930      66666963 
 8931              	.LASF398:
 8932 079b 5F5A4E4B 		.string	"_ZNKSt6vectorIP16rho_coefficientsSaIS1_EE5frontEv"
 8932      53743676 
 8932      6563746F 
 8932      72495031 
 8932      3672686F 
 8933              	.LASF493:
 8934 07cd 5F535F73 		.string	"_S_select_on_copy"
 8934      656C6563 
 8934      745F6F6E 
 8934      5F636F70 
 8934      7900
 8935              	.LASF628:
 8936 07df 5F5F6378 		.string	"__cxa_guard_release"
 8936      615F6775 
 8936      6172645F 
 8936      72656C65 
 8936      61736500 
 8937              	.LASF295:
 8938 07f3 5F54705F 		.string	"_Tp_alloc_type"
 8938      616C6C6F 
 8938      635F7479 
 8938      706500
GAS LISTING /tmp/ccHMMbxq.s 			page 162


 8939              	.LASF213:
 8940 0802 5F5A5374 		.string	"_ZSt5trunce"
 8940      35747275 
 8940      6E636500 
 8941              	.LASF214:
 8942 080e 5F5A5374 		.string	"_ZSt5truncf"
 8942      35747275 
 8942      6E636600 
 8943              	.LASF73:
 8944 081a 5F5A5374 		.string	"_ZSt8isfinited"
 8944      38697366 
 8944      696E6974 
 8944      656400
 8945              	.LASF72:
 8946 0829 5F5A5374 		.string	"_ZSt8isfinitee"
 8946      38697366 
 8946      696E6974 
 8946      656500
 8947              	.LASF74:
 8948 0838 5F5A5374 		.string	"_ZSt8isfinitef"
 8948      38697366 
 8948      696E6974 
 8948      656600
 8949              	.LASF416:
 8950 0847 5F5A4E53 		.string	"_ZNSt6vectorIP16rho_coefficientsSaIS1_EE5eraseEN9__gnu_cxx17__normal_iteratorIPKS1_S3_EE"
 8950      74367665 
 8950      63746F72 
 8950      49503136 
 8950      72686F5F 
 8951              	.LASF284:
 8952 08a0 5F5A4E53 		.string	"_ZNSt12_Vector_baseIP16rho_coefficientsSaIS1_EE17_Vector_impl_dataC4Ev"
 8952      7431325F 
 8952      56656374 
 8952      6F725F62 
 8952      61736549 
 8953              	.LASF341:
 8954 08e7 5F5A4E53 		.string	"_ZNSt6vectorIP16rho_coefficientsSaIS1_EEC4EOS3_RKS2_St17integral_constantIbLb0EE"
 8954      74367665 
 8954      63746F72 
 8954      49503136 
 8954      72686F5F 
 8955              	.LASF174:
 8956 0938 5F5A5374 		.string	"_ZSt4logbe"
 8956      346C6F67 
 8956      626500
 8957              	.LASF175:
 8958 0943 5F5A5374 		.string	"_ZSt4logbf"
 8958      346C6F67 
 8958      626600
 8959              	.LASF308:
 8960 094e 5F5A4E53 		.string	"_ZNSt12_Vector_baseIP16rho_coefficientsSaIS1_EEC4EOS3_RKS2_"
 8960      7431325F 
 8960      56656374 
 8960      6F725F62 
 8960      61736549 
 8961              	.LASF358:
 8962 098a 5F5A4E4B 		.string	"_ZNKSt6vectorIP16rho_coefficientsSaIS1_EE3endEv"
GAS LISTING /tmp/ccHMMbxq.s 			page 163


 8962      53743676 
 8962      6563746F 
 8962      72495031 
 8962      3672686F 
 8963              	.LASF327:
 8964 09ba 5F535F64 		.string	"_S_do_relocate"
 8964      6F5F7265 
 8964      6C6F6361 
 8964      746500
 8965              	.LASF324:
 8966 09c9 5F535F6E 		.string	"_S_nothrow_relocate"
 8966      6F746872 
 8966      6F775F72 
 8966      656C6F63 
 8966      61746500 
 8967              	.LASF268:
 8968 09dd 616C6C6F 		.string	"allocator_traits<std::allocator<rho_coefficients*> >"
 8968      6361746F 
 8968      725F7472 
 8968      61697473 
 8968      3C737464 
 8969              	.LASF288:
 8970 0a12 5F4D5F73 		.string	"_M_swap_data"
 8970      7761705F 
 8970      64617461 
 8970      00
 8971              	.LASF338:
 8972 0a1f 5F5A4E53 		.string	"_ZNSt6vectorIP16rho_coefficientsSaIS1_EEC4EOS3_"
 8972      74367665 
 8972      63746F72 
 8972      49503136 
 8972      72686F5F 
 8973              	.LASF372:
 8974 0a4f 5F5A4E4B 		.string	"_ZNKSt6vectorIP16rho_coefficientsSaIS1_EE7crbeginEv"
 8974      53743676 
 8974      6563746F 
 8974      72495031 
 8974      3672686F 
 8975              	.LASF239:
 8976 0a83 5F5A4E53 		.string	"_ZNSt15__new_allocatorIP16rho_coefficientsED4Ev"
 8976      7431355F 
 8976      5F6E6577 
 8976      5F616C6C 
 8976      6F636174 
 8977              	.LASF512:
 8978 0ab3 5F5A4E39 		.string	"_ZN9__gnu_cxx17__normal_iteratorIPP16rho_coefficientsSt6vectorIS2_SaIS2_EEEC4ERKS3_"
 8978      5F5F676E 
 8978      755F6378 
 8978      7831375F 
 8978      5F6E6F72 
 8979              	.LASF431:
 8980 0b07 5F5A4E53 		.string	"_ZNSt6vectorIP16rho_coefficientsSaIS1_EE17_M_default_appendEm"
 8980      74367665 
 8980      63746F72 
 8980      49503136 
 8980      72686F5F 
 8981              	.LASF575:
GAS LISTING /tmp/ccHMMbxq.s 			page 164


 8982 0b45 5F5F6669 		.string	"__first"
 8982      72737400 
 8983              	.LASF456:
 8984 0b4d 72657665 		.string	"reverse_iterator<__gnu_cxx::__normal_iterator<rho_coefficients**, std::vector<rho_coeffic
 8984      7273655F 
 8984      69746572 
 8984      61746F72 
 8984      3C5F5F67 
 8985              	.LASF586:
 8986 0bd6 5F5F7268 		.string	"__rhs"
 8986      7300
 8987              	.LASF363:
 8988 0bdc 5F5A4E4B 		.string	"_ZNKSt6vectorIP16rho_coefficientsSaIS1_EE6rbeginEv"
 8988      53743676 
 8988      6563746F 
 8988      72495031 
 8988      3672686F 
 8989              	.LASF75:
 8990 0c0f 6973696E 		.string	"isinf"
 8990      6600
 8991              	.LASF527:
 8992 0c15 5F5A4E4B 		.string	"_ZNK9__gnu_cxx17__normal_iteratorIPP16rho_coefficientsSt6vectorIS2_SaIS2_EEEplEl"
 8992      395F5F67 
 8992      6E755F63 
 8992      78783137 
 8992      5F5F6E6F 
 8993              	.LASF477:
 8994 0c66 5F416C6C 		.string	"_Allocator"
 8994      6F636174 
 8994      6F7200
 8995              	.LASF537:
 8996 0c71 5F5F7479 		.string	"__type"
 8996      706500
 8997              	.LASF602:
 8998 0c78 5F5A4E53 		.string	"_ZNSaIP16rho_coefficientsED2Ev"
 8998      61495031 
 8998      3672686F 
 8998      5F636F65 
 8998      66666963 
 8999              	.LASF321:
 9000 0c97 74797065 		.string	"type"
 9000      00
 9001              	.LASF233:
 9002 0c9c 5F446573 		.string	"_Destroy_aux<true>"
 9002      74726F79 
 9002      5F617578 
 9002      3C747275 
 9002      653E00
 9003              	.LASF513:
 9004 0caf 6F706572 		.string	"operator*"
 9004      61746F72 
 9004      2A00
 9005              	.LASF526:
 9006 0cb9 6F706572 		.string	"operator+"
 9006      61746F72 
 9006      2B00
 9007              	.LASF530:
GAS LISTING /tmp/ccHMMbxq.s 			page 165


 9008 0cc3 6F706572 		.string	"operator-"
 9008      61746F72 
 9008      2D00
 9009              	.LASF483:
 9010 0ccd 5F5A4E53 		.string	"_ZNSt12_Vector_baseIP16rho_coefficientsSaIS1_EE17_Vector_impl_data12_M_swap_dataERS4_"
 9010      7431325F 
 9010      56656374 
 9010      6F725F62 
 9010      61736549 
 9011              	.LASF566:
 9012 0d23 5F5F676E 		.string	"__gnu_debug"
 9012      755F6465 
 9012      62756700 
 9013              	.LASF228:
 9014 0d2f 5F5A4E53 		.string	"_ZNSt21piecewise_construct_tC4Ev"
 9014      74323170 
 9014      69656365 
 9014      77697365 
 9014      5F636F6E 
 9015              	.LASF263:
 9016 0d50 6F706572 		.string	"operator="
 9016      61746F72 
 9016      3D00
 9017              	.LASF196:
 9018 0d5a 5F5A5374 		.string	"_ZSt6remquoffPi"
 9018      3672656D 
 9018      71756F66 
 9018      66506900 
 9019              	.LASF273:
 9020 0d6a 5F5A4E53 		.string	"_ZNSt16allocator_traitsISaIP16rho_coefficientsEE8max_sizeERKS2_"
 9020      74313661 
 9020      6C6C6F63 
 9020      61746F72 
 9020      5F747261 
 9021              	.LASF311:
 9022 0daa 5F5A4E53 		.string	"_ZNSt12_Vector_baseIP16rho_coefficientsSaIS1_EED4Ev"
 9022      7431325F 
 9022      56656374 
 9022      6F725F62 
 9022      61736549 
 9023              	.LASF468:
 9024 0dde 5F5F656E 		.string	"__enable_if_t"
 9024      61626C65 
 9024      5F69665F 
 9024      7400
 9025              	.LASF204:
 9026 0dec 5F5A5374 		.string	"_ZSt7scalblnel"
 9026      37736361 
 9026      6C626C6E 
 9026      656C00
 9027              	.LASF556:
 9028 0dfb 646F7562 		.string	"double_t"
 9028      6C655F74 
 9028      00
 9029              	.LASF47:
 9030 0e04 6D6F6466 		.string	"modf"
 9030      00
GAS LISTING /tmp/ccHMMbxq.s 			page 166


 9031              	.LASF313:
 9032 0e09 5F4D5F61 		.string	"_M_allocate"
 9032      6C6C6F63 
 9032      61746500 
 9033              	.LASF227:
 9034 0e15 70696563 		.string	"piecewise_construct_t"
 9034      65776973 
 9034      655F636F 
 9034      6E737472 
 9034      7563745F 
 9035              	.LASF562:
 9036 0e2b 626F6F6C 		.string	"bool"
 9036      00
 9037              	.LASF492:
 9038 0e30 5F5F616C 		.string	"__alloc_traits<std::allocator<rho_coefficients*>, rho_coefficients*>"
 9038      6C6F635F 
 9038      74726169 
 9038      74733C73 
 9038      74643A3A 
 9039              	.LASF205:
 9040 0e75 5F5A5374 		.string	"_ZSt7scalblnfl"
 9040      37736361 
 9040      6C626C6E 
 9040      666C00
 9041              	.LASF519:
 9042 0e84 5F5A4E39 		.string	"_ZN9__gnu_cxx17__normal_iteratorIPP16rho_coefficientsSt6vectorIS2_SaIS2_EEEppEi"
 9042      5F5F676E 
 9042      755F6378 
 9042      7831375F 
 9042      5F6E6F72 
 9043              	.LASF543:
 9044 0ed4 756E7369 		.string	"unsigned char"
 9044      676E6564 
 9044      20636861 
 9044      7200
 9045              	.LASF518:
 9046 0ee2 5F5A4E39 		.string	"_ZN9__gnu_cxx17__normal_iteratorIPP16rho_coefficientsSt6vectorIS2_SaIS2_EEEppEv"
 9046      5F5F676E 
 9046      755F6378 
 9046      7831375F 
 9046      5F6E6F72 
 9047              	.LASF608:
 9048 0f32 66697273 		.string	"first_time"
 9048      745F7469 
 9048      6D6500
 9049              	.LASF553:
 9050 0f3d 666C6F61 		.string	"float"
 9050      7400
 9051              	.LASF29:
 9052 0f43 5F5A5374 		.string	"_ZSt4sinhe"
 9052      3473696E 
 9052      686500
 9053              	.LASF30:
 9054 0f4e 5F5A5374 		.string	"_ZSt4sinhf"
 9054      3473696E 
 9054      686600
 9055              	.LASF585:
GAS LISTING /tmp/ccHMMbxq.s 			page 167


 9056 0f59 5F5F6C68 		.string	"__lhs"
 9056      7300
 9057              	.LASF349:
 9058 0f5f 61737369 		.string	"assign"
 9058      676E00
 9059              	.LASF503:
 9060 0f66 5F535F61 		.string	"_S_always_equal"
 9060      6C776179 
 9060      735F6571 
 9060      75616C00 
 9061              	.LASF364:
 9062 0f76 72656E64 		.string	"rend"
 9062      00
 9063              	.LASF316:
 9064 0f7b 5F5A4E53 		.string	"_ZNSt12_Vector_baseIP16rho_coefficientsSaIS1_EE13_M_deallocateEPS1_m"
 9064      7431325F 
 9064      56656374 
 9064      6F725F62 
 9064      61736549 
 9065              	.LASF340:
 9066 0fc0 5F5A4E53 		.string	"_ZNSt6vectorIP16rho_coefficientsSaIS1_EEC4EOS3_RKS2_St17integral_constantIbLb1EE"
 9066      74367665 
 9066      63746F72 
 9066      49503136 
 9066      72686F5F 
 9067              	.LASF362:
 9068 1011 636F6E73 		.string	"const_reverse_iterator"
 9068      745F7265 
 9068      76657273 
 9068      655F6974 
 9068      65726174 
 9069              	.LASF453:
 9070 1028 5F5A4E53 		.string	"_ZNSt6vectorIP16rho_coefficientsSaIS1_EE17_M_realloc_insertIJRKS1_EEEvN9__gnu_cxx17__norm
 9070      74367665 
 9070      63746F72 
 9070      49503136 
 9070      72686F5F 
 9071              	.LASF225:
 9072 109c 66616C73 		.string	"false_type"
 9072      655F7479 
 9072      706500
 9073              	.LASF238:
 9074 10a7 7E5F5F6E 		.string	"~__new_allocator"
 9074      65775F61 
 9074      6C6C6F63 
 9074      61746F72 
 9074      00
 9075              	.LASF434:
 9076 10b8 5F4D5F69 		.string	"_M_insert_rval"
 9076      6E736572 
 9076      745F7276 
 9076      616C00
 9077              	.LASF418:
 9078 10c7 73776170 		.string	"swap"
 9078      00
 9079              	.LASF155:
 9080 10cc 696C6F67 		.string	"ilogb"
GAS LISTING /tmp/ccHMMbxq.s 			page 168


 9080      6200
 9081              	.LASF610:
 9082 10d2 70726576 		.string	"prev_c"
 9082      5F6300
 9083              	.LASF161:
 9084 10d9 6C6C7269 		.string	"llrint"
 9084      6E7400
 9085              	.LASF264:
 9086 10e0 5F5A4E53 		.string	"_ZNSt15__new_allocatorIP16rho_coefficientsEaSERKS2_"
 9086      7431355F 
 9086      5F6E6577 
 9086      5F616C6C 
 9086      6F636174 
 9087              	.LASF249:
 9088 1114 73697A65 		.string	"size_type"
 9088      5F747970 
 9088      6500
 9089              	.LASF560:
 9090 111e 5F466C6F 		.string	"_Float32x"
 9090      61743332 
 9090      7800
 9091              	.LASF533:
 9092 1128 5F5A4E4B 		.string	"_ZNK9__gnu_cxx17__normal_iteratorIPP16rho_coefficientsSt6vectorIS2_SaIS2_EEE4baseEv"
 9092      395F5F67 
 9092      6E755F63 
 9092      78783137 
 9092      5F5F6E6F 
 9093              	.LASF352:
 9094 117c 69746572 		.string	"iterator"
 9094      61746F72 
 9094      00
 9095              	.LASF244:
 9096 1185 5F5A4E4B 		.string	"_ZNKSt15__new_allocatorIP16rho_coefficientsE7addressERS1_"
 9096      53743135 
 9096      5F5F6E65 
 9096      775F616C 
 9096      6C6F6361 
 9097              	.LASF307:
 9098 11bf 5F5A4E53 		.string	"_ZNSt12_Vector_baseIP16rho_coefficientsSaIS1_EEC4EOS2_"
 9098      7431325F 
 9098      56656374 
 9098      6F725F62 
 9098      61736549 
 9099              	.LASF348:
 9100 11f6 5F5A4E53 		.string	"_ZNSt6vectorIP16rho_coefficientsSaIS1_EEaSESt16initializer_listIS1_E"
 9100      74367665 
 9100      63746F72 
 9100      49503136 
 9100      72686F5F 
 9101              	.LASF411:
 9102 123b 5F5A4E53 		.string	"_ZNSt6vectorIP16rho_coefficientsSaIS1_EE6insertEN9__gnu_cxx17__normal_iteratorIPKS1_S3_EE
 9102      74367665 
 9102      63746F72 
 9102      49503136 
 9102      72686F5F 
 9103              	.LASF508:
 9104 1299 6F746865 		.string	"other"
GAS LISTING /tmp/ccHMMbxq.s 			page 169


 9104      7200
 9105              	.LASF455:
 9106 129f 696E6974 		.string	"initializer_list<rho_coefficients*>"
 9106      69616C69 
 9106      7A65725F 
 9106      6C697374 
 9106      3C72686F 
 9107              	.LASF344:
 9108 12c3 7E766563 		.string	"~vector"
 9108      746F7200 
 9109              	.LASF306:
 9110 12cb 5F5A4E53 		.string	"_ZNSt12_Vector_baseIP16rho_coefficientsSaIS1_EEC4EOS3_"
 9110      7431325F 
 9110      56656374 
 9110      6F725F62 
 9110      61736549 
 9111              	.LASF365:
 9112 1302 5F5A4E53 		.string	"_ZNSt6vectorIP16rho_coefficientsSaIS1_EE4rendEv"
 9112      74367665 
 9112      63746F72 
 9112      49503136 
 9112      72686F5F 
 9113              	.LASF218:
 9114 1332 5F5A4E4B 		.string	"_ZNKSt17integral_constantIbLb1EEclEv"
 9114      53743137 
 9114      696E7465 
 9114      6772616C 
 9114      5F636F6E 
 9115              	.LASF182:
 9116 1357 6E656172 		.string	"nearbyint"
 9116      6279696E 
 9116      7400
 9117              	.LASF97:
 9118 1361 5F5A5374 		.string	"_ZSt14isgreaterequaldd"
 9118      31346973 
 9118      67726561 
 9118      74657265 
 9118      7175616C 
 9119              	.LASF339:
 9120 1378 5F5A4E53 		.string	"_ZNSt6vectorIP16rho_coefficientsSaIS1_EEC4ERKS3_RKS2_"
 9120      74367665 
 9120      63746F72 
 9120      49503136 
 9120      72686F5F 
 9121              	.LASF407:
 9122 13ae 5F5A4E53 		.string	"_ZNSt6vectorIP16rho_coefficientsSaIS1_EE9push_backEOS1_"
 9122      74367665 
 9122      63746F72 
 9122      49503136 
 9122      72686F5F 
 9123              	.LASF277:
 9124 13e6 5F5F6465 		.string	"__destroy<rho_coefficients**>"
 9124      7374726F 
 9124      793C7268 
 9124      6F5F636F 
 9124      65666669 
 9125              	.LASF93:
GAS LISTING /tmp/ccHMMbxq.s 			page 170


 9126 1404 5F5A5374 		.string	"_ZSt9isgreaterdd"
 9126      39697367 
 9126      72656174 
 9126      65726464 
 9126      00
 9127              	.LASF375:
 9128 1415 73697A65 		.string	"size"
 9128      00
 9129              	.LASF229:
 9130 141a 5F5F7377 		.string	"__swappable_details"
 9130      61707061 
 9130      626C655F 
 9130      64657461 
 9130      696C7300 
 9131              	.LASF573:
 9132 142e 7E5F5665 		.string	"~_Vector_impl"
 9132      63746F72 
 9132      5F696D70 
 9132      6C00
 9133              	.LASF286:
 9134 143c 5F4D5F63 		.string	"_M_copy_data"
 9134      6F70795F 
 9134      64617461 
 9134      00
 9135              	.LASF59:
 9136 1449 5F5A5374 		.string	"_ZSt4fabse"
 9136      34666162 
 9136      736500
 9137              	.LASF60:
 9138 1454 5F5A5374 		.string	"_ZSt4fabsf"
 9138      34666162 
 9138      736600
 9139              	.LASF96:
 9140 145f 5F5A5374 		.string	"_ZSt14isgreaterequalee"
 9140      31346973 
 9140      67726561 
 9140      74657265 
 9140      7175616C 
 9141              	.LASF420:
 9142 1476 636C6561 		.string	"clear"
 9142      7200
 9143              	.LASF266:
 9144 147c 7E616C6C 		.string	"~allocator"
 9144      6F636174 
 9144      6F7200
 9145              	.LASF92:
 9146 1487 5F5A5374 		.string	"_ZSt9isgreateree"
 9146      39697367 
 9146      72656174 
 9146      65726565 
 9146      00
 9147              	.LASF226:
 9148 1498 73697A65 		.string	"size_t"
 9148      5F7400
 9149              	.LASF183:
 9150 149f 5F5A5374 		.string	"_ZSt9nearbyinte"
 9150      396E6561 
GAS LISTING /tmp/ccHMMbxq.s 			page 171


 9150      72627969 
 9150      6E746500 
 9151              	.LASF184:
 9152 14af 5F5A5374 		.string	"_ZSt9nearbyintf"
 9152      396E6561 
 9152      72627969 
 9152      6E746600 
 9153              	.LASF133:
 9154 14bf 5F5A5374 		.string	"_ZSt4erfce"
 9154      34657266 
 9154      636500
 9155              	.LASF134:
 9156 14ca 5F5A5374 		.string	"_ZSt4erfcf"
 9156      34657266 
 9156      636600
 9157              	.LASF116:
 9158 14d5 5F5A5374 		.string	"_ZSt5acoshe"
 9158      3561636F 
 9158      73686500 
 9159              	.LASF117:
 9160 14e1 5F5A5374 		.string	"_ZSt5acoshf"
 9160      3561636F 
 9160      73686600 
 9161              	.LASF580:
 9162 14ed 5F5F636F 		.string	"__count"
 9162      756E7400 
 9163              	.LASF603:
 9164 14f5 5F5A4E53 		.string	"_ZNSt12_Vector_baseIP16rho_coefficientsSaIS1_EE12_Vector_implC2Ev"
 9164      7431325F 
 9164      56656374 
 9164      6F725F62 
 9164      61736549 
 9165              	.LASF396:
 9166 1537 66726F6E 		.string	"front"
 9166      7400
 9167              	.LASF98:
 9168 153d 5F5A5374 		.string	"_ZSt14isgreaterequalff"
 9168      31346973 
 9168      67726561 
 9168      74657265 
 9168      7175616C 
 9169              	.LASF447:
 9170 1554 5F5A4E53 		.string	"_ZNSt6vectorIP16rho_coefficientsSaIS1_EE8_M_eraseEN9__gnu_cxx17__normal_iteratorIPS1_S3_E
 9170      74367665 
 9170      63746F72 
 9170      49503136 
 9170      72686F5F 
 9171              	.LASF393:
 9172 15af 5F5A4E4B 		.string	"_ZNKSt6vectorIP16rho_coefficientsSaIS1_EE14_M_range_checkEm"
 9172      53743676 
 9172      6563746F 
 9172      72495031 
 9172      3672686F 
 9173              	.LASF622:
 9174 15eb 5F5A4E53 		.string	"_ZNSt12_Destroy_auxILb1EE9__destroyIPP16rho_coefficientsEEvT_S5_"
 9174      7431325F 
 9174      44657374 
GAS LISTING /tmp/ccHMMbxq.s 			page 172


 9174      726F795F 
 9174      61757849 
 9175              	.LASF194:
 9176 162c 72656D71 		.string	"remquo"
 9176      756F00
 9177              	.LASF557:
 9178 1633 5F466C6F 		.string	"_Float32"
 9178      61743332 
 9178      00
 9179              	.LASF350:
 9180 163c 5F5A4E53 		.string	"_ZNSt6vectorIP16rho_coefficientsSaIS1_EE6assignEmRKS1_"
 9180      74367665 
 9180      63746F72 
 9180      49503136 
 9180      72686F5F 
 9181              	.LASF258:
 9182 1673 5F5F6E65 		.string	"__new_allocator<rho_coefficients*>"
 9182      775F616C 
 9182      6C6F6361 
 9182      746F723C 
 9182      72686F5F 
 9183              	.LASF626:
 9184 1696 5F4D5F63 		.string	"_M_current"
 9184      75727265 
 9184      6E7400
 9185              	.LASF94:
 9186 16a1 5F5A5374 		.string	"_ZSt9isgreaterff"
 9186      39697367 
 9186      72656174 
 9186      65726666 
 9186      00
 9187              	.LASF462:
 9188 16b2 5F5F7468 		.string	"__throw_bad_alloc"
 9188      726F775F 
 9188      6261645F 
 9188      616C6C6F 
 9188      6300
 9189              	.LASF600:
 9190 16c4 5F5A4E53 		.string	"_ZNSt6vectorIP16rho_coefficientsSaIS1_EED2Ev"
 9190      74367665 
 9190      63746F72 
 9190      49503136 
 9190      72686F5F 
 9191              	.LASF428:
 9192 16f1 5F4D5F66 		.string	"_M_fill_insert"
 9192      696C6C5F 
 9192      696E7365 
 9192      727400
 9193              	.LASF124:
 9194 1700 63627274 		.string	"cbrt"
 9194      00
 9195              	.LASF347:
 9196 1705 5F5A4E53 		.string	"_ZNSt6vectorIP16rho_coefficientsSaIS1_EEaSEOS3_"
 9196      74367665 
 9196      63746F72 
 9196      49503136 
 9196      72686F5F 
GAS LISTING /tmp/ccHMMbxq.s 			page 173


 9197              	.LASF382:
 9198 1735 5F5A4E53 		.string	"_ZNSt6vectorIP16rho_coefficientsSaIS1_EE13shrink_to_fitEv"
 9198      74367665 
 9198      63746F72 
 9198      49503136 
 9198      72686F5F 
 9199              	.LASF547:
 9200 176f 7369676E 		.string	"signed char"
 9200      65642063 
 9200      68617200 
 9201              	.LASF439:
 9202 177b 5F5A4E4B 		.string	"_ZNKSt6vectorIP16rho_coefficientsSaIS1_EE12_M_check_lenEmPKc"
 9202      53743676 
 9202      6563746F 
 9202      72495031 
 9202      3672686F 
 9203              	.LASF269:
 9204 17b8 5F5A4E53 		.string	"_ZNSt16allocator_traitsISaIP16rho_coefficientsEE8allocateERS2_m"
 9204      74313661 
 9204      6C6C6F63 
 9204      61746F72 
 9204      5F747261 
 9205              	.LASF442:
 9206 17f8 5F535F6D 		.string	"_S_max_size"
 9206      61785F73 
 9206      697A6500 
 9207              	.LASF16:
 9208 1804 6174616E 		.string	"atan2"
 9208      3200
 9209              	.LASF426:
 9210 180a 5F4D5F66 		.string	"_M_fill_assign"
 9210      696C6C5F 
 9210      61737369 
 9210      676E00
 9211              	.LASF619:
 9212 1819 5F5F696E 		.string	"__int128 unsigned"
 9212      74313238 
 9212      20756E73 
 9212      69676E65 
 9212      6400
 9213              	.LASF219:
 9214 182b 696E7465 		.string	"integral_constant<bool, true>"
 9214      6772616C 
 9214      5F636F6E 
 9214      7374616E 
 9214      743C626F 
 9215              	.LASF611:
 9216 1849 5F5A4E53 		.string	"_ZNSt6vectorIP16rho_coefficientsSaIS1_EEC2Ev"
 9216      74367665 
 9216      63746F72 
 9216      49503136 
 9216      72686F5F 
 9217              	.LASF171:
 9218 1876 5F5A5374 		.string	"_ZSt4log2e"
 9218      346C6F67 
 9218      326500
 9219              	.LASF172:
GAS LISTING /tmp/ccHMMbxq.s 			page 174


 9220 1881 5F5A5374 		.string	"_ZSt4log2f"
 9220      346C6F67 
 9220      326600
 9221              	.LASF267:
 9222 188c 5F5A4E53 		.string	"_ZNSaIP16rho_coefficientsED4Ev"
 9222      61495031 
 9222      3672686F 
 9222      5F636F65 
 9222      66666963 
 9223              	.LASF180:
 9224 18ab 5F5A5374 		.string	"_ZSt6lrounde"
 9224      366C726F 
 9224      756E6465 
 9224      00
 9225              	.LASF181:
 9226 18b8 5F5A5374 		.string	"_ZSt6lroundf"
 9226      366C726F 
 9226      756E6466 
 9226      00
 9227              	.LASF465:
 9228 18c5 5F5A5374 		.string	"_ZSt28__throw_bad_array_new_lengthv"
 9228      32385F5F 
 9228      7468726F 
 9228      775F6261 
 9228      645F6172 
 9229              	.LASF121:
 9230 18e9 6174616E 		.string	"atanh"
 9230      6800
 9231              	.LASF507:
 9232 18ef 72656269 		.string	"rebind<rho_coefficients*>"
 9232      6E643C72 
 9232      686F5F63 
 9232      6F656666 
 9232      69636965 
 9233              	.LASF374:
 9234 1909 5F5A4E4B 		.string	"_ZNKSt6vectorIP16rho_coefficientsSaIS1_EE5crendEv"
 9234      53743676 
 9234      6563746F 
 9234      72495031 
 9234      3672686F 
 9235              	.LASF360:
 9236 193b 72626567 		.string	"rbegin"
 9236      696E00
 9237              	.LASF257:
 9238 1942 5F5A4E53 		.string	"_ZNSt15__new_allocatorIP16rho_coefficientsE9constructIS1_JRKS1_EEEvPT_DpOT0_"
 9238      7431355F 
 9238      5F6E6577 
 9238      5F616C6C 
 9238      6F636174 
 9239              	.LASF285:
 9240 198f 5F5A4E53 		.string	"_ZNSt12_Vector_baseIP16rho_coefficientsSaIS1_EE17_Vector_impl_dataC4EOS4_"
 9240      7431325F 
 9240      56656374 
 9240      6F725F62 
 9240      61736549 
 9241              	.LASF136:
 9242 19d9 5F5A5374 		.string	"_ZSt4exp2e"
GAS LISTING /tmp/ccHMMbxq.s 			page 175


 9242      34657870 
 9242      326500
 9243              	.LASF137:
 9244 19e4 5F5A5374 		.string	"_ZSt4exp2f"
 9244      34657870 
 9244      326600
 9245              	.LASF379:
 9246 19ef 5F5A4E53 		.string	"_ZNSt6vectorIP16rho_coefficientsSaIS1_EE6resizeEm"
 9246      74367665 
 9246      63746F72 
 9246      49503136 
 9246      72686F5F 
 9247              	.LASF558:
 9248 1a21 5F466C6F 		.string	"_Float64"
 9248      61743634 
 9248      00
 9249              	.LASF159:
 9250 1a2a 5F5A5374 		.string	"_ZSt6lgammae"
 9250      366C6761 
 9250      6D6D6165 
 9250      00
 9251              	.LASF160:
 9252 1a37 5F5A5374 		.string	"_ZSt6lgammaf"
 9252      366C6761 
 9252      6D6D6166 
 9252      00
 9253              	.LASF605:
 9254 1a44 5F5A3131 		.string	"_Z11dickman_rhod"
 9254      6469636B 
 9254      6D616E5F 
 9254      72686F64 
 9254      00
 9255              	.LASF301:
 9256 1a55 5F566563 		.string	"_Vector_base"
 9256      746F725F 
 9256      62617365 
 9256      00
 9257              	.LASF135:
 9258 1a62 65787032 		.string	"exp2"
 9258      00
 9259              	.LASF293:
 9260 1a67 5F5A4E53 		.string	"_ZNSt12_Vector_baseIP16rho_coefficientsSaIS1_EE12_Vector_implC4EOS2_"
 9260      7431325F 
 9260      56656374 
 9260      6F725F62 
 9260      61736549 
 9261              	.LASF498:
 9262 1aac 5F5A4E39 		.string	"_ZN9__gnu_cxx14__alloc_traitsISaIP16rho_coefficientsES2_E27_S_propagate_on_copy_assignEv"
 9262      5F5F676E 
 9262      755F6378 
 9262      7831345F 
 9262      5F616C6C 
 9263              	.LASF496:
 9264 1b05 5F5A4E39 		.string	"_ZN9__gnu_cxx14__alloc_traitsISaIP16rho_coefficientsES2_E10_S_on_swapERS3_S5_"
 9264      5F5F676E 
 9264      755F6378 
 9264      7831345F 
GAS LISTING /tmp/ccHMMbxq.s 			page 176


 9264      5F616C6C 
 9265              	.LASF425:
 9266 1b53 5F5A4E53 		.string	"_ZNSt6vectorIP16rho_coefficientsSaIS1_EE21_M_default_initializeEm"
 9266      74367665 
 9266      63746F72 
 9266      49503136 
 9266      72686F5F 
 9267              	.LASF119:
 9268 1b95 5F5A5374 		.string	"_ZSt5asinhe"
 9268      35617369 
 9268      6E686500 
 9269              	.LASF120:
 9270 1ba1 5F5A5374 		.string	"_ZSt5asinhf"
 9270      35617369 
 9270      6E686600 
 9271              	.LASF534:
 9272 1bad 5F436F6E 		.string	"_Container"
 9272      7461696E 
 9272      657200
 9273              	.LASF449:
 9274 1bb8 5F4D5F6D 		.string	"_M_move_assign"
 9274      6F76655F 
 9274      61737369 
 9274      676E00
 9275              	.LASF469:
 9276 1bc7 5F5F7265 		.string	"__relocate_a_1<rho_coefficients*, rho_coefficients*>"
 9276      6C6F6361 
 9276      74655F61 
 9276      5F313C72 
 9276      686F5F63 
 9277              	.LASF367:
 9278 1bfc 63626567 		.string	"cbegin"
 9278      696E00
 9279              	.LASF299:
 9280 1c03 6765745F 		.string	"get_allocator"
 9280      616C6C6F 
 9280      6361746F 
 9280      7200
 9281              	.LASF81:
 9282 1c11 5F5A5374 		.string	"_ZSt5isnand"
 9282      3569736E 
 9282      616E6400 
 9283              	.LASF80:
 9284 1c1d 5F5A5374 		.string	"_ZSt5isnane"
 9284      3569736E 
 9284      616E6500 
 9285              	.LASF82:
 9286 1c29 5F5A5374 		.string	"_ZSt5isnanf"
 9286      3569736E 
 9286      616E6600 
 9287              	.LASF331:
 9288 1c35 5F5A4E53 		.string	"_ZNSt6vectorIP16rho_coefficientsSaIS1_EE11_S_relocateEPS1_S4_S4_RS2_"
 9288      74367665 
 9288      63746F72 
 9288      49503136 
 9288      72686F5F 
 9289              	.LASF243:
GAS LISTING /tmp/ccHMMbxq.s 			page 177


 9290 1c7a 61646472 		.string	"address"
 9290      65737300 
 9291              	.LASF433:
 9292 1c82 5F5A4E53 		.string	"_ZNSt6vectorIP16rho_coefficientsSaIS1_EE16_M_shrink_to_fitEv"
 9292      74367665 
 9292      63746F72 
 9292      49503136 
 9292      72686F5F 
 9293              	.LASF536:
 9294 1cbf 5F5F7072 		.string	"__promote_2<double, int, double, double>"
 9294      6F6D6F74 
 9294      655F323C 
 9294      646F7562 
 9294      6C652C20 
 9295              	.LASF582:
 9296 1ce8 74686973 		.string	"this"
 9296      00
 9297              	.LASF67:
 9298 1ced 6670636C 		.string	"fpclassify"
 9298      61737369 
 9298      667900
 9299              	.LASF373:
 9300 1cf8 6372656E 		.string	"crend"
 9300      6400
 9301              	.LASF125:
 9302 1cfe 5F5A5374 		.string	"_ZSt4cbrte"
 9302      34636272 
 9302      746500
 9303              	.LASF126:
 9304 1d09 5F5A5374 		.string	"_ZSt4cbrtf"
 9304      34636272 
 9304      746600
 9305              	.LASF292:
 9306 1d14 5F5A4E53 		.string	"_ZNSt12_Vector_baseIP16rho_coefficientsSaIS1_EE12_Vector_implC4EOS4_"
 9306      7431325F 
 9306      56656374 
 9306      6F725F62 
 9306      61736549 
 9307              	.LASF471:
 9308 1d59 5F5F6E69 		.string	"__niter_base<rho_coefficients**>"
 9308      7465725F 
 9308      62617365 
 9308      3C72686F 
 9308      5F636F65 
 9309              	.LASF389:
 9310 1d7a 6F706572 		.string	"operator[]"
 9310      61746F72 
 9310      5B5D00
 9311              	.LASF7:
 9312 1d85 61636F73 		.string	"acos"
 9312      00
 9313              	.LASF531:
 9314 1d8a 5F5A4E4B 		.string	"_ZNK9__gnu_cxx17__normal_iteratorIPP16rho_coefficientsSt6vectorIS2_SaIS2_EEEmiEl"
 9314      395F5F67 
 9314      6E755F63 
 9314      78783137 
 9314      5F5F6E6F 
GAS LISTING /tmp/ccHMMbxq.s 			page 178


 9315              	.LASF177:
 9316 1ddb 5F5A5374 		.string	"_ZSt5lrinte"
 9316      356C7269 
 9316      6E746500 
 9317              	.LASF178:
 9318 1de7 5F5A5374 		.string	"_ZSt5lrintf"
 9318      356C7269 
 9318      6E746600 
 9319              	.LASF58:
 9320 1df3 66616273 		.string	"fabs"
 9320      00
 9321              	.LASF351:
 9322 1df8 5F5A4E53 		.string	"_ZNSt6vectorIP16rho_coefficientsSaIS1_EE6assignESt16initializer_listIS1_E"
 9322      74367665 
 9322      63746F72 
 9322      49503136 
 9322      72686F5F 
 9323              	.LASF79:
 9324 1e42 69736E61 		.string	"isnan"
 9324      6E00
 9325              	.LASF563:
 9326 1e48 77636861 		.string	"wchar_t"
 9326      725F7400 
 9327              	.LASF429:
 9328 1e50 5F5A4E53 		.string	"_ZNSt6vectorIP16rho_coefficientsSaIS1_EE14_M_fill_insertEN9__gnu_cxx17__normal_iteratorIP
 9328      74367665 
 9328      63746F72 
 9328      49503136 
 9328      72686F5F 
 9329              	.LASF318:
 9330 1eb8 5F5A4E53 		.string	"_ZNSt12_Vector_baseIP16rho_coefficientsSaIS1_EE17_M_create_storageEm"
 9330      7431325F 
 9330      56656374 
 9330      6F725F62 
 9330      61736549 
 9331              	.LASF152:
 9332 1efd 6879706F 		.string	"hypot"
 9332      7400
 9333              	.LASF270:
 9334 1f03 616C6C6F 		.string	"allocator_type"
 9334      6361746F 
 9334      725F7479 
 9334      706500
 9335              	.LASF591:
 9336 1f12 5F5F6F6C 		.string	"__old_start"
 9336      645F7374 
 9336      61727400 
 9337              	.LASF408:
 9338 1f1e 706F705F 		.string	"pop_back"
 9338      6261636B 
 9338      00
 9339              	.LASF61:
 9340 1f27 666C6F6F 		.string	"floor"
 9340      7200
 9341              	.LASF395:
 9342 1f2d 5F5A4E4B 		.string	"_ZNKSt6vectorIP16rho_coefficientsSaIS1_EE2atEm"
 9342      53743676 
GAS LISTING /tmp/ccHMMbxq.s 			page 179


 9342      6563746F 
 9342      72495031 
 9342      3672686F 
 9343              	.LASF609:
 9344 1f5c 72686F5F 		.string	"rho_k"
 9344      6B00
 9345              	.LASF203:
 9346 1f62 7363616C 		.string	"scalbln"
 9346      626C6E00 
 9347              	.LASF165:
 9348 1f6a 5F5A5374 		.string	"_ZSt7llrounde"
 9348      376C6C72 
 9348      6F756E64 
 9348      6500
 9349              	.LASF166:
 9350 1f78 5F5A5374 		.string	"_ZSt7llroundf"
 9350      376C6C72 
 9350      6F756E64 
 9350      6600
 9351              	.LASF400:
 9352 1f86 5F5A4E53 		.string	"_ZNSt6vectorIP16rho_coefficientsSaIS1_EE4backEv"
 9352      74367665 
 9352      63746F72 
 9352      49503136 
 9352      72686F5F 
 9353              	.LASF500:
 9354 1fb6 5F5A4E39 		.string	"_ZN9__gnu_cxx14__alloc_traitsISaIP16rho_coefficientsES2_E27_S_propagate_on_move_assignEv"
 9354      5F5F676E 
 9354      755F6378 
 9354      7831345F 
 9354      5F616C6C 
 9355              	.LASF127:
 9356 200f 636F7079 		.string	"copysign"
 9356      7369676E 
 9356      00
 9357              	.LASF451:
 9358 2018 5F5A4E53 		.string	"_ZNSt6vectorIP16rho_coefficientsSaIS1_EE14_M_move_assignEOS3_St17integral_constantIbLb0EE
 9358      74367665 
 9358      63746F72 
 9358      49503136 
 9358      72686F5F 
 9359              	.LASF564:
 9360 2072 63686172 		.string	"char16_t"
 9360      31365F74 
 9360      00
 9361              	.LASF343:
 9362 207b 5F5A4E53 		.string	"_ZNSt6vectorIP16rho_coefficientsSaIS1_EEC4ESt16initializer_listIS1_ERKS2_"
 9362      74367665 
 9362      63746F72 
 9362      49503136 
 9362      72686F5F 
 9363              	.LASF457:
 9364 20c5 72657665 		.string	"reverse_iterator<__gnu_cxx::__normal_iterator<rho_coefficients* const*, std::vector<rho_c
 9364      7273655F 
 9364      69746572 
 9364      61746F72 
 9364      3C5F5F67 
GAS LISTING /tmp/ccHMMbxq.s 			page 180


 9365              	.LASF320:
 9366 2154 5F5F7479 		.string	"__type_identity<std::allocator<rho_coefficients*> >"
 9366      70655F69 
 9366      64656E74 
 9366      6974793C 
 9366      7374643A 
 9367              	.LASF522:
 9368 2188 5F5A4E39 		.string	"_ZN9__gnu_cxx17__normal_iteratorIPP16rho_coefficientsSt6vectorIS2_SaIS2_EEEmmEi"
 9368      5F5F676E 
 9368      755F6378 
 9368      7831375F 
 9368      5F6E6F72 
 9369              	.LASF521:
 9370 21d8 5F5A4E39 		.string	"_ZN9__gnu_cxx17__normal_iteratorIPP16rho_coefficientsSt6vectorIS2_SaIS2_EEEmmEv"
 9370      5F5F676E 
 9370      755F6378 
 9370      7831375F 
 9370      5F6E6F72 
 9371              	.LASF621:
 9372 2228 70696563 		.string	"piecewise_construct"
 9372      65776973 
 9372      655F636F 
 9372      6E737472 
 9372      75637400 
 9373              	.LASF497:
 9374 223c 5F535F70 		.string	"_S_propagate_on_copy_assign"
 9374      726F7061 
 9374      67617465 
 9374      5F6F6E5F 
 9374      636F7079 
 9375              	.LASF101:
 9376 2258 5F5A5374 		.string	"_ZSt6islessdd"
 9376      3669736C 
 9376      65737364 
 9376      6400
 9377              	.LASF185:
 9378 2266 6E657874 		.string	"nextafter"
 9378      61667465 
 9378      7200
 9379              	.LASF297:
 9380 2270 5F5A4E53 		.string	"_ZNSt12_Vector_baseIP16rho_coefficientsSaIS1_EE19_M_get_Tp_allocatorEv"
 9380      7431325F 
 9380      56656374 
 9380      6F725F62 
 9380      61736549 
 9381              	.LASF589:
 9382 22b7 5F5A4E53 		.string	"_ZNSt15__new_allocatorIP16rho_coefficientsEC2Ev"
 9382      7431355F 
 9382      5F6E6577 
 9382      5F616C6C 
 9382      6F636174 
 9383              	.LASF55:
 9384 22e7 6365696C 		.string	"ceil"
 9384      00
 9385              	.LASF423:
 9386 22ec 5F5A4E53 		.string	"_ZNSt6vectorIP16rho_coefficientsSaIS1_EE18_M_fill_initializeEmRKS1_"
 9386      74367665 
GAS LISTING /tmp/ccHMMbxq.s 			page 181


 9386      63746F72 
 9386      49503136 
 9386      72686F5F 
 9387              	.LASF474:
 9388 2330 5F5F7265 		.string	"__relocate_a<rho_coefficients**, rho_coefficients**, std::allocator<rho_coefficients*> >"
 9388      6C6F6361 
 9388      74655F61 
 9388      3C72686F 
 9388      5F636F65 
 9389              	.LASF240:
 9390 2389 706F696E 		.string	"pointer"
 9390      74657200 
 9391              	.LASF100:
 9392 2391 5F5A5374 		.string	"_ZSt6islessee"
 9392      3669736C 
 9392      65737365 
 9392      6500
 9393              	.LASF618:
 9394 239f 5F5F696E 		.string	"__int128"
 9394      74313238 
 9394      00
 9395              	.LASF565:
 9396 23a8 63686172 		.string	"char32_t"
 9396      33325F74 
 9396      00
 9397              	.LASF253:
 9398 23b1 5F5A4E4B 		.string	"_ZNKSt15__new_allocatorIP16rho_coefficientsE8max_sizeEv"
 9398      53743135 
 9398      5F5F6E65 
 9398      775F616C 
 9398      6C6F6361 
 9399              	.LASF303:
 9400 23e9 5F5A4E53 		.string	"_ZNSt12_Vector_baseIP16rho_coefficientsSaIS1_EEC4ERKS2_"
 9400      7431325F 
 9400      56656374 
 9400      6F725F62 
 9400      61736549 
 9401              	.LASF472:
 9402 2421 5F5A5374 		.string	"_ZSt12__niter_baseIPP16rho_coefficientsET_S3_"
 9402      31325F5F 
 9402      6E697465 
 9402      725F6261 
 9402      73654950 
 9403              	.LASF476:
 9404 244f 5F496E70 		.string	"_InputIterator"
 9404      75744974 
 9404      65726174 
 9404      6F7200
 9405              	.LASF544:
 9406 245e 73686F72 		.string	"short unsigned int"
 9406      7420756E 
 9406      7369676E 
 9406      65642069 
 9406      6E7400
 9407              	.LASF71:
 9408 2471 69736669 		.string	"isfinite"
 9408      6E697465 
GAS LISTING /tmp/ccHMMbxq.s 			page 182


 9408      00
 9409              	.LASF102:
 9410 247a 5F5A5374 		.string	"_ZSt6islessff"
 9410      3669736C 
 9410      65737366 
 9410      6600
 9411              	.LASF541:
 9412 2488 5F5A4E39 		.string	"_ZN9__gnu_cxxmiIPP16rho_coefficientsSt6vectorIS2_SaIS2_EEEENS_17__normal_iteratorIT_T0_E1
 9412      5F5F676E 
 9412      755F6378 
 9412      786D6949 
 9412      50503136 
 9413              	.LASF45:
 9414 24fb 5F5A5374 		.string	"_ZSt5log10e"
 9414      356C6F67 
 9414      31306500 
 9415              	.LASF46:
 9416 2507 5F5A5374 		.string	"_ZSt5log10f"
 9416      356C6F67 
 9416      31306600 
 9417              	.LASF459:
 9418 2513 64696666 		.string	"difference_type"
 9418      6572656E 
 9418      63655F74 
 9418      79706500 
 9419              	.LASF231:
 9420 2523 70747264 		.string	"ptrdiff_t"
 9420      6966665F 
 9420      7400
 9421              	.LASF399:
 9422 252d 6261636B 		.string	"back"
 9422      00
 9423              	.LASF614:
 9424 2532 636F756E 		.string	"count"
 9424      7400
 9425              	.LASF36:
 9426 2538 66726578 		.string	"frexp"
 9426      7000
 9427              	.LASF103:
 9428 253e 69736C65 		.string	"islessequal"
 9428      73736571 
 9428      75616C00 
 9429              	.LASF378:
 9430 254a 72657369 		.string	"resize"
 9430      7A6500
 9431              	.LASF587:
 9432 2551 5F5F6C65 		.string	"__len"
 9432      6E00
 9433              	.LASF345:
 9434 2557 5F5A4E53 		.string	"_ZNSt6vectorIP16rho_coefficientsSaIS1_EED4Ev"
 9434      74367665 
 9434      63746F72 
 9434      49503136 
 9434      72686F5F 
 9435              	.LASF494:
 9436 2584 5F5A4E39 		.string	"_ZN9__gnu_cxx14__alloc_traitsISaIP16rho_coefficientsES2_E17_S_select_on_copyERKS3_"
 9436      5F5F676E 
GAS LISTING /tmp/ccHMMbxq.s 			page 183


 9436      755F6378 
 9436      7831345F 
 9436      5F616C6C 
 9437              	.LASF592:
 9438 25d7 5F5F6F6C 		.string	"__old_finish"
 9438      645F6669 
 9438      6E697368 
 9438      00
 9439              	.LASF464:
 9440 25e4 5F5A5374 		.string	"_ZSt17__throw_bad_allocv"
 9440      31375F5F 
 9440      7468726F 
 9440      775F6261 
 9440      645F616C 
 9441              	.LASF392:
 9442 25fd 5F4D5F72 		.string	"_M_range_check"
 9442      616E6765 
 9442      5F636865 
 9442      636B00
 9443              	.LASF69:
 9444 260c 5F5A5374 		.string	"_ZSt10fpclassifyd"
 9444      31306670 
 9444      636C6173 
 9444      73696679 
 9444      6400
 9445              	.LASF68:
 9446 261e 5F5A5374 		.string	"_ZSt10fpclassifye"
 9446      31306670 
 9446      636C6173 
 9446      73696679 
 9446      6500
 9447              	.LASF70:
 9448 2630 5F5A5374 		.string	"_ZSt10fpclassifyf"
 9448      31306670 
 9448      636C6173 
 9448      73696679 
 9448      6600
 9449              	.LASF65:
 9450 2642 5F5A5374 		.string	"_ZSt4fmodee"
 9450      34666D6F 
 9450      64656500 
 9451              	.LASF370:
 9452 264e 5F5A4E4B 		.string	"_ZNKSt6vectorIP16rho_coefficientsSaIS1_EE4cendEv"
 9452      53743676 
 9452      6563746F 
 9452      72495031 
 9452      3672686F 
 9453              	.LASF421:
 9454 267f 5F5A4E53 		.string	"_ZNSt6vectorIP16rho_coefficientsSaIS1_EE5clearEv"
 9454      74367665 
 9454      63746F72 
 9454      49503136 
 9454      72686F5F 
 9455              	.LASF446:
 9456 26b0 5F4D5F65 		.string	"_M_erase"
 9456      72617365 
 9456      00
GAS LISTING /tmp/ccHMMbxq.s 			page 184


 9457              	.LASF417:
 9458 26b9 5F5A4E53 		.string	"_ZNSt6vectorIP16rho_coefficientsSaIS1_EE5eraseEN9__gnu_cxx17__normal_iteratorIPKS1_S3_EES
 9458      74367665 
 9458      63746F72 
 9458      49503136 
 9458      72686F5F 
 9459              	.LASF335:
 9460 2715 5F5A4E53 		.string	"_ZNSt6vectorIP16rho_coefficientsSaIS1_EEC4EmRKS2_"
 9460      74367665 
 9460      63746F72 
 9460      49503136 
 9460      72686F5F 
 9461              	.LASF615:
 9462 2747 5F5A3370 		.string	"_Z3phill"
 9462      68696C6C 
 9462      00
 9463              	.LASF168:
 9464 2750 5F5A5374 		.string	"_ZSt5log1pe"
 9464      356C6F67 
 9464      31706500 
 9465              	.LASF169:
 9466 275c 5F5A5374 		.string	"_ZSt5log1pf"
 9466      356C6F67 
 9466      31706600 
 9467              	.LASF66:
 9468 2768 5F5A5374 		.string	"_ZSt4fmodff"
 9468      34666D6F 
 9468      64666600 
 9469              	.LASF579:
 9470 2774 5F5F6473 		.string	"__dso_handle"
 9470      6F5F6861 
 9470      6E646C65 
 9470      00
 9471              	.LASF388:
 9472 2781 5F5A4E53 		.string	"_ZNSt6vectorIP16rho_coefficientsSaIS1_EE7reserveEm"
 9472      74367665 
 9472      63746F72 
 9472      49503136 
 9472      72686F5F 
 9473              	.LASF369:
 9474 27b4 63656E64 		.string	"cend"
 9474      00
 9475              	.LASF489:
 9476 27b9 5F5A5374 		.string	"_ZSt3powIdiEN9__gnu_cxx11__promote_2IT_T0_NS0_9__promoteIS2_XsrSt12__is_integerIS2_E7__va
 9476      33706F77 
 9476      49646945 
 9476      4E395F5F 
 9476      676E755F 
 9477              	.LASF397:
 9478 2854 5F5A4E53 		.string	"_ZNSt6vectorIP16rho_coefficientsSaIS1_EE5frontEv"
 9478      74367665 
 9478      63746F72 
 9478      49503136 
 9478      72686F5F 
 9479              	.LASF567:
 9480 2885 72686F5F 		.string	"rho_coefficients"
 9480      636F6566 
GAS LISTING /tmp/ccHMMbxq.s 			page 185


 9480      66696369 
 9480      656E7473 
 9480      00
 9481              	.LASF259:
 9482 2896 616C6C6F 		.string	"allocator<rho_coefficients*>"
 9482      6361746F 
 9482      723C7268 
 9482      6F5F636F 
 9482      65666669 
 9483              	.LASF282:
 9484 28b3 5F4D5F66 		.string	"_M_finish"
 9484      696E6973 
 9484      6800
 9485              	.LASF146:
 9486 28bd 666D6178 		.string	"fmax"
 9486      00
 9487              	.LASF216:
 9488 28c2 6F706572 		.string	"operator()"
 9488      61746F72 
 9488      282900
 9489              	.LASF274:
 9490 28cd 73656C65 		.string	"select_on_container_copy_construction"
 9490      63745F6F 
 9490      6E5F636F 
 9490      6E746169 
 9490      6E65725F 
 9491              	.LASF441:
 9492 28f3 5F5A4E53 		.string	"_ZNSt6vectorIP16rho_coefficientsSaIS1_EE17_S_check_init_lenEmRKS2_"
 9492      74367665 
 9492      63746F72 
 9492      49503136 
 9492      72686F5F 
 9493              	.LASF265:
 9494 2936 5F5A4E53 		.string	"_ZNSaIP16rho_coefficientsEaSERKS1_"
 9494      61495031 
 9494      3672686F 
 9494      5F636F65 
 9494      66666963 
 9495              	.LASF26:
 9496 2959 5F5A5374 		.string	"_ZSt4coshe"
 9496      34636F73 
 9496      686500
 9497              	.LASF27:
 9498 2964 5F5A5374 		.string	"_ZSt4coshf"
 9498      34636F73 
 9498      686600
 9499              	.LASF561:
 9500 296f 5F466C6F 		.string	"_Float64x"
 9500      61743634 
 9500      7800
 9501              	.LASF83:
 9502 2979 69736E6F 		.string	"isnormal"
 9502      726D616C 
 9502      00
 9503              	.LASF220:
 9504 2982 696E7465 		.string	"integral_constant<bool, false>"
 9504      6772616C 
GAS LISTING /tmp/ccHMMbxq.s 			page 186


 9504      5F636F6E 
 9504      7374616E 
 9504      743C626F 
 9505              	.LASF458:
 9506 29a1 69746572 		.string	"iterator_traits<rho_coefficients**>"
 9506      61746F72 
 9506      5F747261 
 9506      6974733C 
 9506      72686F5F 
 9507              	.LASF113:
 9508 29c5 5F5A5374 		.string	"_ZSt11isunordereddd"
 9508      31316973 
 9508      756E6F72 
 9508      64657265 
 9508      64646400 
 9509              	.LASF486:
 9510 29d9 5F5A4E53 		.string	"_ZNSt16allocator_traitsISaIP16rho_coefficientsEE10deallocateERS2_PS1_m"
 9510      74313661 
 9510      6C6C6F63 
 9510      61746F72 
 9510      5F747261 
 9511              	.LASF290:
 9512 2a20 5F5A4E53 		.string	"_ZNSt12_Vector_baseIP16rho_coefficientsSaIS1_EE12_Vector_implC4Ev"
 9512      7431325F 
 9512      56656374 
 9512      6F725F62 
 9512      61736549 
 9513              	.LASF300:
 9514 2a62 5F5A4E4B 		.string	"_ZNKSt12_Vector_baseIP16rho_coefficientsSaIS1_EE13get_allocatorEv"
 9514      53743132 
 9514      5F566563 
 9514      746F725F 
 9514      62617365 
 9515              	.LASF509:
 9516 2aa4 5F5F6E6F 		.string	"__normal_iterator<rho_coefficients**, std::vector<rho_coefficients*, std::allocator<rho_c
 9516      726D616C 
 9516      5F697465 
 9516      7261746F 
 9516      723C7268 
 9517              	.LASF195:
 9518 2b0f 5F5A5374 		.string	"_ZSt6remquoeePi"
 9518      3672656D 
 9518      71756F65 
 9518      65506900 
 9519              	.LASF330:
 9520 2b1f 5F535F72 		.string	"_S_relocate"
 9520      656C6F63 
 9520      61746500 
 9521              	.LASF115:
 9522 2b2b 61636F73 		.string	"acosh"
 9522      6800
 9523              	.LASF623:
 9524 2b31 5F5A4E53 		.string	"_ZNSt16allocator_traitsISaIP16rho_coefficientsEE9constructIS1_JRKS1_EEEvRS2_PT_DpOT0_"
 9524      74313661 
 9524      6C6C6F63 
 9524      61746F72 
 9524      5F747261 
GAS LISTING /tmp/ccHMMbxq.s 			page 187


 9525              	.LASF572:
 9526 2b87 5F5A6E77 		.string	"_Znwm"
 9526      6D00
 9527              	.LASF112:
 9528 2b8d 5F5A5374 		.string	"_ZSt11isunorderedee"
 9528      31316973 
 9528      756E6F72 
 9528      64657265 
 9528      64656500 
 9529              	.LASF479:
 9530 2ba1 5F5A5374 		.string	"_ZSt3minImERKT_S2_S2_"
 9530      336D696E 
 9530      496D4552 
 9530      4B545F53 
 9530      325F5332 
 9531              	.LASF191:
 9532 2bb7 72656D61 		.string	"remainder"
 9532      696E6465 
 9532      7200
 9533              	.LASF25:
 9534 2bc1 636F7368 		.string	"cosh"
 9534      00
 9535              	.LASF150:
 9536 2bc6 5F5A5374 		.string	"_ZSt4fminee"
 9536      34666D69 
 9536      6E656500 
 9537              	.LASF107:
 9538 2bd2 69736C65 		.string	"islessgreater"
 9538      73736772 
 9538      65617465 
 9538      7200
 9539              	.LASF209:
 9540 2be0 7467616D 		.string	"tgamma"
 9540      6D6100
 9541              	.LASF387:
 9542 2be7 72657365 		.string	"reserve"
 9542      72766500 
 9543              	.LASF176:
 9544 2bef 6C72696E 		.string	"lrint"
 9544      7400
 9545              	.LASF248:
 9546 2bf5 5F5A4E53 		.string	"_ZNSt15__new_allocatorIP16rho_coefficientsE8allocateEmPKv"
 9546      7431355F 
 9546      5F6E6577 
 9546      5F616C6C 
 9546      6F636174 
 9547              	.LASF114:
 9548 2c2f 5F5A5374 		.string	"_ZSt11isunorderedff"
 9548      31316973 
 9548      756E6F72 
 9548      64657265 
 9548      64666600 
 9549              	.LASF197:
 9550 2c43 72696E74 		.string	"rint"
 9550      00
 9551              	.LASF517:
 9552 2c48 6F706572 		.string	"operator++"
GAS LISTING /tmp/ccHMMbxq.s 			page 188


 9552      61746F72 
 9552      2B2B00
 9553              	.LASF495:
 9554 2c53 5F535F6F 		.string	"_S_on_swap"
 9554      6E5F7377 
 9554      617000
 9555              	.LASF245:
 9556 2c5e 5F5A4E4B 		.string	"_ZNKSt15__new_allocatorIP16rho_coefficientsE7addressERKS1_"
 9556      53743135 
 9556      5F5F6E65 
 9556      775F616C 
 9556      6C6F6361 
 9557              	.LASF151:
 9558 2c99 5F5A5374 		.string	"_ZSt4fminff"
 9558      34666D69 
 9558      6E666600 
 9559              	.LASF189:
 9560 2ca5 5F5A5374 		.string	"_ZSt10nexttowardee"
 9560      31306E65 
 9560      7874746F 
 9560      77617264 
 9560      656500
 9561              	.LASF376:
 9562 2cb8 5F5A4E4B 		.string	"_ZNKSt6vectorIP16rho_coefficientsSaIS1_EE4sizeEv"
 9562      53743676 
 9562      6563746F 
 9562      72495031 
 9562      3672686F 
 9563              	.LASF319:
 9564 2ce9 5F416C6C 		.string	"_Alloc"
 9564      6F6300
 9565              	.LASF554:
 9566 2cf0 63686172 		.string	"char"
 9566      00
 9567              	.LASF23:
 9568 2cf5 5F5A5374 		.string	"_ZSt3tane"
 9568      3374616E 
 9568      6500
 9569              	.LASF24:
 9570 2cff 5F5A5374 		.string	"_ZSt3tanf"
 9570      3374616E 
 9570      6600
 9571              	.LASF39:
 9572 2d09 6C646578 		.string	"ldexp"
 9572      7000
 9573              	.LASF405:
 9574 2d0f 70757368 		.string	"push_back"
 9574      5F626163 
 9574      6B00
 9575              	.LASF524:
 9576 2d19 6F706572 		.string	"operator+="
 9576      61746F72 
 9576      2B3D00
 9577              	.LASF287:
 9578 2d24 5F5A4E53 		.string	"_ZNSt12_Vector_baseIP16rho_coefficientsSaIS1_EE17_Vector_impl_data12_M_copy_dataERKS4_"
 9578      7431325F 
 9578      56656374 
GAS LISTING /tmp/ccHMMbxq.s 			page 189


 9578      6F725F62 
 9578      61736549 
 9579              	.LASF190:
 9580 2d7b 5F5A5374 		.string	"_ZSt10nexttowardfe"
 9580      31306E65 
 9580      7874746F 
 9580      77617264 
 9580      666500
 9581              	.LASF460:
 9582 2d8e 656E6162 		.string	"enable_if<true, rho_coefficients**>"
 9582      6C655F69 
 9582      663C7472 
 9582      75652C20 
 9582      72686F5F 
 9583              	.LASF200:
 9584 2db2 726F756E 		.string	"round"
 9584      6400
 9585              	.LASF427:
 9586 2db8 5F5A4E53 		.string	"_ZNSt6vectorIP16rho_coefficientsSaIS1_EE14_M_fill_assignEmRKS1_"
 9586      74367665 
 9586      63746F72 
 9586      49503136 
 9586      72686F5F 
 9587              	.LASF410:
 9588 2df8 696E7365 		.string	"insert"
 9588      727400
 9589              	.LASF595:
 9590 2dff 5F5F6E65 		.string	"__new_finish"
 9590      775F6669 
 9590      6E697368 
 9590      00
 9591              	.LASF132:
 9592 2e0c 65726663 		.string	"erfc"
 9592      00
 9593              	.LASF403:
 9594 2e11 5F5A4E53 		.string	"_ZNSt6vectorIP16rho_coefficientsSaIS1_EE4dataEv"
 9594      74367665 
 9594      63746F72 
 9594      49503136 
 9594      72686F5F 
 9595              	.LASF118:
 9596 2e41 6173696E 		.string	"asinh"
 9596      6800
 9597              	.LASF432:
 9598 2e47 5F4D5F73 		.string	"_M_shrink_to_fit"
 9598      6872696E 
 9598      6B5F746F 
 9598      5F666974 
 9598      00
 9599              	.LASF354:
 9600 2e58 5F5A4E53 		.string	"_ZNSt6vectorIP16rho_coefficientsSaIS1_EE5beginEv"
 9600      74367665 
 9600      63746F72 
 9600      49503136 
 9600      72686F5F 
 9601              	.LASF322:
 9602 2e89 5F547970 		.string	"_Type"
GAS LISTING /tmp/ccHMMbxq.s 			page 190


 9602      6500
 9603              	.LASF520:
 9604 2e8f 6F706572 		.string	"operator--"
 9604      61746F72 
 9604      2D2D00
 9605              	.LASF4:
 9606 2e9a 5F5A5374 		.string	"_ZSt3absd"
 9606      33616273 
 9606      6400
 9607              	.LASF2:
 9608 2ea4 5F5A5374 		.string	"_ZSt3abse"
 9608      33616273 
 9608      6500
 9609              	.LASF3:
 9610 2eae 5F5A5374 		.string	"_ZSt3absf"
 9610      33616273 
 9610      6600
 9611              	.LASF53:
 9612 2eb8 5F5A5374 		.string	"_ZSt4sqrte"
 9612      34737172 
 9612      746500
 9613              	.LASF54:
 9614 2ec3 5F5A5374 		.string	"_ZSt4sqrtf"
 9614      34737172 
 9614      746600
 9615              	.LASF6:
 9616 2ece 5F5A5374 		.string	"_ZSt3absl"
 9616      33616273 
 9616      6C00
 9617              	.LASF207:
 9618 2ed8 5F5A5374 		.string	"_ZSt6scalbnei"
 9618      36736361 
 9618      6C626E65 
 9618      6900
 9619              	.LASF528:
 9620 2ee6 6F706572 		.string	"operator-="
 9620      61746F72 
 9620      2D3D00
 9621              	.LASF515:
 9622 2ef1 6F706572 		.string	"operator->"
 9622      61746F72 
 9622      2D3E00
 9623              	.LASF5:
 9624 2efc 5F5A5374 		.string	"_ZSt3absx"
 9624      33616273 
 9624      7800
 9625              	.LASF578:
 9626 2f06 5F5F616C 		.string	"__alloc"
 9626      6C6F6300 
 9627              	.LASF34:
 9628 2f0e 5F5A5374 		.string	"_ZSt3expe"
 9628      33657870 
 9628      6500
 9629              	.LASF35:
 9630 2f18 5F5A5374 		.string	"_ZSt3expf"
 9630      33657870 
 9630      6600
GAS LISTING /tmp/ccHMMbxq.s 			page 191


 9631              	.LASF251:
 9632 2f22 5F5A4E53 		.string	"_ZNSt15__new_allocatorIP16rho_coefficientsE10deallocateEPS1_m"
 9632      7431355F 
 9632      5F6E6577 
 9632      5F616C6C 
 9632      6F636174 
 9633              	.LASF144:
 9634 2f60 5F5A5374 		.string	"_ZSt3fmaeee"
 9634      33666D61 
 9634      65656500 
 9635              	.LASF236:
 9636 2f6c 5F5A4E53 		.string	"_ZNSt15__new_allocatorIP16rho_coefficientsEC4Ev"
 9636      7431355F 
 9636      5F6E6577 
 9636      5F616C6C 
 9636      6F636174 
 9637              	.LASF32:
 9638 2f9c 5F5A5374 		.string	"_ZSt4tanhe"
 9638      3474616E 
 9638      686500
 9639              	.LASF33:
 9640 2fa7 5F5A5374 		.string	"_ZSt4tanhf"
 9640      3474616E 
 9640      686600
 9641              	.LASF278:
 9642 2fb2 5F417267 		.string	"_Args"
 9642      7300
 9643              	.LASF208:
 9644 2fb8 5F5A5374 		.string	"_ZSt6scalbnfi"
 9644      36736361 
 9644      6C626E66 
 9644      6900
 9645              	.LASF192:
 9646 2fc6 5F5A5374 		.string	"_ZSt9remainderee"
 9646      3972656D 
 9646      61696E64 
 9646      65726565 
 9646      00
 9647              	.LASF305:
 9648 2fd7 5F5A4E53 		.string	"_ZNSt12_Vector_baseIP16rho_coefficientsSaIS1_EEC4EmRKS2_"
 9648      7431325F 
 9648      56656374 
 9648      6F725F62 
 9648      61736549 
 9649              	.LASF366:
 9650 3010 5F5A4E4B 		.string	"_ZNKSt6vectorIP16rho_coefficientsSaIS1_EE4rendEv"
 9650      53743676 
 9650      6563746F 
 9650      72495031 
 9650      3672686F 
 9651              	.LASF419:
 9652 3041 5F5A4E53 		.string	"_ZNSt6vectorIP16rho_coefficientsSaIS1_EE4swapERS3_"
 9652      74367665 
 9652      63746F72 
 9652      49503136 
 9652      72686F5F 
 9653              	.LASF482:
GAS LISTING /tmp/ccHMMbxq.s 			page 192


 9654 3074 5F446573 		.string	"_Destroy<rho_coefficients**>"
 9654      74726F79 
 9654      3C72686F 
 9654      5F636F65 
 9654      66666963 
 9655              	.LASF487:
 9656 3091 5F5A5374 		.string	"_ZSt8_DestroyIPP16rho_coefficientsS1_EvT_S3_RSaIT0_E"
 9656      385F4465 
 9656      7374726F 
 9656      79495050 
 9656      31367268 
 9657              	.LASF193:
 9658 30c6 5F5A5374 		.string	"_ZSt9remainderff"
 9658      3972656D 
 9658      61696E64 
 9658      65726666 
 9658      00
 9659              	.LASF95:
 9660 30d7 69736772 		.string	"isgreaterequal"
 9660      65617465 
 9660      72657175 
 9660      616C00
 9661              	.LASF142:
 9662 30e6 5F5A5374 		.string	"_ZSt4fdimee"
 9662      34666469 
 9662      6D656500 
 9663              	.LASF304:
 9664 30f2 5F5A4E53 		.string	"_ZNSt12_Vector_baseIP16rho_coefficientsSaIS1_EEC4Em"
 9664      7431325F 
 9664      56656374 
 9664      6F725F62 
 9664      61736549 
 9665              	.LASF574:
 9666 3126 5F5F6378 		.string	"__cxa_guard_acquire"
 9666      615F6775 
 9666      6172645F 
 9666      61637175 
 9666      69726500 
 9667              	.LASF511:
 9668 313a 5F5A4E39 		.string	"_ZN9__gnu_cxx17__normal_iteratorIPP16rho_coefficientsSt6vectorIS2_SaIS2_EEEC4Ev"
 9668      5F5F676E 
 9668      755F6378 
 9668      7831375F 
 9668      5F6E6F72 
 9669              	.LASF302:
 9670 318a 5F5A4E53 		.string	"_ZNSt12_Vector_baseIP16rho_coefficientsSaIS1_EEC4Ev"
 9670      7431325F 
 9670      56656374 
 9670      6F725F62 
 9670      61736549 
 9671              	.LASF149:
 9672 31be 666D696E 		.string	"fmin"
 9672      00
 9673              	.LASF272:
 9674 31c3 636F6E73 		.string	"const_void_pointer"
 9674      745F766F 
 9674      69645F70 
GAS LISTING /tmp/ccHMMbxq.s 			page 193


 9674      6F696E74 
 9674      657200
 9675              	.LASF246:
 9676 31d6 636F6E73 		.string	"const_reference"
 9676      745F7265 
 9676      66657265 
 9676      6E636500 
 9677              	.LASF298:
 9678 31e6 5F5A4E4B 		.string	"_ZNKSt12_Vector_baseIP16rho_coefficientsSaIS1_EE19_M_get_Tp_allocatorEv"
 9678      53743132 
 9678      5F566563 
 9678      746F725F 
 9678      62617365 
 9679              	.LASF254:
 9680 322e 5F4D5F6D 		.string	"_M_max_size"
 9680      61785F73 
 9680      697A6500 
 9681              	.LASF478:
 9682 323a 6D696E3C 		.string	"min<long unsigned int>"
 9682      6C6F6E67 
 9682      20756E73 
 9682      69676E65 
 9682      6420696E 
 9683              	.LASF569:
 9684 3251 6F706572 		.string	"operator delete"
 9684      61746F72 
 9684      2064656C 
 9684      65746500 
 9685              	.LASF391:
 9686 3261 5F5A4E4B 		.string	"_ZNKSt6vectorIP16rho_coefficientsSaIS1_EEixEm"
 9686      53743676 
 9686      6563746F 
 9686      72495031 
 9686      3672686F 
 9687              	.LASF540:
 9688 328f 6F706572 		.string	"operator-<rho_coefficients**, std::vector<rho_coefficients*> >"
 9688      61746F72 
 9688      2D3C7268 
 9688      6F5F636F 
 9688      65666669 
 9689              	.LASF545:
 9690 32ce 6C6F6E67 		.string	"long unsigned int"
 9690      20756E73 
 9690      69676E65 
 9690      6420696E 
 9690      7400
 9691              	.LASF139:
 9692 32e0 5F5A5374 		.string	"_ZSt5expm1e"
 9692      35657870 
 9692      6D316500 
 9693              	.LASF140:
 9694 32ec 5F5A5374 		.string	"_ZSt5expm1f"
 9694      35657870 
 9694      6D316600 
 9695              	.LASF62:
 9696 32f8 5F5A5374 		.string	"_ZSt5floore"
 9696      35666C6F 
GAS LISTING /tmp/ccHMMbxq.s 			page 194


 9696      6F726500 
 9697              	.LASF63:
 9698 3304 5F5A5374 		.string	"_ZSt5floorf"
 9698      35666C6F 
 9698      6F726600 
 9699              	.LASF481:
 9700 3310 5F5A5374 		.string	"_ZSt3maxImERKT_S2_S2_"
 9700      336D6178 
 9700      496D4552 
 9700      4B545F53 
 9700      325F5332 
 9701              	.LASF212:
 9702 3326 7472756E 		.string	"trunc"
 9702      6300
 9703              	.LASF525:
 9704 332c 5F5A4E39 		.string	"_ZN9__gnu_cxx17__normal_iteratorIPP16rho_coefficientsSt6vectorIS2_SaIS2_EEEpLEl"
 9704      5F5F676E 
 9704      755F6378 
 9704      7831375F 
 9704      5F6E6F72 
 9705              	.LASF147:
 9706 337c 5F5A5374 		.string	"_ZSt4fmaxee"
 9706      34666D61 
 9706      78656500 
 9707              	.LASF413:
 9708 3388 5F5A4E53 		.string	"_ZNSt6vectorIP16rho_coefficientsSaIS1_EE6insertEN9__gnu_cxx17__normal_iteratorIPKS1_S3_EE
 9708      74367665 
 9708      63746F72 
 9708      49503136 
 9708      72686F5F 
 9709              	.LASF14:
 9710 33fb 5F5A5374 		.string	"_ZSt4atane"
 9710      34617461 
 9710      6E6500
 9711              	.LASF15:
 9712 3406 5F5A5374 		.string	"_ZSt4atanf"
 9712      34617461 
 9712      6E6600
 9713              	.LASF105:
 9714 3411 5F5A5374 		.string	"_ZSt11islessequaldd"
 9714      31316973 
 9714      6C657373 
 9714      65717561 
 9714      6C646400 
 9715              	.LASF588:
 9716 3425 5F5A4E39 		.string	"_ZN9__gnu_cxx17__normal_iteratorIPP16rho_coefficientsSt6vectorIS2_SaIS2_EEEC2ERKS3_"
 9716      5F5F676E 
 9716      755F6378 
 9716      7831375F 
 9716      5F6E6F72 
 9717              	.LASF606:
 9718 3479 7A657461 		.string	"zeta"
 9718      00
 9719              	.LASF415:
 9720 347e 65726173 		.string	"erase"
 9720      6500
 9721              	.LASF552:
GAS LISTING /tmp/ccHMMbxq.s 			page 195


 9722 3484 646F7562 		.string	"double"
 9722      6C6500
 9723              	.LASF234:
 9724 348b 5F466F72 		.string	"_ForwardIterator"
 9724      77617264 
 9724      49746572 
 9724      61746F72 
 9724      00
 9725              	.LASF148:
 9726 349c 5F5A5374 		.string	"_ZSt4fmaxff"
 9726      34666D61 
 9726      78666600 
 9727              	.LASF104:
 9728 34a8 5F5A5374 		.string	"_ZSt11islessequalee"
 9728      31316973 
 9728      6C657373 
 9728      65717561 
 9728      6C656500 
 9729              	.LASF170:
 9730 34bc 6C6F6732 		.string	"log2"
 9730      00
 9731              	.LASF412:
 9732 34c1 5F5A4E53 		.string	"_ZNSt6vectorIP16rho_coefficientsSaIS1_EE6insertEN9__gnu_cxx17__normal_iteratorIPKS1_S3_EE
 9732      74367665 
 9732      63746F72 
 9732      49503136 
 9732      72686F5F 
 9733              	.LASF473:
 9734 351f 5F497465 		.string	"_Iterator"
 9734      7261746F 
 9734      7200
 9735              	.LASF422:
 9736 3529 5F4D5F66 		.string	"_M_fill_initialize"
 9736      696C6C5F 
 9736      696E6974 
 9736      69616C69 
 9736      7A6500
 9737              	.LASF188:
 9738 353c 6E657874 		.string	"nexttoward"
 9738      746F7761 
 9738      726400
 9739              	.LASF402:
 9740 3547 64617461 		.string	"data"
 9740      00
 9741              	.LASF173:
 9742 354c 6C6F6762 		.string	"logb"
 9742      00
 9743              	.LASF435:
 9744 3551 5F5A4E53 		.string	"_ZNSt6vectorIP16rho_coefficientsSaIS1_EE14_M_insert_rvalEN9__gnu_cxx17__normal_iteratorIP
 9744      74367665 
 9744      63746F72 
 9744      49503136 
 9744      72686F5F 
 9745              	.LASF438:
 9746 35b8 5F4D5F63 		.string	"_M_check_len"
 9746      6865636B 
 9746      5F6C656E 
GAS LISTING /tmp/ccHMMbxq.s 			page 196


 9746      00
 9747              	.LASF106:
 9748 35c5 5F5A5374 		.string	"_ZSt11islessequalff"
 9748      31316973 
 9748      6C657373 
 9748      65717561 
 9748      6C666600 
 9749              	.LASF594:
 9750 35d9 5F5F6E65 		.string	"__new_start"
 9750      775F7374 
 9750      61727400 
 9751              	.LASF590:
 9752 35e5 5F5F706F 		.string	"__position"
 9752      73697469 
 9752      6F6E00
 9753              	.LASF616:
 9754 35f0 5F5A3250 		.string	"_Z2P1l"
 9754      316C00
 9755              	.LASF356:
 9756 35f7 5F5A4E4B 		.string	"_ZNKSt6vectorIP16rho_coefficientsSaIS1_EE5beginEv"
 9756      53743676 
 9756      6563746F 
 9756      72495031 
 9756      3672686F 
 9757              	.LASF532:
 9758 3629 62617365 		.string	"base"
 9758      00
 9759              	.LASF599:
 9760 362e 5F5A4E53 		.string	"_ZNSaIP16rho_coefficientsEC2Ev"
 9760      61495031 
 9760      3672686F 
 9760      5F636F65 
 9760      66666963 
 9761              	.LASF309:
 9762 364d 5F5A4E53 		.string	"_ZNSt12_Vector_baseIP16rho_coefficientsSaIS1_EEC4ERKS2_OS3_"
 9762      7431325F 
 9762      56656374 
 9762      6F725F62 
 9762      61736549 
 9763              	.LASF485:
 9764 3689 5F446573 		.string	"_Destroy<rho_coefficients**, rho_coefficients*>"
 9764      74726F79 
 9764      3C72686F 
 9764      5F636F65 
 9764      66666963 
 9765              	.LASF128:
 9766 36b9 5F5A5374 		.string	"_ZSt8copysignee"
 9766      38636F70 
 9766      79736967 
 9766      6E656500 
 9767              	.LASF164:
 9768 36c9 6C6C726F 		.string	"llround"
 9768      756E6400 
 9769              	.LASF452:
 9770 36d1 5F4D5F72 		.string	"_M_realloc_insert<rho_coefficients* const&>"
 9770      65616C6C 
 9770      6F635F69 
GAS LISTING /tmp/ccHMMbxq.s 			page 197


 9770      6E736572 
 9770      743C7268 
 9771              	.LASF625:
 9772 36fd 5F5A4E53 		.string	"_ZNSt6vectorIP16rho_coefficientsSaIS1_EE15_S_use_relocateEv"
 9772      74367665 
 9772      63746F72 
 9772      49503136 
 9772      72686F5F 
 9773              	.LASF145:
 9774 3739 5F5A5374 		.string	"_ZSt3fmafff"
 9774      33666D61 
 9774      66666600 
 9775              	.LASF377:
 9776 3745 5F5A4E4B 		.string	"_ZNKSt6vectorIP16rho_coefficientsSaIS1_EE8max_sizeEv"
 9776      53743676 
 9776      6563746F 
 9776      72495031 
 9776      3672686F 
 9777              	.LASF445:
 9778 377a 5F5A4E53 		.string	"_ZNSt6vectorIP16rho_coefficientsSaIS1_EE15_M_erase_at_endEPS1_"
 9778      74367665 
 9778      63746F72 
 9778      49503136 
 9778      72686F5F 
 9779              	.LASF237:
 9780 37b9 5F5A4E53 		.string	"_ZNSt15__new_allocatorIP16rho_coefficientsEC4ERKS2_"
 9780      7431355F 
 9780      5F6E6577 
 9780      5F616C6C 
 9780      6F636174 
 9781              	.LASF385:
 9782 37ed 656D7074 		.string	"empty"
 9782      7900
 9783              	.LASF129:
 9784 37f3 5F5A5374 		.string	"_ZSt8copysignff"
 9784      38636F70 
 9784      79736967 
 9784      6E666600 
 9785              	.LASF386:
 9786 3803 5F5A4E4B 		.string	"_ZNKSt6vectorIP16rho_coefficientsSaIS1_EE5emptyEv"
 9786      53743676 
 9786      6563746F 
 9786      72495031 
 9786      3672686F 
 9787              	.LASF607:
 9788 3835 73617665 		.string	"saved_coefficients"
 9788      645F636F 
 9788      65666669 
 9788      6369656E 
 9788      747300
 9789              	.LASF326:
 9790 3848 5F5A4E53 		.string	"_ZNSt6vectorIP16rho_coefficientsSaIS1_EE19_S_nothrow_relocateESt17integral_constantIbLb0E
 9790      74367665 
 9790      63746F72 
 9790      49503136 
 9790      72686F5F 
 9791              	.LASF201:
GAS LISTING /tmp/ccHMMbxq.s 			page 198


 9792 38a3 5F5A5374 		.string	"_ZSt5rounde"
 9792      35726F75 
 9792      6E646500 
 9793              	.LASF202:
 9794 38af 5F5A5374 		.string	"_ZSt5roundf"
 9794      35726F75 
 9794      6E646600 
 9795              	.LASF64:
 9796 38bb 666D6F64 		.string	"fmod"
 9796      00
 9797              	.LASF37:
 9798 38c0 5F5A5374 		.string	"_ZSt5frexpePi"
 9798      35667265 
 9798      78706550 
 9798      6900
 9799              	.LASF501:
 9800 38ce 5F535F70 		.string	"_S_propagate_on_swap"
 9800      726F7061 
 9800      67617465 
 9800      5F6F6E5F 
 9800      73776170 
 9801              	.LASF450:
 9802 38e3 5F5A4E53 		.string	"_ZNSt6vectorIP16rho_coefficientsSaIS1_EE14_M_move_assignEOS3_St17integral_constantIbLb1EE
 9802      74367665 
 9802      63746F72 
 9802      49503136 
 9802      72686F5F 
 9803              	.LASF361:
 9804 393d 5F5A4E53 		.string	"_ZNSt6vectorIP16rho_coefficientsSaIS1_EE6rbeginEv"
 9804      74367665 
 9804      63746F72 
 9804      49503136 
 9804      72686F5F 
 9805              	.LASF424:
 9806 396f 5F4D5F64 		.string	"_M_default_initialize"
 9806      65666175 
 9806      6C745F69 
 9806      6E697469 
 9806      616C697A 
 9807              	.LASF546:
 9808 3985 6C6F6E67 		.string	"long long unsigned int"
 9808      206C6F6E 
 9808      6720756E 
 9808      7369676E 
 9808      65642069 
 9809              	.LASF467:
 9810 399c 5F5A5374 		.string	"_ZSt20__throw_length_errorPKc"
 9810      32305F5F 
 9810      7468726F 
 9810      775F6C65 
 9810      6E677468 
 9811              	.LASF401:
 9812 39ba 5F5A4E4B 		.string	"_ZNKSt6vectorIP16rho_coefficientsSaIS1_EE4backEv"
 9812      53743676 
 9812      6563746F 
 9812      72495031 
 9812      3672686F 
GAS LISTING /tmp/ccHMMbxq.s 			page 199


 9813              	.LASF440:
 9814 39eb 5F535F63 		.string	"_S_check_init_len"
 9814      6865636B 
 9814      5F696E69 
 9814      745F6C65 
 9814      6E00
 9815              	.LASF448:
 9816 39fd 5F5A4E53 		.string	"_ZNSt6vectorIP16rho_coefficientsSaIS1_EE8_M_eraseEN9__gnu_cxx17__normal_iteratorIPS1_S3_E
 9816      74367665 
 9816      63746F72 
 9816      49503136 
 9816      72686F5F 
 9817              	.LASF470:
 9818 3a5b 5F5A5374 		.string	"_ZSt14__relocate_a_1IP16rho_coefficientsS1_ENSt9enable_ifIXsrSt24__is_bitwise_relocatable
 9818      31345F5F 
 9818      72656C6F 
 9818      63617465 
 9818      5F615F31 
 9819              	.LASF31:
 9820 3add 74616E68 		.string	"tanh"
 9820      00
 9821              	.LASF310:
 9822 3ae2 7E5F5665 		.string	"~_Vector_base"
 9822      63746F72 
 9822      5F626173 
 9822      6500
 9823              	.LASF48:
 9824 3af0 5F5A5374 		.string	"_ZSt4modfePe"
 9824      346D6F64 
 9824      66655065 
 9824      00
 9825              	.LASF627:
 9826 3afd 4E554D42 		.string	"NUMBER_OF_COEFFICIENTS"
 9826      45525F4F 
 9826      465F434F 
 9826      45464649 
 9826      4349454E 
 9827              	.LASF276:
 9828 3b14 72656269 		.string	"rebind_alloc"
 9828      6E645F61 
 9828      6C6C6F63 
 9828      00
 9829              	.LASF454:
 9830 3b21 5F5F7479 		.string	"__type_identity_t"
 9830      70655F69 
 9830      64656E74 
 9830      6974795F 
 9830      7400
 9831              	.LASF141:
 9832 3b33 6664696D 		.string	"fdim"
 9832      00
 9833              	.LASF315:
 9834 3b38 5F4D5F64 		.string	"_M_deallocate"
 9834      65616C6C 
 9834      6F636174 
 9834      6500
 9835              	.LASF232:
GAS LISTING /tmp/ccHMMbxq.s 			page 200


 9836 3b46 74727565 		.string	"true_type"
 9836      5F747970 
 9836      6500
 9837              	.LASF583:
 9838 3b50 5F5F6469 		.string	"__diffmax"
 9838      66666D61 
 9838      7800
 9839              	.LASF153:
 9840 3b5a 5F5A5374 		.string	"_ZSt5hypotee"
 9840      35687970 
 9840      6F746565 
 9840      00
 9841              	.LASF13:
 9842 3b67 6174616E 		.string	"atan"
 9842      00
 9843              	.LASF271:
 9844 3b6c 5F5A4E53 		.string	"_ZNSt16allocator_traitsISaIP16rho_coefficientsEE8allocateERS2_mPKv"
 9844      74313661 
 9844      6C6C6F63 
 9844      61746F72 
 9844      5F747261 
 9845              	.LASF294:
 9846 3baf 5F5A4E53 		.string	"_ZNSt12_Vector_baseIP16rho_coefficientsSaIS1_EE12_Vector_implC4EOS2_OS4_"
 9846      7431325F 
 9846      56656374 
 9846      6F725F62 
 9846      61736549 
 9847              	.LASF122:
 9848 3bf8 5F5A5374 		.string	"_ZSt5atanhe"
 9848      35617461 
 9848      6E686500 
 9849              	.LASF123:
 9850 3c04 5F5A5374 		.string	"_ZSt5atanhf"
 9850      35617461 
 9850      6E686600 
 9851              	.LASF329:
 9852 3c10 5F5A4E53 		.string	"_ZNSt6vectorIP16rho_coefficientsSaIS1_EE14_S_do_relocateEPS1_S4_S4_RS2_St17integral_const
 9852      74367665 
 9852      63746F72 
 9852      49503136 
 9852      72686F5F 
 9853              	.LASF179:
 9854 3c74 6C726F75 		.string	"lround"
 9854      6E6400
 9855              	.LASF551:
 9856 3c7b 6C6F6E67 		.string	"long double"
 9856      20646F75 
 9856      626C6500 
 9857              	.LASF235:
 9858 3c87 5F5F6E65 		.string	"__new_allocator"
 9858      775F616C 
 9858      6C6F6361 
 9858      746F7200 
 9859              	.LASF334:
 9860 3c97 5F5A4E53 		.string	"_ZNSt6vectorIP16rho_coefficientsSaIS1_EEC4ERKS2_"
 9860      74367665 
 9860      63746F72 
GAS LISTING /tmp/ccHMMbxq.s 			page 201


 9860      49503136 
 9860      72686F5F 
 9861              	.LASF510:
 9862 3cc8 5F5F6E6F 		.string	"__normal_iterator"
 9862      726D616C 
 9862      5F697465 
 9862      7261746F 
 9862      7200
 9863              	.LASF154:
 9864 3cda 5F5A5374 		.string	"_ZSt5hypotff"
 9864      35687970 
 9864      6F746666 
 9864      00
 9865              	.LASF384:
 9866 3ce7 5F5A4E4B 		.string	"_ZNKSt6vectorIP16rho_coefficientsSaIS1_EE8capacityEv"
 9866      53743676 
 9866      6563746F 
 9866      72495031 
 9866      3672686F 
 9867              	.LASF596:
 9868 3d1c 5F5F696E 		.string	"__in_chrg"
 9868      5F636872 
 9868      6700
 9869              	.LASF99:
 9870 3d26 69736C65 		.string	"isless"
 9870      737300
 9871              	.LASF158:
 9872 3d2d 6C67616D 		.string	"lgamma"
 9872      6D6100
 9873              	.LASF56:
 9874 3d34 5F5A5374 		.string	"_ZSt4ceile"
 9874      34636569 
 9874      6C6500
 9875              	.LASF57:
 9876 3d3f 5F5A5374 		.string	"_ZSt4ceilf"
 9876      34636569 
 9876      6C6600
 9877              	.LASF475:
 9878 3d4a 5F5A5374 		.string	"_ZSt12__relocate_aIPP16rho_coefficientsS2_SaIS1_EET0_T_S5_S4_RT1_"
 9878      31325F5F 
 9878      72656C6F 
 9878      63617465 
 9878      5F614950 
 9879              	.LASF593:
 9880 3d8c 5F5F656C 		.string	"__elems_before"
 9880      656D735F 
 9880      6265666F 
 9880      726500
 9881              	.LASF337:
 9882 3d9b 5F5A4E53 		.string	"_ZNSt6vectorIP16rho_coefficientsSaIS1_EEC4ERKS3_"
 9882      74367665 
 9882      63746F72 
 9882      49503136 
 9882      72686F5F 
 9883              	.LASF550:
 9884 3dcc 6C6F6E67 		.string	"long long int"
 9884      206C6F6E 
GAS LISTING /tmp/ccHMMbxq.s 			page 202


 9884      6720696E 
 9884      7400
 9885              	.LASF484:
 9886 3dda 5F5A5374 		.string	"_ZSt8_DestroyIPP16rho_coefficientsEvT_S3_"
 9886      385F4465 
 9886      7374726F 
 9886      79495050 
 9886      31367268 
 9887              	.LASF461:
 9888 3e04 5F535F75 		.string	"_S_use_relocate"
 9888      73655F72 
 9888      656C6F63 
 9888      61746500 
 9889              	.LASF289:
 9890 3e14 5F566563 		.string	"_Vector_impl"
 9890      746F725F 
 9890      696D706C 
 9890      00
 9891              	.LASF10:
 9892 3e21 6173696E 		.string	"asin"
 9892      00
 9893              	.LASF261:
 9894 3e26 5F5A4E53 		.string	"_ZNSaIP16rho_coefficientsEC4Ev"
 9894      61495031 
 9894      3672686F 
 9894      5F636F65 
 9894      66666963 
 9895              	.LASF404:
 9896 3e45 5F5A4E4B 		.string	"_ZNKSt6vectorIP16rho_coefficientsSaIS1_EE4dataEv"
 9896      53743676 
 9896      6563746F 
 9896      72495031 
 9896      3672686F 
 9897              	.LASF40:
 9898 3e76 5F5A5374 		.string	"_ZSt5ldexpei"
 9898      356C6465 
 9898      78706569 
 9898      00
 9899              	.LASF19:
 9900 3e83 5F5A5374 		.string	"_ZSt3cose"
 9900      33636F73 
 9900      6500
 9901              	.LASF20:
 9902 3e8d 5F5A5374 		.string	"_ZSt3cosf"
 9902      33636F73 
 9902      6600
 9903              	.LASF613:
 9904 3e97 5F5A4E53 		.string	"_ZNSt12_Vector_baseIP16rho_coefficientsSaIS1_EE12_Vector_implD2Ev"
 9904      7431325F 
 9904      56656374 
 9904      6F725F62 
 9904      61736549 
 9905              	.LASF355:
 9906 3ed9 636F6E73 		.string	"const_iterator"
 9906      745F6974 
 9906      65726174 
 9906      6F7200
GAS LISTING /tmp/ccHMMbxq.s 			page 203


 9907              	.LASF380:
 9908 3ee8 5F5A4E53 		.string	"_ZNSt6vectorIP16rho_coefficientsSaIS1_EE6resizeEmRKS1_"
 9908      74367665 
 9908      63746F72 
 9908      49503136 
 9908      72686F5F 
 9909              	.LASF281:
 9910 3f1f 5F4D5F73 		.string	"_M_start"
 9910      74617274 
 9910      00
 9911              	.LASF463:
 9912 3f28 5F5F7468 		.string	"__throw_bad_array_new_length"
 9912      726F775F 
 9912      6261645F 
 9912      61727261 
 9912      795F6E65 
 9913              	.LASF336:
 9914 3f45 5F5A4E53 		.string	"_ZNSt6vectorIP16rho_coefficientsSaIS1_EEC4EmRKS1_RKS2_"
 9914      74367665 
 9914      63746F72 
 9914      49503136 
 9914      72686F5F 
 9915              	.LASF505:
 9916 3f7c 5F535F6E 		.string	"_S_nothrow_move"
 9916      6F746872 
 9916      6F775F6D 
 9916      6F766500 
 9917              	.LASF506:
 9918 3f8c 5F5A4E39 		.string	"_ZN9__gnu_cxx14__alloc_traitsISaIP16rho_coefficientsES2_E15_S_nothrow_moveEv"
 9918      5F5F676E 
 9918      755F6378 
 9918      7831345F 
 9918      5F616C6C 
 9919              	.LASF499:
 9920 3fd9 5F535F70 		.string	"_S_propagate_on_move_assign"
 9920      726F7061 
 9920      67617465 
 9920      5F6F6E5F 
 9920      6D6F7665 
 9921              	.LASF255:
 9922 3ff5 5F5A4E4B 		.string	"_ZNKSt15__new_allocatorIP16rho_coefficientsE11_M_max_sizeEv"
 9922      53743135 
 9922      5F5F6E65 
 9922      775F616C 
 9922      6C6F6361 
 9923              	.LASF488:
 9924 4031 706F773C 		.string	"pow<double, int>"
 9924      646F7562 
 9924      6C652C20 
 9924      696E743E 
 9924      00
 9925              	.LASF325:
 9926 4042 5F5A4E53 		.string	"_ZNSt6vectorIP16rho_coefficientsSaIS1_EE19_S_nothrow_relocateESt17integral_constantIbLb1E
 9926      74367665 
 9926      63746F72 
 9926      49503136 
 9926      72686F5F 
GAS LISTING /tmp/ccHMMbxq.s 			page 204


 9927              	.LASF41:
 9928 409d 5F5A5374 		.string	"_ZSt5ldexpfi"
 9928      356C6465 
 9928      78706669 
 9928      00
 9929              	.LASF414:
 9930 40aa 5F5A4E53 		.string	"_ZNSt6vectorIP16rho_coefficientsSaIS1_EE6insertEN9__gnu_cxx17__normal_iteratorIPKS1_S3_EE
 9930      74367665 
 9930      63746F72 
 9930      49503136 
 9930      72686F5F 
 9931              	.LASF38:
 9932 4109 5F5A5374 		.string	"_ZSt5frexpfPi"
 9932      35667265 
 9932      78706650 
 9932      6900
 9933              	.LASF296:
 9934 4117 5F4D5F67 		.string	"_M_get_Tp_allocator"
 9934      65745F54 
 9934      705F616C 
 9934      6C6F6361 
 9934      746F7200 
 9935              	.LASF357:
 9936 412b 5F5A4E53 		.string	"_ZNSt6vectorIP16rho_coefficientsSaIS1_EE3endEv"
 9936      74367665 
 9936      63746F72 
 9936      49503136 
 9936      72686F5F 
 9937              	.LASF241:
 9938 415a 72656665 		.string	"reference"
 9938      72656E63 
 9938      6500
 9939              	.LASF409:
 9940 4164 5F5A4E53 		.string	"_ZNSt6vectorIP16rho_coefficientsSaIS1_EE8pop_backEv"
 9940      74367665 
 9940      63746F72 
 9940      49503136 
 9940      72686F5F 
 9941              	.LASF323:
 9942 4198 76656374 		.string	"vector<rho_coefficients*, std::allocator<rho_coefficients*> >"
 9942      6F723C72 
 9942      686F5F63 
 9942      6F656666 
 9942      69636965 
 9943              	.LASF577:
 9944 41d6 5F5F7265 		.string	"__result"
 9944      73756C74 
 9944      00
 9945              	.LASF514:
 9946 41df 5F5A4E4B 		.string	"_ZNK9__gnu_cxx17__normal_iteratorIPP16rho_coefficientsSt6vectorIS2_SaIS2_EEEdeEv"
 9946      395F5F67 
 9946      6E755F63 
 9946      78783137 
 9946      5F5F6E6F 
 9947              	.LASF49:
 9948 4230 5F5A5374 		.string	"_ZSt4modffPf"
 9948      346D6F64 
GAS LISTING /tmp/ccHMMbxq.s 			page 205


 9948      66665066 
 9948      00
 9949              	.LASF186:
 9950 423d 5F5A5374 		.string	"_ZSt9nextafteree"
 9950      396E6578 
 9950      74616674 
 9950      65726565 
 9950      00
 9951              	.LASF381:
 9952 424e 73687269 		.string	"shrink_to_fit"
 9952      6E6B5F74 
 9952      6F5F6669 
 9952      7400
 9953              	.LASF130:
 9954 425c 5F5A5374 		.string	"_ZSt3erfe"
 9954      33657266 
 9954      6500
 9955              	.LASF131:
 9956 4266 5F5A5374 		.string	"_ZSt3erff"
 9956      33657266 
 9956      6600
 9957              	.LASF342:
 9958 4270 5F5A4E53 		.string	"_ZNSt6vectorIP16rho_coefficientsSaIS1_EEC4EOS3_RKS2_"
 9958      74367665 
 9958      63746F72 
 9958      49503136 
 9958      72686F5F 
 9959              	.LASF542:
 9960 42a5 756E7369 		.string	"unsigned int"
 9960      676E6564 
 9960      20696E74 
 9960      00
 9961              	.LASF570:
 9962 42b2 5F5A646C 		.string	"_ZdlPvm"
 9962      50766D00 
 9963              	.LASF187:
 9964 42ba 5F5A5374 		.string	"_ZSt9nextafterff"
 9964      396E6578 
 9964      74616674 
 9964      65726666 
 9964      00
 9965              	.LASF21:
 9966 42cb 5F5A5374 		.string	"_ZSt3sine"
 9966      3373696E 
 9966      6500
 9967              	.LASF22:
 9968 42d5 5F5A5374 		.string	"_ZSt3sinf"
 9968      3373696E 
 9968      6600
 9969              	.LASF280:
 9970 42df 5F566563 		.string	"_Vector_impl_data"
 9970      746F725F 
 9970      696D706C 
 9970      5F646174 
 9970      6100
 9971              	.LASF516:
 9972 42f1 5F5A4E4B 		.string	"_ZNK9__gnu_cxx17__normal_iteratorIPP16rho_coefficientsSt6vectorIS2_SaIS2_EEEptEv"
GAS LISTING /tmp/ccHMMbxq.s 			page 206


 9972      395F5F67 
 9972      6E755F63 
 9972      78783137 
 9972      5F5F6E6F 
 9973              	.LASF568:
 9974 4342 5F5A4E31 		.string	"_ZN16rho_coefficientsixEi"
 9974      3672686F 
 9974      5F636F65 
 9974      66666963 
 9974      69656E74 
 9975              	.LASF328:
 9976 435c 5F5A4E53 		.string	"_ZNSt6vectorIP16rho_coefficientsSaIS1_EE14_S_do_relocateEPS1_S4_S4_RS2_St17integral_const
 9976      74367665 
 9976      63746F72 
 9976      49503136 
 9976      72686F5F 
 9977              	.LASF548:
 9978 43c0 73686F72 		.string	"short int"
 9978      7420696E 
 9978      7400
 9979              	.LASF353:
 9980 43ca 62656769 		.string	"begin"
 9980      6E00
 9981              	.LASF291:
 9982 43d0 5F5A4E53 		.string	"_ZNSt12_Vector_baseIP16rho_coefficientsSaIS1_EE12_Vector_implC4ERKS2_"
 9982      7431325F 
 9982      56656374 
 9982      6F725F62 
 9982      61736549 
 9983              	.LASF466:
 9984 4416 5F5F7468 		.string	"__throw_length_error"
 9984      726F775F 
 9984      6C656E67 
 9984      74685F65 
 9984      72726F72 
 9985              	.LASF604:
 9986 442b 6469636B 		.string	"dickman_rho"
 9986      6D616E5F 
 9986      72686F00 
 9987              	.LASF371:
 9988 4437 63726265 		.string	"crbegin"
 9988      67696E00 
 9989              	.LASF52:
 9990 443f 73717274 		.string	"sqrt"
 9990      00
 9991              	.LASF523:
 9992 4444 5F5A4E4B 		.string	"_ZNK9__gnu_cxx17__normal_iteratorIPP16rho_coefficientsSt6vectorIS2_SaIS2_EEEixEl"
 9992      395F5F67 
 9992      6E755F63 
 9992      78783137 
 9992      5F5F6E6F 
 9993              	.LASF598:
 9994 4495 5F5A4E53 		.string	"_ZNSt12_Vector_baseIP16rho_coefficientsSaIS1_EE17_Vector_impl_dataC2Ev"
 9994      7431325F 
 9994      56656374 
 9994      6F725F62 
 9994      61736549 
GAS LISTING /tmp/ccHMMbxq.s 			page 207


 9995              	.LASF368:
 9996 44dc 5F5A4E4B 		.string	"_ZNKSt6vectorIP16rho_coefficientsSaIS1_EE6cbeginEv"
 9996      53743676 
 9996      6563746F 
 9996      72495031 
 9996      3672686F 
 9997              	.LASF346:
 9998 450f 5F5A4E53 		.string	"_ZNSt6vectorIP16rho_coefficientsSaIS1_EEaSERKS3_"
 9998      74367665 
 9998      63746F72 
 9998      49503136 
 9998      72686F5F 
 9999              	.LASF620:
 10000 4540 474E5520 		.ascii	"GNU C++14 13.3.0 -march=znver3 -mmmx -mpopcnt -msse -msse2 -"
 10000      432B2B31 
 10000      34203133 
 10000      2E332E30 
 10000      202D6D61 
 10001 457c 6D737365 		.ascii	"msse3 -mssse3 -msse4.1 -msse4.2 -mavx -mavx2 -msse4a -mno-fm"
 10001      33202D6D 
 10001      73737365 
 10001      33202D6D 
 10001      73736534 
 10002 45b8 6134202D 		.ascii	"a4 -mno-xop -mno-avx512f -mbmi -mbmi2 -maes -mpclmul -mno-av"
 10002      6D6E6F2D 
 10002      786F7020 
 10002      2D6D6E6F 
 10002      2D617678 
 10003 45f4 78353132 		.ascii	"x512vl -mno-avx512bw -mno-avx512dq -mno-avx512cd -mno-avx512"
 10003      766C202D 
 10003      6D6E6F2D 
 10003      61767835 
 10003      31326277 
 10004 4630 6572202D 		.ascii	"er -mno-avx512pf -mno-avx512vbmi -mno-avx512ifma -mno-avx512"
 10004      6D6E6F2D 
 10004      61767835 
 10004      31327066 
 10004      202D6D6E 
 10005 466c 34766E6E 		.ascii	"4vnniw -mno-avx5124fmaps -mno-avx512vpopcntdq -mno-avx512vbm"
 10005      6977202D 
 10005      6D6E6F2D 
 10005      61767835 
 10005      31323466 
 10006 46a8 6932202D 		.ascii	"i2 -mno-gfni -mvpclmulqdq -mno-avx512vnni -mno-avx512bitalg "
 10006      6D6E6F2D 
 10006      67666E69 
 10006      202D6D76 
 10006      70636C6D 
 10007 46e4 2D6D6E6F 		.ascii	"-mno-avx512bf16 -mno-avx512vp2intersect -mno-3dnow -madx -ma"
 10007      2D617678 
 10007      35313262 
 10007      66313620 
 10007      2D6D6E6F 
 10008 4720 626D202D 		.ascii	"bm -mno-cldemote -mclflushopt -mclwb -mclzero -mcx16 -mno-en"
 10008      6D6E6F2D 
 10008      636C6465 
 10008      6D6F7465 
GAS LISTING /tmp/ccHMMbxq.s 			page 208


 10008      202D6D63 
 10009 475c 71636D64 		.ascii	"qcmd -mf16c -mfsgsbase -mfxsr -mno-hle -msahf -mno-lwp -mlzc"
 10009      202D6D66 
 10009      31366320 
 10009      2D6D6673 
 10009      67736261 
 10010 4798 6E74202D 		.ascii	"nt -mmovbe -mno-movdir64b -mno-movdiri -mno-mwaitx -mno-pcon"
 10010      6D6D6F76 
 10010      6265202D 
 10010      6D6E6F2D 
 10010      6D6F7664 
 10011 47d4 66696720 		.ascii	"fig -mno-pku -mno-prefetchwt1 -mprfchw -mno-ptwrite -mrdpid "
 10011      2D6D6E6F 
 10011      2D706B75 
 10011      202D6D6E 
 10011      6F2D7072 
 10012 4810 2D6D7264 		.ascii	"-mrdrnd -mrdseed -mno-rtm -mno-serialize -mno-sgx -msha -msh"
 10012      726E6420 
 10012      2D6D7264 
 10012      73656564 
 10012      202D6D6E 
 10013 484c 73746B20 		.ascii	"stk -mno-tbm -mno-tsxldtrk -mvaes -mno-waitpkg -mno-wbnoinvd"
 10013      2D6D6E6F 
 10013      2D74626D 
 10013      202D6D6E 
 10013      6F2D7473 
 10014 4888 202D6D78 		.ascii	" -mxsave -mxsavec -mxsaveopt -mxsaves -mno-amx-tile -mno-amx"
 10014      73617665 
 10014      202D6D78 
 10014      73617665 
 10014      63202D6D 
 10015 48c4 2D696E74 		.ascii	"-int8 -mno-amx-bf16 -mno-uintr -mno-hreset -mno-kl -mno-wide"
 10015      38202D6D 
 10015      6E6F2D61 
 10015      6D782D62 
 10015      66313620 
 10016 4900 6B6C202D 		.ascii	"kl -mno-avxvnni -mno-avx512fp16 -mno-avxifma -mno-avxvnniint"
 10016      6D6E6F2D 
 10016      61767876 
 10016      6E6E6920 
 10016      2D6D6E6F 
 10017 493c 38202D6D 		.ascii	"8 -mno-avxneconvert -mno-cmpccxadd -mno-amx-fp16 -mno-prefet"
 10017      6E6F2D61 
 10017      76786E65 
 10017      636F6E76 
 10017      65727420 
 10018 4978 63686920 		.ascii	"chi -mno-raoint "
 10018      2D6D6E6F 
 10018      2D72616F 
 10018      696E7420 
 10019 4988 2D6D6E6F 		.string	"-mno-amx-complex --param=l1-cache-size=32 --param=l1-cache-line-size=64 --param=l2-cache-
 10019      2D616D78 
 10019      2D636F6D 
 10019      706C6578 
 10019      202D2D70 
 10020              	.LASF390:
 10021 4a89 5F5A4E53 		.string	"_ZNSt6vectorIP16rho_coefficientsSaIS1_EEixEm"
GAS LISTING /tmp/ccHMMbxq.s 			page 209


 10021      74367665 
 10021      63746F72 
 10021      49503136 
 10021      72686F5F 
 10022              	.LASF443:
 10023 4ab6 5F5A4E53 		.string	"_ZNSt6vectorIP16rho_coefficientsSaIS1_EE11_S_max_sizeERKS2_"
 10023      74367665 
 10023      63746F72 
 10023      49503136 
 10023      72686F5F 
 10024              	.LASF504:
 10025 4af2 5F5A4E39 		.string	"_ZN9__gnu_cxx14__alloc_traitsISaIP16rho_coefficientsES2_E15_S_always_equalEv"
 10025      5F5F676E 
 10025      755F6378 
 10025      7831345F 
 10025      5F616C6C 
 10026              	.LASF222:
 10027 4b3f 6F706572 		.string	"operator std::integral_constant<bool, false>::value_type"
 10027      61746F72 
 10027      20737464 
 10027      3A3A696E 
 10027      74656772 
 10028              	.LASF597:
 10029 4b78 5F5A4E53 		.string	"_ZNSt15__new_allocatorIP16rho_coefficientsED2Ev"
 10029      7431355F 
 10029      5F6E6577 
 10029      5F616C6C 
 10029      6F636174 
 10030              	.LASF8:
 10031 4ba8 5F5A5374 		.string	"_ZSt4acose"
 10031      3461636F 
 10031      736500
 10032              	.LASF9:
 10033 4bb3 5F5A5374 		.string	"_ZSt4acosf"
 10033      3461636F 
 10033      736600
 10034              		.section	.gnu.debuglto_.debug_line_str,"eMS",@progbits,1
 10035              	.LASF640:
 10036 0000 73746C5F 		.string	"stl_pair.h"
 10036      70616972 
 10036      2E6800
 10037              	.LASF636:
 10038 000b 636D6174 		.string	"cmath"
 10038      6800
 10039              	.LASF635:
 10040 0011 2F757372 		.string	"/usr/include"
 10040      2F696E63 
 10040      6C756465 
 10040      00
 10041              	.LASF656:
 10042 001e 6E657700 		.string	"new"
 10043              	.LASF651:
 10044 0022 73746C5F 		.string	"stl_algobase.h"
 10044      616C676F 
 10044      62617365 
 10044      2E6800
 10045              	.LASF629:
GAS LISTING /tmp/ccHMMbxq.s 			page 210


 10046 0031 2F757372 		.string	"/usr/include/c++/13/bits"
 10046      2F696E63 
 10046      6C756465 
 10046      2F632B2B 
 10046      2F31332F 
 10047              	.LASF645:
 10048 004a 616C6C6F 		.string	"alloc_traits.h"
 10048      635F7472 
 10048      61697473 
 10048      2E6800
 10049              	.LASF657:
 10050 0059 6D617468 		.string	"mathcalls.h"
 10050      63616C6C 
 10050      732E6800 
 10051              	.LASF647:
 10052 0065 76656374 		.string	"vector.tcc"
 10052      6F722E74 
 10052      636300
 10053              	.LASF646:
 10054 0070 73746C5F 		.string	"stl_vector.h"
 10054      76656374 
 10054      6F722E68 
 10054      00
 10055              	.LASF637:
 10056 007d 7374645F 		.string	"std_abs.h"
 10056      6162732E 
 10056      6800
 10057              	.LASF649:
 10058 0087 66756E63 		.string	"functexcept.h"
 10058      74657863 
 10058      6570742E 
 10058      6800
 10059              	.LASF638:
 10060 0095 74797065 		.string	"type_traits"
 10060      5F747261 
 10060      69747300 
 10061              	.LASF643:
 10062 00a1 6E65775F 		.string	"new_allocator.h"
 10062      616C6C6F 
 10062      6361746F 
 10062      722E6800 
 10063              	.LASF630:
 10064 00b1 2F757372 		.string	"/usr/include/c++/13/debug"
 10064      2F696E63 
 10064      6C756465 
 10064      2F632B2B 
 10064      2F31332F 
 10065              	.LASF632:
 10066 00cb 2F757372 		.string	"/usr/include/c++/13"
 10066      2F696E63 
 10066      6C756465 
 10066      2F632B2B 
 10066      2F313300 
 10067              	.LASF634:
 10068 00df 2F757372 		.string	"/usr/include/x86_64-linux-gnu/c++/13/bits"
 10068      2F696E63 
 10068      6C756465 
GAS LISTING /tmp/ccHMMbxq.s 			page 211


 10068      2F783836 
 10068      5F36342D 
 10069              	.LASF633:
 10070 0109 2F757372 		.string	"/usr/include/x86_64-linux-gnu/bits"
 10070      2F696E63 
 10070      6C756465 
 10070      2F783836 
 10070      5F36342D 
 10071              	.LASF639:
 10072 012c 632B2B63 		.string	"c++config.h"
 10072      6F6E6669 
 10072      672E6800 
 10073              	.LASF0:
 10074 0138 6469636B 		.string	"dickman.cpp"
 10074      6D616E2E 
 10074      63707000 
 10075              	.LASF655:
 10076 0144 6D617468 		.string	"math.h"
 10076      2E6800
 10077              	.LASF644:
 10078 014b 616C6C6F 		.string	"allocator.h"
 10078      6361746F 
 10078      722E6800 
 10079              	.LASF631:
 10080 0157 2F757372 		.string	"/usr/include/c++/13/ext"
 10080      2F696E63 
 10080      6C756465 
 10080      2F632B2B 
 10080      2F31332F 
 10081              	.LASF648:
 10082 016f 73746C5F 		.string	"stl_iterator_base_types.h"
 10082      69746572 
 10082      61746F72 
 10082      5F626173 
 10082      655F7479 
 10083              	.LASF653:
 10084 0189 73746C5F 		.string	"stl_iterator.h"
 10084      69746572 
 10084      61746F72 
 10084      2E6800
 10085              	.LASF1:
 10086 0198 2F686F6D 		.string	"/home/runner/work/factor-by-gnfs/factor-by-gnfs/gnfs"
 10086      652F7275 
 10086      6E6E6572 
 10086      2F776F72 
 10086      6B2F6661 
 10087              	.LASF650:
 10088 01cd 73746C5F 		.string	"stl_uninitialized.h"
 10088      756E696E 
 10088      69746961 
 10088      6C697A65 
 10088      642E6800 
 10089              	.LASF641:
 10090 01e1 64656275 		.string	"debug.h"
 10090      672E6800 
 10091              	.LASF642:
 10092 01e9 73746C5F 		.string	"stl_construct.h"
GAS LISTING /tmp/ccHMMbxq.s 			page 212


 10092      636F6E73 
 10092      74727563 
 10092      742E6800 
 10093              	.LASF652:
 10094 01f9 70726564 		.string	"predefined_ops.h"
 10094      6566696E 
 10094      65645F6F 
 10094      70732E68 
 10094      00
 10095              	.LASF654:
 10096 020a 74797065 		.string	"type_traits.h"
 10096      5F747261 
 10096      6974732E 
 10096      6800
 10097              		.text
 10098              		.section	.gnu.lto_.profile.bf5e6e41e14b94cc,"e",@progbits
 10099 0000 28B52FFD 		.string	"(\265/\375 \0061"
 10099      20063100 
 10100 0008 00       		.string	""
 10101 0009 0200     		.string	"\002"
 10102 000b 00       		.string	""
 10103 000c 00       		.string	""
 10104 000d 00       		.string	""
 10105 000e 00       		.string	""
 10106              		.text
 10107              		.section	.gnu.lto_.icf.bf5e6e41e14b94cc,"e",@progbits
 10108 0000 28B52FFD 		.string	"(\265/\375`0"
 10108      603000
 10109 0007 2D0600   		.string	"-\006"
 10110 000a A4082401 		.string	"\244\b$\001"
 10110      00
 10111 000f 0E00     		.string	"\016"
 10112 0011 F395E580 		.string	"\363\225\345\200\r"
 10112      0D00
 10113 0017 01DAB7B7 		.string	"\001\332\267\267\345\004"
 10113      E50400
 10114 001e 02C3F59B 		.string	"\002\303\365\233\201\005"
 10114      810500
 10115 0025 03F7F2E6 		.string	"\003\367\362\346\224\001\f\002"
 10115      94010C02 
 10115      00
 10116 002e 02010302 		.string	"\002\001\003\002\003\004\362\202\377\317\002"
 10116      0304F282 
 10116      FFCF0200 
 10117 003a 0590B3B1 		.string	"\005\220\263\261\346\016\n\002"
 10117      E60E0A02 
 10117      00
 10118 0043 02040504 		.string	"\002\004\005\004\002\004\007\250\300\267r"
 10118      020407A8 
 10118      C0B77200 
 10119 004f 08A69B89 		.string	"\b\246\233\211\371\r\022\002\006\002\006\007\002\007\002\b\002\b\t\304\315\275\325\013\01
 10119      F90D1202 
 10119      06020607 
 10119      02070208 
 10119      020809C4 
 10120 0076 0A0B0C02 		.string	"\n\013\f\002\r\r\002\r\016\002\016\013\240\342\234\212\n\f\016\242\302\263\302\013\017\36
 10120      0D0D020D 
GAS LISTING /tmp/ccHMMbxq.s 			page 213


 10120      0E020E0B 
 10120      A0E29C8A 
 10120      0A0C0EA2 
 10121 0095 00       		.string	""
 10122 0096 1900     		.string	"\031"
 10123 0098 29626E62 		.string	")bnb\310\370\346\246\001\260\360\223`%"
 10123      C8F8E6A6 
 10123      01B0F093 
 10123      602500
 10124 00a7 B8F34220 		.string	"\270\363B \317\313\202\215\\\276vS\"\004\240\224\004:\332"
 10124      CFCB828D 
 10124      5CBE7653 
 10124      2204A094 
 10124      043ADA00 
 10125 00bb 9CC1CC62 		.ascii	"\234\301\314b U\f\356\265\313\340b\035\220\315\356\276\002\f"
 10125      20550CEE 
 10125      B5CBE062 
 10125      1D90CDEE 
 10125      BE020C
 10126 00ce 01       		.ascii	"\001"
 10127              		.text
 10128              		.section	.gnu.lto_.ipa_sra.bf5e6e41e14b94cc,"e",@progbits
 10129 0000 28B52FFD 		.string	"(\265/\375`P"
 10129      605000
 10130 0007 F50400   		.string	"\365\004"
 10131 000a 12481315 		.ascii	"\022H\023\025\220\245I\007\272\273\273\270\231\231\360\r\216"
 10131      90A54907 
 10131      BABBBBB8 
 10131      9999F00D 
 10131      8E
 10132 001b FFDF2ED9 		.ascii	"\377\337.\331\266\267L)N\375\302(K\303\262t\002+\035\016U.\311"
 10132      B6B74C29 
 10132      4EFDC228 
 10132      4BC3B274 
 10132      022B1D0E 
 10133 0032 CA26427D 		.ascii	"\312&B}\246r\240z\273s\004\3623\t\304\340x\257\016\021J\001?"
 10133      A672A07A 
 10133      BB7304F2 
 10133      3309C4E0 
 10133      78AF0E11 
 10134 0049 C4329472 		.ascii	"\3042\224r\325\245+\266\231\211\305Mg\353(p\200\" 0\002f\f\357"
 10134      D5A52BB6 
 10134      9989C54D 
 10134      67EB2870 
 10134      80222030 
 10135 0061 CA830471 		.ascii	"\312\203\004q8\362\222\026{\f,jz\341\341L\236\306\254k\230\324"
 10135      38F29216 
 10135      7B0C2C6A 
 10135      7AE1E14C 
 10135      9EC6AC6B 
 10136 0077 C3E59F74 		.ascii	"\303\345\237tT@\265\203\212\203!\b\311@\346\320\333\315-\343"
 10136      5440B583 
 10136      8A832108 
 10136      C940E6D0 
 10136      DBCD2DE3 
 10137 008b 8C348E40 		.ascii	"\2144\216@;p\213U\204\023\017\215j\3102\364\227\\Q\346\237=7"
 10137      3B708B55 
GAS LISTING /tmp/ccHMMbxq.s 			page 214


 10137      84130F8D 
 10137      6AC832F4 
 10137      975C51E6 
 10138 00a2 D2601717 		.ascii	"\322`\027\027`\b"
 10138      6008
 10139              		.text
 10140              		.section	.gnu.lto_.inline.bf5e6e41e14b94cc,"e",@progbits
 10141 0000 28B52FFD 		.string	"(\265/\375`z\003\355\021"
 10141      607A03ED 
 10141      1100
 10142 000a E6595943 		.string	"\346YYC\340\224&\351d*\267\350\375\0256\007\326Pq\317QA\300\035\211\253\365<\250\026\005b
 10142      E09426E9 
 10142      642AB7E8 
 10142      FD153607 
 10142      D65071CF 
 10143 0053 4300     		.string	"C"
 10144 0055 4600     		.string	"F"
 10145 0057 7F8022FE 		.ascii	"\177\200\"\376\013r\223\3429\242\272\2221\001b\200\263\360\336"
 10145      0B7293E2 
 10145      39A2BA92 
 10145      31016280 
 10145      B3F0DE
 10146 006a BBF07911 		.ascii	"\273\360y\021B\213\274\247\341\352\243\204\222\020\321\202\344"
 10146      428BBCA7 
 10146      E1EAA384 
 10146      9210D182 
 10146      E4
 10147 007b 1A27A9F0 		.ascii	"\032'\251\360\361\312\336\254\357\275\347\371Tz\310\260\301H"
 10147      F1CADEAC 
 10147      EFBDE7F9 
 10147      547AC8B0 
 10147      C148
 10148 008d 817EA612 		.ascii	"\201~\246\022\346&\211\313\350Kn)\001\r<\256\023\356\214\250"
 10148      E62689CB 
 10148      E84B6E29 
 10148      010D3CAE 
 10148      13EE8CA8 
 10149 00a1 C43162C8 		.ascii	"\3041b\310\207\321\035$\251&\251\372_y\376\243bq<e\217\367\336"
 10149      87D11D24 
 10149      A926A9FA 
 10149      5F79FEA3 
 10149      62713C65 
 10150 00b8 E776490D 		.ascii	"\347vI\r\234eN\253U\302]\354\226\332\257\263t\356\266\333}\200"
 10150      9C654EAB 
 10150      55C25DEC 
 10150      96DAAFB3 
 10150      74EEB6DB 
 10151 00ce A5CC0902 		.ascii	"\245\314\t\002\304\206\347"
 10151      C486E7
 10152 00d5 4D65B570 		.string	"Me\265p\321q\201\002\250\342\274\367\020\344\210\035#t\205\206\f\025\nv8\222T}\367!D\374J
 10152      D1718102 
 10152      A8E2BCF7 
 10152      10E4881D 
 10152      23748586 
 10153 01d6 EF911844 		.string	"\357\221\030D\312\371\002=;@k\365\372\242\333\220\026D\2772\373\317\362l\244a\250\332_\35
 10153      CAF9023D 
 10153      3B406BF5 
GAS LISTING /tmp/ccHMMbxq.s 			page 215


 10153      FAA2DB90 
 10153      1644BF32 
 10154 0246 0F       		.ascii	"\017"
 10155              		.text
 10156              		.section	.gnu.lto_.jmpfuncs.bf5e6e41e14b94cc,"e",@progbits
 10157 0000 28B52FFD 		.string	"(\265/\375`|\003\255\016"
 10157      607C03AD 
 10157      0E00
 10158 000a D654423A 		.string	"\326TB: O\224t@\210\300@\316\200\030\251x\350_"
 10158      204F9474 
 10158      4088C040 
 10158      CE8018A9 
 10158      78E85F00 
 10159 001e 099000   		.string	"\t\220"
 10160 0021 9000     		.string	"\220"
 10161 0023 105EF449 		.string	"\020^\364I\025\037\240\225>\250\341\002n\256@a\002\256\201@D\267\314\3768\017\312-1\306 \
 10161      151FA095 
 10161      3EA8E102 
 10161      6EAE4061 
 10161      02AE8140 
 10162 004a 3000     		.string	"0"
 10163 004c 3300     		.string	"3"
 10164 004e 9D523E58 		.ascii	"\235R>X\344\365\336*\201\036\2407\240t\360+\325\312V\362[\226"
 10164      E4F5DE2A 
 10164      811EA037 
 10164      A074F02B 
 10164      D5CA56F2 
 10165 0064 9E2B5867 		.ascii	"\236+Xg\3515\342k\364\244\367\370\336IO=5X\200\\\227=I\017B#"
 10165      E935E26B 
 10165      F4A4F7F8 
 10165      DE494F3D 
 10165      3558805C 
 10166 007e 4FDC3FCC 		.ascii	"O\334?\314'9I-\006\361\264j\240\204\364(\345\206\203\213\003"
 10166      2739492D 
 10166      06F1B46A 
 10166      A084F428 
 10166      E586838B 
 10167 0093 20744FEC 		.ascii	" tO\354'\326\311\306$\027\216\325\004\265M\022\233\276\265 \275"
 10167      27D6C9C6 
 10167      24178ED5 
 10167      04B54D12 
 10167      9BBEB520 
 10168 00a8 169D2A40 		.ascii	"\026\235*@\n\252\026oU@\006y\204Hy\212\255\234\t\272\004CB\353"
 10168      0AAA166F 
 10168      55400679 
 10168      8448798A 
 10168      AD9C09BA 
 10169 00c0 7003C50A 		.ascii	"p\003\305\n\254\267\030i\201,X\317\304e\351\020\263K<\211\325"
 10169      ACB71869 
 10169      812C58CF 
 10169      C465E910 
 10169      B34B3C89 
 10170 00d5 8F781113 		.ascii	"\217x\021\023Ay \374x4\0322`\300d8\233\315\005\215\0073\001c"
 10170      417920FC 
 10170      78341A32 
 10170      60C06438 
 10170      9BCD058D 
GAS LISTING /tmp/ccHMMbxq.s 			page 216


 10171 00ed B178389F 		.ascii	"\261x8\237\214f\003\205\217N\345\024\267SQ\"%\372\302Z\006U\235"
 10171      8C660385 
 10171      8F4EE514 
 10171      B7535122 
 10171      25FAC25A 
 10172 0104 43918EE2 		.ascii	"C\221\216\342)\260\031\351\252Ru\177\0368,\250beX\250!\265S\316"
 10172      29B019E9 
 10172      AA52757F 
 10172      1E382CA8 
 10172      626558A8 
 10173 011c 4CCD96A4 		.ascii	"L\315\226\244\265\003@\002b\224\302\353\022 \2640\004\363$\224"
 10173      B5034002 
 10173      6294C2EB 
 10173      1220B430 
 10173      04F32494 
 10174 0130 D2506602 		.ascii	"\322Pf\002\303\372\331J\214\"\024\367\341C\324nX\345W\303\324"
 10174      C3FAD94A 
 10174      8C2214F7 
 10174      E143D46E 
 10174      58E557C3 
 10175 0145 21961E86 		.ascii	"!\226\036\206,C2\371)\222\271\013\005\256\005A\007\254\215\215"
 10175      2C4332F9 
 10175      2992B90B 
 10175      05AE0541 
 10175      07AC8D8D 
 10176 0159 615A90C4 		.ascii	"aZ\220\304\024\006m!9W\031\3646&\361`\263\211g\016\262J\224\201"
 10176      14066D21 
 10176      395719F4 
 10176      3626F160 
 10176      B389670E 
 10177 0171 1DB491D3 		.ascii	"\035\264\221\323'\335*\221\214\324p\231a0\214g\266\370\022\303"
 10177      27DD2A91 
 10177      8CD47099 
 10177      61308C67 
 10177      B6F812C3 
 10178 0185 08DA85D7 		.ascii	"\b\332\205\327:\273\305\262A\213\272g@\262y\207#e\004P!\245\315"
 10178      3ABBC5B2 
 10178      418BBA67 
 10178      40B27987 
 10178      23650450 
 10179 019c 8702C770 		.ascii	"\207\002\307p:\032\275C\340\237h^\031\374\216\215\341\353\343"
 10179      3A1ABD43 
 10179      E09F685E 
 10179      19FC8E8D 
 10179      E1EBE3
 10180 01af 5135AFD9 		.ascii	"Q5\257\331z\b\221)\207\226\360\316I$l\301\201ap\033\247v\335"
 10180      7A089129 
 10180      8796F0CE 
 10180      49246CC1 
 10180      8161701B 
 10181 01c6 6503C406 		.ascii	"e\003\304\006\314!\274\003:\374'\n\325i\004\323%\005\232t\"\322"
 10181      CC21BC03 
 10181      3AFC270A 
 10181      D56904D3 
 10181      25059A74 
 10182 01dc 6DAE0C   		.ascii	"m\256\f"
 10183              		.text
GAS LISTING /tmp/ccHMMbxq.s 			page 217


 10184              		.section	.gnu.lto_.pureconst.bf5e6e41e14b94cc,"e",@progbits
 10185 0000 28B52FFD 		.string	"(\265/\375 '9\001"
 10185      20273901 
 10185      00
 10186 0009 2300     		.string	"#"
 10187 000b 00       		.string	""
 10188 000c 00       		.string	""
 10189 000d 0C00     		.string	"\f"
 10190 000f 98040198 		.ascii	"\230\004\001\230\004\002\230\004\003\231\004\004\230\004\005"
 10190      04029804 
 10190      03990404 
 10190      980405
 10191 001e 99040618 		.ascii	"\231\004\006\030\007\030\b\232\004\t\232\004\n\232\004\017\230"
 10191      0718089A 
 10191      04099A04 
 10191      0A9A040F 
 10191      98
 10192 002f 04       		.ascii	"\004"
 10193              		.text
 10194              		.section	.gnu.lto_.ipa_modref.bf5e6e41e14b94cc,"e",@progbits
 10195 0000 28B52FFD 		.string	"(\265/\375`\214"
 10195      608C00
 10196 0007 F50500   		.string	"\365\005"
 10197 000a 320A1E26 		.string	"2\n\036&\2205I\007\377\377\177\331\374Y\373\377\257\256jP_\305=o`\376\374\326m\322\334\31
 10197      90354907 
 10197      FFFF7FD9 
 10197      FC59FBFF 
 10197      AFAE6A50 
 10198 004e 0ED85805 		.string	"\016\330X\005\004\210\264y\323)w\332Yy\206\231\n\\\265\346\361\276\217m\336D\013\345\210\
 10198      0488B479 
 10198      D32977DA 
 10198      59798699 
 10198      0A5CB5E6 
 10199 0087 A006EEE2 		.string	"\240\006\356\342\246\b!\330\032A\262\203\004e\302\234\n\002\330-Q<\260\300*\201 <\344\025
 10199      A60821D8 
 10199      1A41B283 
 10199      0465C29C 
 10199      0A02D82D 
 10200 00be 080FE407 		.string	"\b\017\344\007r\004\244\r"
 10200      7204A40D 
 10200      00
 10201 00c7 0E       		.ascii	"\016"
 10202              		.text
 10203              		.section	.gnu.lto_.lto.bf5e6e41e14b94cc,"e",@progbits
 10204 0000 0D00     		.string	"\r"
 10205 0002 0100     		.string	"\001"
 10206 0004 0100     		.string	"\001"
 10207 0006 0100     		.string	"\001"
 10208              		.text
 10209              		.section	.gnu.lto__Z2P1l.316.bf5e6e41e14b94cc,"e",@progbits
 10210 0000 28B52FFD 		.string	"(\265/\375`\322\003]\032"
 10210      60D2035D 
 10210      1A00
 10211 000a F6AEA248 		.string	"\366\256\242H\260\230M:|\030\251\253\365\350\305w<\305\272P\240\264a9\211\345\342\342d\31
 10211      B0984D3A 
 10211      7C18A9AB 
 10211      F5E8C577 
GAS LISTING /tmp/ccHMMbxq.s 			page 218


 10211      3CC5BA50 
 10212 003a E294EF94 		.string	"\342\224\357\224\256\013\306`\216\320\206\300\321\260\257\177\214\330\316\203\035\204\220
 10212      AE0BC660 
 10212      8ED086C0 
 10212      D1B0AF7F 
 10212      8CD8CE83 
 10213 0058 8A00     		.string	"\212"
 10214 005a 8A00     		.string	"\212"
 10215 005c 8BF3805A 		.string	"\213\363\200Z\203 )Rk\255Y\t\236\247{\330\007\320.\216&T2\242\261\301\203h\252\326\372\33
 10215      83202952 
 10215      6BAD5909 
 10215      9EA77BD8 
 10215      07D02E8E 
 10216 00b2 6833E97A 		.string	"h3\351zr\361dE\023\212Sv2P\006"
 10216      72F16445 
 10216      138A5376 
 10216      32500600 
 10217 00c2 9A4C3AA0 		.ascii	"\232L:\240\3129\371\346HD\213EY\343\310\367\315\023xD\2650:\341"
 10217      CA39F9E6 
 10217      48448B45 
 10217      59E3C8F7 
 10217      CD137844 
 10218 00da D8D9D45A 		.ascii	"\330\331\324Z7\016\321\214\274+\357n\270\2738\273\177\021\261"
 10218      370ED18C 
 10218      BC2BEF6E 
 10218      B8BB38BB 
 10218      7F11B1
 10219 00ed C7D6504B 		.ascii	"\307\326PK\007rDF\373\231v\267\200\025\327\242\242\027Gm\263"
 10219      07724446 
 10219      FB9976B7 
 10219      8015D7A2 
 10219      A217476D 
 10220 0102 4F122C56 		.ascii	"O\022,Vm\001(Kj\254\3320(\236iM\251\252f\354\227vgd\034\327\025"
 10220      6D01284B 
 10220      6AACDA30 
 10220      289E694D 
 10220      A9AA66EC 
 10221 011d 03D362BD 		.ascii	"\003\323b\275\2708\264[V\237k^\3176oG\035zg\214+c\334\307\270"
 10221      B838B45B 
 10221      569F6B5E 
 10221      CF366F47 
 10221      1D7A678C 
 10222 0136 D1714DE3 		.ascii	"\321qM\343&O\224H\255+\252\246\252\222\3514\3035\333\346\270"
 10222      264F9448 
 10222      AD2BAAA6 
 10222      AA92E934 
 10222      C335DBE6 
 10223 014b 0BB46EF2 		.ascii	"\013\264n\362mW?O\266\305\005\b\302A\243\202\347\371\343\344"
 10223      6D573F4F 
 10223      B6C50508 
 10223      C241A382 
 10223      E7F9E3E4 
 10224 015f 66B7B638 		.ascii	"f\267\2668\233X\t\027M\345\310\325Z\021x.\205\237#7\216\016\003"
 10224      9B580917 
 10224      4DE5C8D5 
 10224      5A11782E 
 10224      859F2337 
GAS LISTING /tmp/ccHMMbxq.s 			page 219


 10225 0176 7768FBEE 		.ascii	"wh\373\356\232\r\301\005\325\n\217\316\314|u0\206\bGYG\"\362"
 10225      9A0DC105 
 10225      D50A8FCE 
 10225      CC7C7530 
 10225      86084759 
 10226 018d 31FF7270 		.ascii	"1\377rp\251\314WN\231\273\034\\w\254\333\306\372\224\315T\304"
 10226      A9CC574E 
 10226      99BB1C5C 
 10226      77ACDBC6 
 10226      FA94CD54 
 10227 01a2 1E6345E9 		.ascii	"\036cE\351 `\202\312\024\225\336g\016\256\224\3632\007\177\270"
 10227      206082CA 
 10227      1495DE67 
 10227      0EAE94F3 
 10227      32077FB8 
 10228 01b6 7B040BB9 		.ascii	"{\004\013\271\341@\211*7\317\264GCQ\336}\367\016\372f\203C\210"
 10228      E140892A 
 10228      37CFB447 
 10228      4351DE7D 
 10228      F70EFA66 
 10229 01cd BCF5952C 		.ascii	"\274\365\225,\364\363\340>Ji\202\"\021\257\370\363\305\314\351"
 10229      F4F3E03E 
 10229      4A698222 
 10229      11AFF8F3 
 10229      C5CCE9
 10230 01e0 E656148B 		.ascii	"\346V\024\213\031c\325z\267\201\311Zk\225\335Y$\301\240b\264"
 10230      1963D57A 
 10230      B781C95A 
 10230      6B95DD59 
 10230      24C1A062 
 10231 01f5 EED001BA 		.ascii	"\356\320\001\272\317\267\376*\263\035\001"
 10231      CFB7FE2A 
 10231      B31D01
 10232 0200 1CAC8027 		.string	"\034\254\200'\356\205\005\r\026<x\320\200A\002\327\b/\017ON\002\035\034\017\035r8\\h\331\
 10232      EE85050D 
 10232      163C78D0 
 10232      804102D7 
 10232      082F0F4F 
 10233 0301 753C7185 		.ascii	"u<q\205U\236\b\007\255\316%\260_\t\013_\374!\260\320\340\315"
 10233      559E0807 
 10233      ADCE25B0 
 10233      5F090B5F 
 10233      FC21B0D0 
 10234 0317 FF2954C7 		.ascii	"\377)T\307d\254\020\221I\021L\374C)b\3444\232\2230\201;\313!"
 10234      64AC1091 
 10234      49114CFC 
 10234      432962E4 
 10234      349A9330 
 10235 032f AA579D1A 		.ascii	"\252W\235\032\237B\263\215z\242\334\205y\001&2\324\177\221\262"
 10235      9F42B38D 
 10235      7AA2DC85 
 10235      79012632 
 10235      D47F91B2 
 10236 0343 88BFA508 		.ascii	"\210\277\245\b\021<\017.\032@\265i\355\277\331\201\370\017"
 10236      113C0F2E 
 10236      1A40B569 
 10236      EDBFD981 
GAS LISTING /tmp/ccHMMbxq.s 			page 220


 10236      F80F
 10237              		.text
 10238              		.section	.gnu.lto__Z3phill.317.bf5e6e41e14b94cc,"e",@progbits
 10239 0000 28B52FFD 		.string	"(\265/\375`\262\002\335\024"
 10239      60B202DD 
 10239      1400
 10240 000a 16E68448 		.string	"\026\346\204H\320\356*\035\240\313\3274\210\243\313\202\037\301\n7\b\226 \375\327.\357\r\
 10240      D0EE2A1D 
 10240      A0CBD734 
 10240      88A3CB82 
 10240      1FC10A37 
 10241 0058 6E00     		.string	"n"
 10242 005a 7000     		.string	"p"
 10243 005c 2036703A 		.string	" 6p:\275\207\177\230\331\300\016\336\216\256#\bd\023\254\265\262\314;\207xzz"
 10243      BD877F98 
 10243      D9C00EDE 
 10243      8EAE2308 
 10243      6413ACB5 
 10244 0078 F17437F8 		.ascii	"\361t7\370C\341'\357\026\345\354&\221\316\2253\337\024\341\b"
 10244      43E127EF 
 10244      16E5EC26 
 10244      91CE9533 
 10244      DF14E108 
 10245 008c 37CEDC34 		.ascii	"7\316\3344M\266\\O\306x\233%KJF\377]\332\2145)\376\334\234\002"
 10245      4DB65C4F 
 10245      C6789B25 
 10245      4B4A46FF 
 10245      5DDA8C35 
 10246 00a5 18277C66 		.ascii	"\030'|f\214\266\271\252\265\242F\032\271\377\235\362\334p\343"
 10246      8CB6B9AA 
 10246      B5A2461A 
 10246      B9FF9DF2 
 10246      DC70E3
 10247 00b8 CDA5E9A4 		.ascii	"\315\245\351\244\326j\211\033u\367\351\266)\330f\261\245N\273"
 10247      D66A891B 
 10247      75F7E9B6 
 10247      29D866B1 
 10247      A54EBB
 10248 00cb F34B7696 		.ascii	"\363Kv\226\224\274<\266*\365\240\037ui\214\363\376\223\370\336"
 10248      94BC3CB6 
 10248      2AF5A01F 
 10248      75698CF3 
 10248      FE93F8DE 
 10249 00df 3DF7BE5B 		.ascii	"=\367\276[^\372\031\262\303\t\215\236Zq\206\301j\202\032\371"
 10249      5EFA19B2 
 10249      C3098D9E 
 10249      5A7186C1 
 10249      6A821AF9 
 10250 00f3 BCF7FB2E 		.ascii	"\274\367\373.\355\231/\364\237Q\262\237\020\037\232\335\347\243"
 10250      ED992FF4 
 10250      9F51B29F 
 10250      101F9ADD 
 10250      E7A3
 10251 0105 597DAF51 		.ascii	"Y}\257Q\341\242u:]M\031\020\212\3353\360\244Vs\tA\241R\255\365"
 10251      E1A2753A 
 10251      5D4D1910 
 10251      8ADD33F0 
GAS LISTING /tmp/ccHMMbxq.s 			page 221


 10251      A4567309 
 10252 011e E3D40864 		.ascii	"\343\324\bd\032\202~7\007N\247\262\n"
 10252      1A827E37 
 10252      074EA7B2 
 10252      0A
 10253 012b 2897E719 		.string	"(\227\347\031x\001\265\372\200#j\255\001\357\315Zk\025\177\337\300\321\001gj=wWn\316V\355
 10253      7801B5FA 
 10253      80236AAD 
 10253      01EFCD5A 
 10253      6B157FDF 
 10254 022c 2CC4AFBB 		.string	",\304\257\273\2112\315\231\266y\022\207\357]s\336\347aY\020s\321\330kk\023\027"
 10254      8932CD99 
 10254      B6791287 
 10254      EF5D73DE 
 10254      E7615910 
 10255 0248 80C5F96D 		.string	"\200\305\371m\214\262\001\370Y-\022\016\301\265\343m\323\004\352+g\332\265Er2\373\374\351
 10255      8CB201F8 
 10255      592D120E 
 10255      C1B5E36D 
 10255      D304EA2B 
 10256 0272 7BD96F6D 		.ascii	"{\331om,\034bI\231V\027\2562\364|\302A\323\221\276P,\332\215"
 10256      2C1C6249 
 10256      995617AE 
 10256      32F47CC2 
 10256      41D391BE 
 10257 028a 68E09171 		.ascii	"h\340\221q\200%\363\323\376\007\210\327\001\226Lys;\217<\211"
 10257      8025F3D3 
 10257      FE0788D7 
 10257      01964C79 
 10257      733B8F3C 
 10258 029f 36DDEFB4 		.ascii	"6\335\357\264\346\t"
 10258      E609
 10259              		.text
 10260              		.section	.gnu.lto__Z11dickman_rhod.334.bf5e6e41e14b94cc,"e",@progbits
 10261 0000 28B52FFD 		.string	"(\265/\375`5\004\375\032"
 10261      603504FD 
 10261      1A00
 10262 000a D62EAE4C 		.string	"\326.\256L\240\226U:\304\233\201\217\304_ \322\365\231k\350\351\311\274\240h\210\326\370\
 10262      A096553A 
 10262      C49B818F 
 10262      C45F20D2 
 10262      F5996BE8 
 10263 005c A100     		.string	"\241"
 10264 005e 9A00     		.string	"\232"
 10265 0060 46610B23 		.ascii	"Fa\013#\266\372\tda\335\347\261\243\331\233A\034_!\204Z\2269"
 10265      B6FA0964 
 10265      61DDE7B1 
 10265      A3D99B41 
 10265      1C5F2184 
 10266 0077 679B9F9D 		.string	"g\233\237\235\001H\004\373\275\216\257\315>A\346A\266Dr\316\256\256\260\372\331\335\375\0
 10266      014804FB 
 10266      BD8EAFCD 
 10266      3E41E641 
 10266      B64472CE 
 10267 0178 B2143462 		.string	"\262\0244b9\313\241\364\343\203"
 10267      39CBA1F4 
 10267      E38300
GAS LISTING /tmp/ccHMMbxq.s 			page 222


 10268 0183 A3529565 		.string	"\243R\225e\316\253\272\344\243G\263f.\321\312\001\330\304@\253\032HsI&\no\2419&a\214\324\
 10268      CEABBAE4 
 10268      A347B366 
 10268      2ED1CA01 
 10268      D8C440AB 
 10269 01ab 630A503F 		.ascii	"c\nP?\227K?\371\267\3102\225o\227^}.F\352\027\240\021\2451\213"
 10269      974B3FF9 
 10269      B7C83295 
 10269      6F975E7D 
 10269      2E46EA17 
 10270 01c4 EEAF3FFE 		.ascii	"\356\257?\376\355\373\333\177i@e\307\226\t\303\234\231"
 10270      EDFBDB7F 
 10270      694065C7 
 10270      9609C39C 
 10270      99
 10271 01d5 7469B3D4 		.string	"ti\263\324Y\344E\247_\322\217\262\260\002J\305I\243\321\223V\307\n\f\300=Tz\245\372\203\2
 10271      59E445A7 
 10271      5FD28FB2 
 10271      B0024AC5 
 10271      49A3D193 
 10272 02d6 0311A9AA 		.string	"\003\021\251\252\003\021P%\2642\324\224J\233\001mR\2224\273j~\340G\246\226\363\335\001,K\
 10272      03115025 
 10272      B432D494 
 10272      4A9B016D 
 10272      529234BB 
 10273 030a 5A137383 		.string	"Z\023s\203(\245\037+T\251E\037\201J\006\361S\223\323;M[\333.\025\253\027O\3235\211q}\034\
 10273      28A51F2B 
 10273      54A9451F 
 10273      814A06F1 
 10273      5393D33B 
 10274 0348 0E21DB97 		.ascii	"\016!\333\227%\033s\330\273f\242kP\243g\022DKIm2\353\315`\320"
 10274      251B73D8 
 10274      BB66A26B 
 10274      50A36712 
 10274      444B496D 
 10275 0361 27D2DFA8 		.ascii	"'\322\337\250F\375\274\032"
 10275      46FDBC1A 
 10276              		.text
 10277              		.section	.gnu.lto__ZNSt6vectorIP16rho_coefficientsSaIS1_EED2Ev.347.bf5e6e41e14b94cc,"e",@progbits
 10278 0000 28B52FFD 		.string	"(\265/\375`\305\t52"
 10278      60C50935 
 10278      3200
 10279 000a 6A506012 		.string	"jP`\022EP\232R:]\t\230)\330*\346\225\366Vp\022@\t\362\3520aE\334\254\031 \031\367\b\022\3
 10279      45509A52 
 10279      3A5D0998 
 10279      29D82AE6 
 10279      95F65670 
 10280 003b 709DDE16 		.string	"p\235\336\026\tT"
 10280      095400
 10281 0042 6A0ACDE9 		.ascii	"j\n\315\3516\237D\375\270,k\033\345[k{'\031\007\001\032\001\r"
 10281      369F44FD 
 10281      B82C6B1B 
 10281      E55B6B7B 
 10281      27190701 
 10282 0059 0186AECB 		.ascii	"\001\206\256\313v\202\375r\274\250\313\365\301<\314\305\034\003"
 10282      7682FD72 
 10282      BCA8CBF5 
GAS LISTING /tmp/ccHMMbxq.s 			page 223


 10282      C13CCCC5 
 10282      1C03
 10283 006b D99CDDD9 		.ascii	"\331\234\335\3311\031*\221\370wvL=\323\002P\204\352\350\232A"
 10283      31192A91 
 10283      F877764C 
 10283      3DD30250 
 10283      84EAE89A 
 10284 0080 D1AB072A 		.ascii	"\321\253\007*Y\374:\272f\317\264\300\327\336\033\202\235\013"
 10284      59FC3ABA 
 10284      66CFB4C0 
 10284      D7DE1B82 
 10284      9D0B
 10285 0092 8A5E611C 		.ascii	"\212^a\034A\362\322\236}sQR\270\204\264=\256\233\306\335\372"
 10285      41F2D29E 
 10285      7D735152 
 10285      B884B43D 
 10285      AE9BC6DD 
 10286 00a7 701CE08A 		.ascii	"p\034\340\212\270\256\233\374\233\023\273=\246@Zg/\205\027\243"
 10286      B8AE9BFC 
 10286      9B13BB3D 
 10286      A6405A67 
 10286      2F8517A3 
 10287 00bb D6288DF8 		.ascii	"\326(\215\370oP\177\235=S \255\255\274\264\257\235\255\r\352"
 10287      6F507F9D 
 10287      3D5320AD 
 10287      ADBCB4AF 
 10287      9DAD0DEA 
 10288 00cf 4BD4BD4C 		.ascii	"K\324\275L\021\373kmw\262\277F\325\235|\261;\n\257\375{\003\203"
 10288      11FB6B6D 
 10288      77B2BF46 
 10288      D59D7CB1 
 10288      3B0AAFFD 
 10289 00e6 FB860189 		.ascii	"\373\206\001\211\"S\036_\255\237v*\325\337\033g\203\342$n\203"
 10289      22531E5F 
 10289      AD9F762A 
 10289      D5DF1B67 
 10289      83E2246E 
 10290 00fb 74AEAECB 		.ascii	"t\256\256\313f\341\305\236\300\276\330\357}\214/\2627`|\261\333"
 10290      66E1C59E 
 10290      C0BED8EF 
 10290      7D8C2FB2 
 10290      37607CB1 
 10291 0110 EEEB5F31 		.ascii	"\356\353_1"
 10292 0114 578159DA 		.string	"W\201Y\332\233\241\353\272\313\f\345\355\211\031\267\375\265\027\375\270\210i\203\223\342
 10292      9BA1EBBA 
 10292      CB0CE5ED 
 10292      8919B7FD 
 10292      B517FDB8 
 10293 0215 BE9F8BBF 		.string	"\276\237\213\277L\004\357T\353"
 10293      4C04EF54 
 10293      EB00
 10294 021f 0FC21F7F 		.string	"\017\302\037\177\206Eg\222\201E\254GT\257\022"
 10294      86456792 
 10294      8145AC47 
 10294      54AF1200 
 10295 022f BED5E8EF 		.ascii	"\276\325\350\357\221\217\252=/\257N}L\237\314\313\334\f\217\240"
 10295      918FAA3D 
GAS LISTING /tmp/ccHMMbxq.s 			page 224


 10295      2FAF4E7D 
 10295      4C9FCCCB 
 10295      DC0C8FA0 
 10296 0243 0F3EBB19 		.ascii	"\017>\273\031d\224=\370|v3\2328\355\321%\311)\223\370{tIK\244"
 10296      64943DF8 
 10296      7C76339A 
 10296      38EDD125 
 10296      C92993F8 
 10297 025c F4F29458 		.ascii	"\364\362\224X\227\314-!\210\345fH\203\252\344\301\327\233z\236"
 10297      97CC2D21 
 10297      88E56648 
 10297      83AAE4C1 
 10297      D79B7A9E 
 10298 0270 52BE72A1 		.ascii	"R\276r\241a(\372\214dM\003w\260&p\r0\007\276\323\027\363\237"
 10298      6128FA8C 
 10298      644D0377 
 10298      B026700D 
 10298      3007BED3 
 10299 0287 2B633CF9 		.ascii	"+c<\371w\307\374\272\003A\347\220\231'\337@\333\262\272\303\276"
 10299      77C7FCBA 
 10299      0341E790 
 10299      9927DF40 
 10299      DBB2BAC3 
 10300 029c AB463623 		.ascii	"\253F6#\363\253\370\2429\332\307l\314lF\226Ua\211\006i\272\320"
 10300      F3ABF8A2 
 10300      39DAC76C 
 10300      CC6C4696 
 10300      55618906 
 10301 02b3 92B654A2 		.ascii	"\222\266T\242cv1\026\005\377hNx\234\217v\313\343\262Zj\0021c"
 10301      63763116 
 10301      05FF684E 
 10301      789C8F76 
 10301      CBE3B25A 
 10302 02cb 7EDC4D3C 		.ascii	"~\334M<\001\314r\270_\212\035|\365\277a\036\030+@\027\2320.C"
 10302      01CC72B8 
 10302      5F8A1D7C 
 10302      F5BF611E 
 10302      182B4017 
 10303 02e3 34AA63D6 		.ascii	"4\252c\326\353\340\337v\002\206\203\207\322\253\004\374\214s"
 10303      EBE0DF76 
 10303      02868387 
 10303      D2AB04FC 
 10303      8C73
 10304 02f5 FF4D4BD6 		.ascii	"\377MK\326Z\301\307\352\277\371\00359d\326!YG\237\3608\214\034"
 10304      5AC1C7EA 
 10304      BFF90335 
 10304      3964D621 
 10304      59479FF0 
 10305 030c 265C6A85 		.ascii	"&\\j\205\256\341\177}\376 \316\017,\303U:p\216\226\252\304Q\234"
 10305      AEE17F7D 
 10305      FE20CE0F 
 10305      2CC3553A 
 10305      708E96AA 
 10306 0323 91661847 		.ascii	"\221f\030G\223Aw\233\005\273\355\226>l\251/\304\356\260\3176"
 10306      9341779B 
 10306      05BBED96 
 10306      3E6CA92F 
GAS LISTING /tmp/ccHMMbxq.s 			page 225


 10306      C4EEB0CF 
 10307 0338 CCA859D2 		.ascii	"\314\250Y\322\2409\372\276\035\242\257\351\026\355uZj\361\317"
 10307      A039FABE 
 10307      1DA2AFE9 
 10307      16ED755A 
 10307      6AF1CF
 10308 034b 0D1D2910 		.ascii	"\r\035)\020=D\304N\265Lx}Qi,\205\311\034+T\315\177\230\300\361"
 10308      3D44C44E 
 10308      B54C787D 
 10308      51692C85 
 10308      C91C2B54 
 10309 0364 730BFF34 		.ascii	"s\013\3774\007\202\342\303\276\333\345\f\261X\335\037\036\007"
 10309      0782E2C3 
 10309      BEDBE50C 
 10309      B158DD1F 
 10309      1E07
 10310 0376 446F8023 		.ascii	"Do\200#%\242\245\272\376\302\270\270\256{($\214\017\335\323N"
 10310      25A2A5BA 
 10310      FEC2B8B8 
 10310      AE7B2824 
 10310      8C0FDDD3 
 10311 038b 194D332C 		.ascii	"\031M3,L\301\260P$c\251\364\324\214Z>\03555A=-\217\230\232HK"
 10311      4CC1B050 
 10311      2463A9F4 
 10311      D48C5A3E 
 10311      1D353541 
 10312 03a6 0D4F67D1 		.ascii	"\rOg\321\022\223i|:\237\222d0\231\307\242\007\215\244t>\223\212"
 10312      1293697C 
 10312      3A9F9264 
 10312      3099C7A2 
 10312      078DA474 
 10313 03bd 9E9E4CA3 		.ascii	"\236\236L\243\346\322R\221\204\"&371\231\331\211\311\314\035"
 10313      E6D25291 
 10313      84222633 
 10313      373199D9 
 10313      89C9CC1D 
 10314 03d1 2303870C 		.ascii	"#\003\207\f\035:p\320\240tr2R6\0251)\031%\305\360q&!=\211\215"
 10314      1D3A70D0 
 10314      A0747232 
 10314      52361531 
 10314      291925C5 
 10315 03ec A47C6A3E 		.ascii	"\244|j>\215\216j0\227\236\316\245\363\231\004c\231\001\303\222"
 10315      8D8E6A30 
 10315      979ECEA5 
 10315      F3990463 
 10315      9901C392 
 10316 0400 0205A3E5 		.ascii	"\002\005\243\345Q\f\250%\243\246\244\345\223\023j\t\241\273_"
 10316      510CA825 
 10316      A3A6A4E5 
 10316      93136A09 
 10316      A1BB5F
 10317 0413 E8896E1E 		.ascii	"\350\211n\036\0331\205f\253\026\321\300\203\320\333\265K\216"
 10317      1B318566 
 10317      AB16D1C0 
 10317      83D0DBB5 
 10317      4B8E
 10318 0425 56C5ACD6 		.ascii	"V\305\254\326\237\377\300\352\222^\377\376\263\325\007\366V\350"
GAS LISTING /tmp/ccHMMbxq.s 			page 226


 10318      9FFFC0EA 
 10318      925EFFFE 
 10318      B3D507F6 
 10318      56E8
 10319 0437 F70E3A73 		.ascii	"\367\016:s\374%\244\214\353\267\312\341#q^-\025\n\316\037\336"
 10319      FC25A48C 
 10319      EBB7CAE1 
 10319      23715E2D 
 10319      150ACE1F 
 10320 044c 01A2898E 		.ascii	"\001\242\211\216S\242X\357\352\346\376\270c\260)K\210\331I\357"
 10320      53A258EF 
 10320      EAE6FEB8 
 10320      63B0294B 
 10320      88D949EF 
 10321 0460 FD78FF90 		.ascii	"\375x\377\220\275#\322k\005\314\223\2179\231\373\325v\254}R\375"
 10321      BD23D26B 
 10321      05CC938F 
 10321      3999FBD5 
 10321      76AC7D52 
 10322 0475 0342B632 		.ascii	"\003B\2662k\225\231cB\266*\\j\205|{\311|=<\\\004o\253\245\262"
 10322      6B959963 
 10322      42B62A5C 
 10322      6A857C7B 
 10322      C97C3D3C 
 10323 048f C97CB230 		.ascii	"\311|\2620j\260\210\274\321ci_\01729;\351\356\246\361\230\217"
 10323      6AB088BC 
 10323      D163695F 
 10323      0F32393B 
 10323      E9EEA6F1 
 10324 04a5 1780DAA8 		.ascii	"\027\200\332\250\201$\250\240RhFDD$I\222t\260\002\221\021+\326"
 10324      8124A8A0 
 10324      52684644 
 10324      44244992 
 10324      74B00291 
 10325 04bc 011140AD 		.ascii	"\001\021@\255\204lFS\220$;\233\001\271\271\267F\220\371\220\304"
 10325      846C4653 
 10325      90243B9B 
 10325      01B9B9B7 
 10325      4690F990 
 10326 04d1 313F1F86 		.ascii	"1?\037\206YIW\224-\020\016\3436#l\360\245\302\"\223\016A\262"
 10326      59495794 
 10326      2D100EE3 
 10326      36236CF0 
 10326      A5C22293 
 10327 04e8 2D38A298 		.ascii	"-8\242\230;\260#\b\2157\276\243\367\031\235x\244,\270y\341\364"
 10327      3BB02308 
 10327      8D37BEA3 
 10327      F7199D78 
 10327      A42CB879 
 10328 04fe 16258725 		.ascii	"\026%\207%\252\202\221\235\206\022T\342\r4\237d\260\357\253\004"
 10328      AA82919D 
 10328      861254E2 
 10328      0D349F64 
 10328      B0EFAB04 
 10329 0512 5D2A88E0 		.ascii	"]*\210\340\323\310\274\220\356\377\327\332\255\210\320Y\232\326"
 10329      D3C8BC90 
 10329      EEFFD7DA 
GAS LISTING /tmp/ccHMMbxq.s 			page 227


 10329      AD88D059 
 10329      9AD6
 10330 0524 4BAB3C49 		.ascii	"K\253<Ir5\257*\337v\362\270\312\221}\023\257\017\006W\2604\201"
 10330      7235AF2A 
 10330      DF76F2B8 
 10330      CA917D13 
 10330      AF0F0657 
 10331 053b 0FEB2524 		.ascii	"\017\353%$>\212\013\202T\360\246\0360\340S06Q$.~\025\001gl\322"
 10331      3E8A0B82 
 10331      54F0A61E 
 10331      30E05330 
 10331      3651242E 
 10332 0555 F286EB8F 		.ascii	"\362\206\353\217YR\315\272\254\224\221\345\224\032\204b\b\203"
 10332      5952CDBA 
 10332      AC9491E5 
 10332      941A8462 
 10332      0883
 10333 0567 FF9DF2E4 		.ascii	"\377\235\362\344\366@\340\205\265\3641\210`)\343@\260\233p5\321"
 10333      F640E085 
 10333      B5F43188 
 10333      6029E340 
 10333      B09B7035 
 10334 057c A185D04C 		.ascii	"\241\205\320L\264\226\212\226\366\264!\241\0054\n4\307\2559\256"
 10334      B4968A96 
 10334      F6B421A1 
 10334      05340A34 
 10334      C7AD39AE 
 10335 0590 56DF9187 		.ascii	"V\337\221\207\230\366\347\310\275lR\026\301\022<\001Mg\244O{"
 10335      98F6E7C8 
 10335      BD6C5216 
 10335      C1123C01 
 10335      4D67A44F 
 10336 05a5 4EF22335 		.ascii	"N\362#54K\264\327\347xrQ\351\2722'e{\003d\033E\300\347\275\357"
 10336      344BB4D7 
 10336      E7787251 
 10336      E9BA3227 
 10336      657B0364 
 10337 05bf ED87CE49 		.ascii	"\355\207\316IH\023\233j\367\316\204\247\321\246\264\266gF\023"
 10337      48139B6A 
 10337      F7CE84A7 
 10337      D1A6B4B6 
 10337      674613
 10338 05d2 0ABA881E 		.ascii	"\n\272\210\036\026\035*o\235c&\366p[\002\004@\355\274\300D\007"
 10338      161D2A6F 
 10338      9D6326F6 
 10338      705B0204 
 10338      40EDBCC0 
 10339 05e8 3A0DD476 		.ascii	":\r\324v 64\267S\335\324\3323\f*\341\360\203\"s\035\004\312\346"
 10339      203634B7 
 10339      53DDD4DA 
 10339      330C2AE1 
 10339      F0832273 
 10340 0600 68BDF770 		.ascii	"h\275\367p\340\302\025\361\207\021\277\311\327AX\355\251^$\233"
 10340      E0C215F1 
 10340      8711BFC9 
 10340      D74158ED 
 10340      A95E249B 
GAS LISTING /tmp/ccHMMbxq.s 			page 228


 10341 0614 985A5143 		.ascii	"\230ZQC4\327Gg\326\t\024\373o!\243\032\032\2452\326\207\257\305"
 10341      34D74767 
 10341      D60914FB 
 10341      6F21A31A 
 10341      1AA532D6 
 10342 062b 4C60062F 		.ascii	"L`\006/C%\030\354\034z\"\361\236\001;\243)=[\326\004$QBL\323"
 10342      432518EC 
 10342      1C7A22F1 
 10342      9E013BA3 
 10342      293D5BD6 
 10343 0645 0388D4B0 		.ascii	"\003\210\324\260\244\265j~\353\204\032"
 10343      A4B56A7E 
 10343      EB841A
 10344              		.text
 10345              		.section	.gnu.lto__ZNSt6vectorIP16rho_coefficientsSaIS1_EE9push_backERKS1_.350.bf5e6e41e14b94cc,"e
 10346 0000 28B52FFD 		.string	"(\265/\375`]\007\275("
 10346      605D07BD 
 10346      2800
 10347 000a 0A43300F 		.string	"\nC0\017E`\246Q:c\346\335\367\250Q\242%\b\351O\0327\330\216\270\216\036\307\004\036\265\2
 10347      4560A651 
 10347      3A63E6DD 
 10347      F7A851A2 
 10347      2508E94F 
 10348 0056 DC00     		.string	"\334"
 10349 0058 E100     		.string	"\341"
 10350 005a 0773315F 		.ascii	"\007s1_b9d\026\306\230\223\250\271{\2630F\214\225\331&LR\272"
 10350      62396416 
 10350      C69893A8 
 10350      B97BB330 
 10350      468C95D9 
 10351 0072 B2A9E72B 		.ascii	"\262\251\347+\037XEG\260\030*\203\022\203\250\270\3732\344\333"
 10351      1F584547 
 10351      B0182A83 
 10351      1283A8B8 
 10351      FB32E4DB 
 10352 0086 298C7583 		.ascii	")\214u\203mB\305\244\271\303\tm\252\213\365\277\274J\363\310"
 10352      6D42C5A4 
 10352      B9C3096D 
 10352      AA8BF5BF 
 10352      BC4AF3C8 
 10353 009a 57CED9E8 		.ascii	"W\316\331\350c7\357X\")\301\332\244\247F/\365\367cTJ"
 10353      6337EF58 
 10353      2229C1DA 
 10353      A4A7462F 
 10353      F5F76354 
 10354 00af EC041AF4 		.string	"\354\004\032\364\364\032uO\tQ\257\027\031_\2203\030!f<\350\236N\361P\177\273\277\345\\\25
 10354      F41A754F 
 10354      0951AF17 
 10354      195F9033 
 10354      1821663C 
 10355 01b0 F76A526F 		.ascii	"\367jRo\237\020\264K\245\006-CC\276\242\316<\315\233\2076{\254"
 10355      9F10B44B 
 10355      A5062D43 
 10355      43BEA2CE 
 10355      3CCD9B87 
 10356 01c7 51032CA4 		.ascii	"Q\003,\244\032\335\257i5@%,\340\254\211AIC\023lSw\367i\215&8"
 10356      1ADDAF69 
GAS LISTING /tmp/ccHMMbxq.s 			page 229


 10356      3540252C 
 10356      E0AC8941 
 10356      4943136C 
 10357 01e2 21E72D22 		.ascii	"!\347-\"%Z%.\335S\264\263aS\207qM\325\335\243\335L\324\317\206"
 10357      255A252E 
 10357      DD53B4B3 
 10357      61538771 
 10357      4DD5DDA3 
 10358 01fb 4C58C051 		.ascii	"LX\300Q\003\262\234\321/\323]t2R\335\310\223u\035tK\245\210#"
 10358      03B29CD1 
 10358      2FD35D74 
 10358      3252DDC8 
 10358      93751D74 
 10359 0213 4DBE1A82 		.ascii	"M\276\032\202\033\037AN\366\313\257\033\037@qr\370c\357\r\335"
 10359      1B1F414E 
 10359      F6CBAF1B 
 10359      1F407172 
 10359      F863EF0D 
 10360 0228 4CF23605 		.ascii	"L\3626\005\2071!&u\220\240&\005L\250\312\274\226\037c\214\265"
 10360      87312126 
 10360      7590A026 
 10360      054CA8CA 
 10360      BC961F63 
 10361 023e 7EE4B8AA 		.ascii	"~\344\270\252b\205\255\216\224\206\366\207\275\200\233\027\222"
 10361      6285AD8E 
 10361      9486F687 
 10361      BD809B17 
 10361      92
 10362 024f E493BDD1 		.ascii	"\344\223\275\321#5\016Gr\254\215\031\366\334\341\376\333\f_0"
 10362      23350E47 
 10362      72AC8D19 
 10362      F6DCE1FE 
 10362      DB0C5F30 
 10363 0263 ABCFFF10 		.ascii	"\253\317\377\020?\364\273\372 rOw\370o\2563\303\026\3252r\347"
 10363      3FF4BBFA 
 10363      20724F77 
 10363      F86FAE33 
 10363      C316D532 
 10364 0279 3FE42DCA 		.ascii	"?\344-\312\223\355w\355W\355\275\241\371\253d\314\n\263\213\237"
 10364      93ED77ED 
 10364      57EDBDA1 
 10364      F9AB64CC 
 10364      0AB38B9F 
 10365 028d 7CA34D84 		.ascii	"|\243M\204\277\006?m\317\217v\244\213\275\317\b]\316\371YnM\272"
 10365      BF063F6D 
 10365      CF8F76A4 
 10365      8BBDCF08 
 10365      5DCEF959 
 10366 02a4 67DF4817 		.ascii	"g\337H\027\331V\226\020=B@\273\245\004\241#J\222%\022\212\320"
 10366      D9569610 
 10366      3D4240BB 
 10366      A504A123 
 10366      4A922512 
 10367 02ba E48039D9 		.ascii	"\344\2009\331\033\305N\336\3508\303\370I_|L \254\355\306=\324"
 10367      1BC54EDE 
 10367      E838C3F8 
 10367      495F7C4C 
GAS LISTING /tmp/ccHMMbxq.s 			page 230


 10367      20ACEDC6 
 10368 02d0 DD24AE87 		.ascii	"\335$\256\207i\315\203\247i\251\355\342\225\253{\351v\230\"t"
 10368      69CD83A7 
 10368      69A9EDE2 
 10368      95AB7BE9 
 10368      76982274 
 10369 02e4 9F781D14 		.ascii	"\237x\035\024\235\342t\232\022\004\r\240\215.\204OJT-\224z.x"
 10369      9DE2749A 
 10369      12040DA0 
 10369      8D2E844F 
 10369      4A542D94 
 10370 02fb C1E2708A 		.ascii	"\301\342p\212W\374\t\205\310\"\357\0275|\301\263\260N\375\204"
 10370      57FC0985 
 10370      C822EF17 
 10370      357CC1B3 
 10370      B04EFD84 
 10371 030f 10243030 		.ascii	"\020$00>\025{\353\252#\032\217\300^\361\270\372\206PP\275\336"
 10371      3E157BEB 
 10371      AA231A8F 
 10371      C05EF1B8 
 10371      FA865050 
 10372 0325 BA62A79F 		.ascii	"\272b\247\237\021)D\346\200\353\212"
 10372      112944E6 
 10372      80EB8A
 10373 0330 7BC5DF11 		.string	"{\305\337\021\370 \306\272\342v\242\200\201B\206\f\030,\250D\242O\025\366\242\202>\240\32
 10373      F820C6BA 
 10373      E276A280 
 10373      8142860C 
 10373      182CA844 
 10374 0431 2294B968 		.ascii	"\"\224\271hQ\265\246;\033u]\352\304\301Y\342\005o\215\307\b\272"
 10374      51B5A63B 
 10374      1B755DEA 
 10374      C4C159E2 
 10374      056F8DC7 
 10375 0447 C38D91CE 		.ascii	"\303\215\221\316:\372\213d@\354\203\345*\004\255\177\315\220"
 10375      3AFA8B64 
 10375      40EC83E5 
 10375      2A04AD7F 
 10375      CD90
 10376 0459 A2E05023 		.ascii	"\242\340P#M\202i\367\003\n;\346\276\216\225\237\034\036\374Q"
 10376      4D8269F7 
 10376      030A3BE6 
 10376      BE8E959F 
 10376      1C1EFC51 
 10377 046d 11123012 		.ascii	"\021\0220\022\225k\214\305\365\206\353\232\005\005\315\2510\017"
 10377      956B8CC5 
 10377      F586EB9A 
 10377      0505CDA9 
 10377      300F
 10378 047f 2E6F3192 		.ascii	".o1\222\bz}\211\234n B\200\316\001\004I\222\207\021\235\203\331"
 10378      087A7D89 
 10378      9C6E2042 
 10378      80CE0104 
 10378      49928711 
 10379 0496 DD42036F 		.ascii	"\335B\003o\261\242\267\233\357\247W\230d\210\033\214\204\276"
 10379      B1A2B79B 
 10379      EFA75798 
GAS LISTING /tmp/ccHMMbxq.s 			page 231


 10379      64881B8C 
 10379      84BE
 10380 04a8 D8804066 		.ascii	"\330\200@f\213\030\340c!\274\007\2032\333\366\312\027-\370\361"
 10380      8B18E063 
 10380      21BC0783 
 10380      32DBF6CA 
 10380      172DF8F1 
 10381 04bc F7723844 		.ascii	"\367r8D\373\342N3\323\305@4\307`\333\025f\026\002\264_\036\177"
 10381      FBE24E33 
 10381      D3C54034 
 10381      C760DB15 
 10381      661602B4 
 10382 04d3 220309E1 		.ascii	"\"\003\t\341\307\272^\003\230;\231AZ\211\333\355\242\342\313"
 10382      C7BA5E03 
 10382      983B9941 
 10382      5A89DBED 
 10382      A2E2CB
 10383 04e6 27FB4709 		.ascii	"'\373G\t\027\347\001\213\023\354t\300:b\272/\274\260%\257\371"
 10383      17E7018B 
 10383      13EC74C0 
 10383      3A62BA2F 
 10383      BCB025AF 
 10384 04fb 902CB0AE 		.ascii	"\220,\260\256\320P\342\336\341\236\244\260\244%\225\206\022\017"
 10384      D050E2DE 
 10384      E19EA4B0 
 10384      A4259586 
 10384      120F
 10385 050d A49F6CB8 		.ascii	"\244\237l\270\"\021\344R\bU\225@\375Do\355\3250\226\032"
 10385      2211E452 
 10385      08559540 
 10385      FD446FED 
 10385      D530961A 
 10386              		.text
 10387              		.section	.gnu.lto__ZNSt6vectorIP16rho_coefficientsSaIS1_EE17_M_realloc_insertIJRKS1_EEEvN9__gnu_cx
 10388 0000 28B52FFD 		.string	"(\265/\375`6!\375\204"
 10388      603621FD 
 10388      8400
 10389 000a 5ACAB02D 		.ascii	"Z\312\260-M \020b\352\262\256\310\220\326f\005\220$\021\020h"
 10389      4D201062 
 10389      EAB2AEC8 
 10389      90D66605 
 10389      90241110 
 10390 001f AE7990B5 		.ascii	"\256y\220\265\243@\232\316\033\032Pd\033\316`\023\274J$?\026"
 10390      A3409ACE 
 10390      1B1A5064 
 10390      1BCE6013 
 10390      BC4A243F 
 10391 0034 D50D8679 		.ascii	"\325\r\206y\306k\310U5\226@\2510\325 U\247\034\3162G\203\334"
 10391      C66BC855 
 10391      359640A9 
 10391      30D52055 
 10391      A71CCE32 
 10392 004b BAAD187F 		.ascii	"\272\255\030\177\251\271\t\327\035\025BkE\322dJ)\315\002\270"
 10392      A9B909D7 
 10392      1D15426B 
 10392      45D2644A 
 10392      29CD02B8 
GAS LISTING /tmp/ccHMMbxq.s 			page 232


 10393 005f 02C1024F 		.ascii	"\002\301\002O\017\365Q/\265\250\210\230\242\253"
 10393      0FF5512F 
 10393      B5A88898 
 10393      A2AB
 10394 006d 4FC52BF5 		.string	"O\305+\365/=\3237\275S\225\234):]\235(:@\272\177\324\217\364I\217\343gx\032\232E5\216\255
 10394      2F3DD337 
 10394      BD53959C 
 10394      293A5D9D 
 10394      283A40BA 
 10395 016e 8D7EAEE0 		.string	"\215~\256\340Ak\313\326-\344\301*\334\326X^cv\\\261\021\372\345 \364\203\033\324\362\024\
 10395      416BCBD6 
 10395      2DE4C12A 
 10395      DCD6585E 
 10395      63765CB1 
 10396 01ed D8B8C9C4 		.ascii	"\330\270\311\304\326\260\352Ib\034ck\222$m\260\241\364\343sG"
 10396      D6B0EA49 
 10396      621C636B 
 10396      92246DB0 
 10396      A1F4E373 
 10397 0202 B3DB95D8 		.ascii	"\263\333\225\330\360$R\026U\243\230\312\303\005W\026\250\263"
 10397      F0245216 
 10397      55A398CA 
 10397      C3055716 
 10397      A8B3
 10398 0214 AAA41F5D 		.ascii	"\252\244\037]\\\316\351\274\316\355\034\317\221\2642\252wdG\224"
 10398      5CCEE9BC 
 10398      CEED1CCF 
 10398      91B432AA 
 10398      77644794 
 10399 0228 E09D0F4F 		.ascii	"\340\235\017O\352\032\371\021\224\245\310O\024\340Y\017\322\034"
 10399      EA1AF911 
 10399      94A5C84F 
 10399      14E0590F 
 10399      D21C
 10400 023a 90319662 		.ascii	"\2201\226b\306GVi>r\222~\224F5\273\343\200>\306q\215Q\002\004"
 10400      C6475669 
 10400      3E72927E 
 10400      944635BB 
 10400      E3803EC6 
 10401 0253 D28D63AC 		.ascii	"\322\215c\254\n?\266\t\035=\322\314\331\033|G`\2605\277\206\030"
 10401      0A3FB609 
 10401      1D3DD2CC 
 10401      D91B7C47 
 10401      60B035BF 
 10402 0269 BC8038A6 		.ascii	"\274\2008\246\313q$\216\343\232\306 \351\307hY\323\277\333\337"
 10402      CB71248E 
 10402      E39AC620 
 10402      E9C76859 
 10402      D3BFDBDF 
 10403 027d 1C0E76AC 		.ascii	"\034\016v\254\f\313+\263\t\256\017K7\216\2635\215@\322\217\215"
 10403      0CCB2BB3 
 10403      09AE0F4B 
 10403      378EB335 
 10403      8D40D28F 
 10404 0292 F511483F 		.ascii	"\365\021H?&=\004\322\217\rww\025@r(X\350\022\3438\266\311b\016"
 10404      263D04D2 
 10404      8F0D7777 
GAS LISTING /tmp/ccHMMbxq.s 			page 233


 10404      15407228 
 10404      58E812E3 
 10405 02ab 7B8797A4 		.ascii	"{\207\227\244\013\362h\314\017\267#\361c\326Q\023\271\"LB\336"
 10405      0BF268CC 
 10405      0FB723F1 
 10405      63D65113 
 10405      B9224C42 
 10406 02c0 E1C95C04 		.ascii	"\341\311\\\004\n\201:\272\304\024y4Q\371\213\321\204  \232\007"
 10406      0A813ABA 
 10406      C4147934 
 10406      51F98BD1 
 10406      8420209A 
 10407 02d5 2E51190B 		.ascii	".Q\031\013\330\201U\367\\N\300\217\245\251O:\217&)w\361\300%"
 10407      D88155F7 
 10407      5C4EC08F 
 10407      A5A94F3A 
 10407      8F262977 
 10408 02ec 29AAA247 		.ascii	")\252\242GB\371\321H\263vE\017\206\311j\224\211#\002\373*\321"
 10408      42F9D148 
 10408      B376450F 
 10408      86C96A94 
 10408      892302FB 
 10409 0302 1B3B30E5 		.ascii	"\033;0\345\360l4!\244\206\205a\0322\026\240e\016\373t\376IL\325"
 10409      F06C3421 
 10409      A4868561 
 10409      1A3216A0 
 10409      650EFB74 
 10410 031a 7F171671 		.ascii	"\177\027\026q\034\367#15y+\275\273\335\272\337\200n\024/\002"
 10410      1CF72331 
 10410      35792BBD 
 10410      BBDDBADF 
 10410      806E142F 
 10411 032f F103B08E 		.ascii	"\361\003\260\216\227\002W\365\003Q\240\360\325\215\227\030\026"
 10411      970257F5 
 10411      0351A0F0 
 10411      D58D9718 
 10411      16
 10412 0340 D28F2ED9 		.ascii	"\322\217.\331E\212\224\342\3331\373\021O.^\251\277\245W\274\347"
 10412      458A94E2 
 10412      DB31FB11 
 10412      4F2E5EA9 
 10412      BFA557BC 
 10413 0355 FD1378AB 		.ascii	"\375\023x\253\002\2578\266:\022\334\225\264\3468\004\374\350"
 10413      02AF38B6 
 10413      3A12DC95 
 10413      B4E63804 
 10413      FCE8
 10414 0367 0E7F2193 		.ascii	"\016\177!\223\271\033\016\203\307\336\221\216\331\221\370[\271"
 10414      B91B0E83 
 10414      C7DE918E 
 10414      D991F85B 
 10414      B9
 10415 0378 05E15A33 		.ascii	"\005\341Z3Q/\363\017\372\377\226\356'|\034`2\244\037\227\271"
 10415      512FF30F 
 10415      FAFF96EE 
 10415      277C1C60 
 10415      32A41F97 
GAS LISTING /tmp/ccHMMbxq.s 			page 234


 10416 038d 3F898A9A 		.ascii	"?\211\212\232\253\215\255\2721\316`\355\3068\177u/\277Q\314|"
 10416      AB8DADBA 
 10416      31CE60ED 
 10416      C6387F75 
 10416      2FBF51CC 
 10417 03a2 9F98F936 		.ascii	"\237\230\3716A\363]\342\200\357\001h\276e\020\370&\341q\336#"
 10417      41F35DE2 
 10417      80EF0168 
 10417      BE6510F8 
 10417      26E171DE 
 10418 03b7 0EF816B1 		.ascii	"\016\370\026\261\374\016\261\374\216\231\371"
 10418      FC0EB1FC 
 10418      8E99F9
 10419 03c2 0631F3FD 		.string	"\0061\363\375\201\346\333\003\3157\314\362\033\200\037\364^.\277\225\216uO\372\235\267\31
 10419      81E6DB03 
 10419      CD37CCF2 
 10419      1B801FF4 
 10419      5E2EBF95 
 10420 04c3 251D7250 		.ascii	"%\035rP'r\031|V\214(\"P&D"
 10420      2772197C 
 10420      568C2822 
 10420      502644
 10421 04d2 3238B177 		.string	"28\261wX\365$1\233A\267r\210\006\335J\266\027\342\"\310ce\244P\301\275m\301\275\2650\333*
 10421      58F52431 
 10421      9B41B772 
 10421      8806DD4A 
 10421      B617E222 
 10422 05d3 ECB56905 		.string	"\354\265i\005\325S\325\333\255\334\201\323\255\234\352\247\372\034\375\001O\r:\fB|G\352\2
 10422      D553D5DB 
 10422      ADDC81D3 
 10422      AD9CEAA7 
 10422      FA1CFD01 
 10423 05ff 3B72CC60 		.ascii	";r\314`=\002[\016\361<\362\266\230\375m\277\375\006\251\314J"
 10423      3D025B0E 
 10423      F13CF2B6 
 10423      98FD6DBF 
 10423      FD06A9CC 
 10424 0614 2D937D50 		.ascii	"-\223}P\307\342\020\300\241<\344\2014\371T\377\252\3234\331)"
 10424      C7E210C0 
 10424      A13CE481 
 10424      34F954FF 
 10424      AAD334D9 
 10425 0629 72A942CE 		.ascii	"r\251B\316\314\263\313A\360\343EEDo#]\023\236\024\356\241\177"
 10425      CCB3CB41 
 10425      F0E34545 
 10425      446F235D 
 10425      139E14EE 
 10426 063f 1E5E9A58 		.ascii	"\036^\232X!\225*S\272Q\236\270\277u\005\013\375\t\375\007\375"
 10426      21952A53 
 10426      BA519EB8 
 10426      BF75050B 
 10426      FD09FD07 
 10427 0654 05BD5930 		.ascii	"\005\275Y0\361/\202\013l\353\243\022c\271s\377\226\331\371|\317"
 10427      F12F820B 
 10427      6CEBA312 
 10427      63B973FF 
 10427      96D9F97C 
GAS LISTING /tmp/ccHMMbxq.s 			page 235


 10428 0669 3B843913 		.ascii	";\2049\023\205\2249 \231\013\212\243\211\301g.E\307\006-\362"
 10428      85943920 
 10428      990B8AA3 
 10428      89C1672E 
 10428      45C7062D 
 10429 067e C001431B 		.ascii	"\300\001C\033\353\332:1u\263V\026<\245\244\003\274\263\342f\326"
 10429      EBDA3A31 
 10429      75B35616 
 10429      3CA5A403 
 10429      BCB3E266 
 10430 0693 DF83EB8A 		.ascii	"\337\203\353\212\216|UaZ\327\004\361\371\032\224%I\233U\025b"
 10430      8E7C5561 
 10430      5AD704F1 
 10430      F91A9425 
 10430      499B5515 
 10431 06a8 93264720 		.ascii	"\223&G \274m9\020\322\343<E\020(\334%zJ\254\254\264\333?g\032"
 10431      BC6D3910 
 10431      D2E33C45 
 10431      1028DC25 
 10431      7A4AACAC 
 10432 06c1 89988838 		.ascii	"\211\230\2108\271\353\353\222\310\235\247`\200\313t\220\246t"
 10432      B9EBEB92 
 10432      C89DA760 
 10432      80CB7490 
 10432      A674
 10433 06d3 8E7A2168 		.ascii	"\216z!h\013,\204\364#\211\374L<yd\273%\211\212\312u\217\262\222"
 10433      0B2C84F4 
 10433      2389FC4C 
 10433      3C7964BB 
 10433      25898ACA 
 10434 06eb 0377EBFF 		.ascii	"\003w\353\377\347\337\347\315B\353\217E$\355NK%\316\277\304\231"
 10434      E7DFE7CD 
 10434      42EB8F45 
 10434      24ED4E4B 
 10434      25CEBFC4 
 10435 0700 F9F598FC 		.ascii	"\371\365\230\374\225<u\016x*\351\364\242\246\247e\366c\327\254"
 10435      953C750E 
 10435      782AE9F4 
 10435      A2A6A765 
 10435      F663D7AC 
 10436 0714 CC9FDDF0 		.ascii	"\314\237\335\360P\316z&\223={\331\341^\221\026j\256\3069\n7*"
 10436      50CE7A26 
 10436      933D7BD9 
 10436      E15E9116 
 10436      6AAEC639 
 10437 072b 5C65F639 		.ascii	"\\e\3669G\312\021\371\320\303J\315\230\301\272\316\237\316\013"
 10437      47CA11F9 
 10437      D0C34ACD 
 10437      98C1BACE 
 10437      9FCE0B
 10438 073e A023B3D2 		.ascii	"\240#\263\322\326\327\265\340\333\333\020y\314\"r?\036L\004\027"
 10438      D6D7B5E0 
 10438      DBDB1079 
 10438      CC22723F 
 10438      1E4C0417 
 10439 0752 BD2385C8 		.ascii	"\275#\205\310\217\347\357\366\366\365w\376Eo\\w}v\"\362\3279"
 10439      8FE7EFF6 
GAS LISTING /tmp/ccHMMbxq.s 			page 236


 10439      F6F577FE 
 10439      456F5C77 
 10439      7D7622F2 
 10440 0768 F24A9769 		.ascii	"\362J\227i\200\315\222t\rG\345\031\340\251\016p@\341\252v\261"
 10440      80CD9274 
 10440      0D47E519 
 10440      E0A90E70 
 10440      40E1AA76 
 10441 077d 23A41F45 		.ascii	"#\244\037E\344\024cHP\037U%+\2243Xw\307@\036\363\323\271Q\311"
 10441      E4146348 
 10441      501F5525 
 10441      2B943358 
 10441      77C7401E 
 10442 0796 3687214E 		.ascii	"6\207!N\206^K\377\234\007@\346\344\230_\316\231\331\352O\304"
 10442      865E4BFF 
 10442      9C0740E6 
 10442      E4985FCE 
 10442      99D9EA4F 
 10443 07ab 9947F051 		.ascii	"\231G\360Q2\033)\345\354\232\270\305q|\224\2746\271\245\340&"
 10443      321B29E5 
 10443      EC9AB8C5 
 10443      717C94BC 
 10443      36B9A5E0 
 10444 07c0 854BADFE 		.ascii	"\205K\255\376$\255^\304A\300\271\201@\003Ds"
 10444      24AD5EC4 
 10444      41C0B981 
 10444      40034473 
 10445 07d0 AA210F79 		.string	"\252!\017y\320\2004L\255\242^\"\2268\216UHz\003\"\033\320\207\250\327\227,!D\202<\023\227
 10445      D080344C 
 10445      ADA25E22 
 10445      96388E55 
 10445      487A0322 
 10446 08b9 D9449D50 		.string	"\331D\235P\350O\324\306Y\243g\307\306\201\236F\235R\350\363uF_\030\357\004\023\310\244@Jw
 10446      E84FD4C6 
 10446      59A367C7 
 10446      C6819E46 
 10446      9D52E8F3 
 10447 08f5 E77D33F4 		.string	"\347}3\364}\263\317\373f\031N\351\017\364\347u\262p\003\247\3062\247\207\207\007\347}]\24
 10447      7DB3CFFB 
 10447      66194EE9 
 10447      0FF4E775 
 10447      B27003A7 
 10448 0984 040D4820 		.string	"\004\rH \001\004\016\254\360\361\311Y\001\305\251A#\347)c\204\364\27135vN\316tE\264g\232\
 10448      01040EAC 
 10448      F0F1C959 
 10448      01C5A941 
 10448      23E72963 
 10449 0a64 67601FF2 		.string	"g`\037\362k=\2263\251k\376V\316\364\220?d\022V&\304\"-\271\3520\331Cv\253_\025\200\f\223_
 10449      6B3D9633 
 10449      A96BFE56 
 10449      CEF4903F 
 10449      64125626 
 10450 0a9b C87E5626 		.ascii	"\310~V&\265\366F\315U\2676\024\244\344\232\034\205d\341\270("
 10450      B5F646CD 
 10450      55B73614 
 10450      A4E49A1C 
 10450      8564E1B8 
GAS LISTING /tmp/ccHMMbxq.s 			page 237


 10451 0ab0 BEE8AD4F 		.ascii	"\276\350\255O\364C:\036\307'=\322\037}\3233\375\322+E=\324?}"
 10451      F4433A1E 
 10451      C7273DD2 
 10451      1F7DD333 
 10451      FDD22B45 
 10452 0ac8 8E137944 		.ascii	"\216\023yDF\221]\236J\344\0239\200\"m{I\023y\231G\344\376)c\211"
 10452      46915D9E 
 10452      4AE41339 
 10452      80226D7B 
 10452      49137999 
 10453 0ae2 6C229328 		.ascii	"l\"\223(\322\246\346\362\345%t\344\241\r\246\334\267\256\306"
 10453      D2A6E6F2 
 10453      E52574E4 
 10453      A10DA6DC 
 10453      B7AEC6
 10454 0af5 5C223F95 		.ascii	"\\\"?\225\373\026\222\032\2415M*\n\352)\307;51-)=\r8\374\223"
 10454      FB16921A 
 10454      A1354D2A 
 10454      0AEA29C7 
 10454      3B35312D 
 10455 0b0f FC91FC8F 		.ascii	"\374\221\374\217\336\250\314\277\310\231o}\242\037B\223\301\263"
 10455      DEA8CCBF 
 10455      C8996F7D 
 10455      A21F4293 
 10455      C1B3
 10456 0b21 F3217655 		.ascii	"\363!vUuf&\306\242j\364BN}W\272d=\212\b\265\216Px[\343\216@f"
 10456      756626C6 
 10456      A26AF442 
 10456      4E7D57BA 
 10456      643D8A08 
 10457 0b3e 651E9163 		.ascii	"e\036\221c&\212p\036\304=#s\277\325\252\232=\216\373\347L\276"
 10457      268A701E 
 10457      C43D2373 
 10457      BFD5AA9A 
 10457      3D8EFBE7 
 10458 0b54 BDAD2B26 		.ascii	"\275\255+&\247n!\2413\007\005\375h\230\305\342V\231\322\215\342"
 10458      A76E21A1 
 10458      330705FD 
 10458      6898C5E2 
 10458      5699D28D 
 10459 0b69 13BC6969 		.ascii	"\023\274ii\353[tf!r\203\367\354\222\225\271\003\202\342\250B"
 10459      EB5B7466 
 10459      217283F7 
 10459      EC9295B9 
 10459      0382E2A8 
 10460 0b7e 3945093A 		.ascii	"9E\t:\306\f\r\211\210$IR\350\222\013\020\206\"QX[\352\001\022"
 10460      C60C0D89 
 10460      88244952 
 10460      E8920B10 
 10460      86225158 
 10461 0b96 203439D0 		.ascii	" 49\320sH\231\222\031\t\222\024$\225\302\262g\356\301NG\235h"
 10461      73489992 
 10461      19099214 
 10461      2495C2B2 
 10461      67EEC14E 
 10462 0bad B8E04468 		.ascii	"\270\340Dh\365\250PDtX\363T\254\f\347K\034\2511i\335\212\024"
 10462      F5A85044 
GAS LISTING /tmp/ccHMMbxq.s 			page 238


 10462      7458F354 
 10462      AC0CE74B 
 10462      1CA93169 
 10463 0bc4 F6D17EA9 		.ascii	"\366\321~\251\2026\365\340\237t\313\244\205M\375\313\374\307"
 10463      8236F5E0 
 10463      9F74CBA4 
 10463      854DFDCB 
 10463      FCC7
 10464 0bd6 D5E25081 		.ascii	"\325\342P\201TU0\274\257\237\245r+\351\034U\334\322\370\006\301"
 10464      545530BC 
 10464      AF9FA572 
 10464      2BE91C55 
 10464      DCD2F806 
 10465 0beb 8EBF83A9 		.ascii	"\216\277\203\251\256Kl\304'\205\004\311#\243\245\257\341\371"
 10465      AE4B6CC4 
 10465      278504C9 
 10465      23A3A5AF 
 10465      E1F9
 10466 0bfd A5EC52A9 		.ascii	"\245\354R\251\267M'\245\267\005\226\0316\205\345\306\004\372"
 10466      B74D27A5 
 10466      B7059619 
 10466      3685E5C6 
 10466      04FA
 10467 0c0f 9074275C 		.ascii	"\220t'\\\223\235\270\275\323\020\332~|?\t\236\363\272=\365)\317"
 10467      939DB8BD 
 10467      D310DA7E 
 10467      7C3F099E 
 10467      F3BA3DF5 
 10468 0c25 CB272E36 		.ascii	"\313'.6[H\252\272\374\320\031\262a3\243\306\221\275\\\242\341"
 10468      5B48AABA 
 10468      FCD019B2 
 10468      6133A3C6 
 10468      91BD5CA2 
 10469 0c3a C0E3759F 		.ascii	"\300\343u\237\304\216\312N\263F\240\005\177\225&\316\310\224"
 10469      C48ECA4E 
 10469      B346A005 
 10469      7F9526CE 
 10469      C894
 10470 0c4c E9FDF14C 		.ascii	"\351\375\361L\365-\257\357\243\315\240\222\253\316^\261eG\245"
 10470      F52DAFEF 
 10470      A3CDA092 
 10470      ABCE5EB1 
 10470      6547A5
 10471 0c5f DCB7079B 		.ascii	"\334\267\007\2333r\326\232iA~Y\244\030s0P\323\023\003\215NX\330"
 10471      3372D69A 
 10471      69417E59 
 10471      A4187330 
 10471      50D31303 
 10472 0c77 3238017B 		.ascii	"28\001{\226\r\216\033\254}\324\330\351\356\316\003vg\030\354"
 10472      960D8E1B 
 10472      AC7DD4D8 
 10472      E9EECE03 
 10472      766718EC 
 10473 0c8b E9E4DC99 		.ascii	"\351\344\334\231]w\341\225\362_h\357q\013e\313j\303[C\177\204"
 10473      5D77E195 
 10473      F25F68EF 
 10473      710B65CB 
GAS LISTING /tmp/ccHMMbxq.s 			page 239


 10473      6AC35B43 
 10474 0ca1 5E74229D 		.ascii	"^t\"\235?\"GI\270!\341\205P\250$\240\350\037\b\302J\333\317\326"
 10474      3F224749 
 10474      B821E185 
 10474      50A824A0 
 10474      E81F08C2 
 10475 0cb9 4EEB77A7 		.ascii	"N\353w\247\222T&\345t\323\236W"
 10475      925426E5 
 10475      74D39E57 
 10476 0cc5 5D1076DF 		.string	"]\020v\337r5$\376\201\313k\351\335\271\252\313\320M'\206<CS,t\312\342\206j\257oD\363u\352
 10476      723524FE 
 10476      81CB6BE9 
 10476      DDB9AACB 
 10476      D04D2786 
 10477 0dc6 E59F47C1 		.ascii	"\345\237G\301\340\367\274v\025\244\322\246\250^\372\361\356l"
 10477      E0F7BC76 
 10477      15A4D2A6 
 10477      A85EFAF1 
 10477      EE6C
 10478 0dd8 F807B464 		.ascii	"\370\007\264di\352^\3054\300\233\0165\356\037\235\377\312##\357"
 10478      69EA5EC5 
 10478      34C09B0E 
 10478      35EE1F9D 
 10478      FFCA2323 
 10479 0ded 9E933A3B 		.ascii	"\236\223:;^\013\352d\276\213\020\252\215\2014\203\260\237R\265"
 10479      5E0BEA64 
 10479      BE8B10AA 
 10479      8D813483 
 10479      B09F52B5 
 10480 0e01 3F5249E0 		.ascii	"?RI\340!\225\321\276\361;\235\350\231\271\f\251\320\016\324\\"
 10480      2195D1BE 
 10480      F13B9DE8 
 10480      99B90CA9 
 10480      D00ED45C 
 10481 0e15 8AA55B35 		.ascii	"\212\245[5\242:\344%3\324K\247\354\217\f\363\364\330\362\370"
 10481      A23AE425 
 10481      33D44BA7 
 10481      EC8F0CF3 
 10481      F4D8F2F8 
 10482 0e29 D08FC6B7 		.ascii	"\320\217\306\267\323\023{.\327\301\307\344\363\007\331\226D'"
 10482      D3137B2E 
 10482      D7C1C7E4 
 10482      F307D996 
 10482      4427
 10483 0e3b F518CF5D 		.ascii	"\365\030\317]bYV9u\220\353\312\316,\030\032\241\203\306\211\372"
 10483      62595639 
 10483      7590EBCA 
 10483      CE2C181A 
 10483      A183C689 
 10484 0e50 3914C7F1 		.ascii	"9\024\307\361\026Th\023\335@\241\271\021\227\307\033/B\304\002"
 10484      16546813 
 10484      DD40A1B9 
 10484      1197C71B 
 10484      2F42C402 
 10485 0e64 AD9A8257 		.ascii	"\255\232\202Wh\245a\247lq\032\257{..~\367\034\223\342\026\255"
 10485      68A561A7 
 10485      6C711AAF 
GAS LISTING /tmp/ccHMMbxq.s 			page 240


 10485      7B2E2E7E 
 10485      F71C93E2 
 10486 0e7a BF0AFB6E 		.ascii	"\277\n\373n\264\006\371.\324\372\225\304\367|mM\006#\212\262"
 10486      B406F92E 
 10486      D4FA95C4 
 10486      F77C6D4D 
 10486      06238AB2 
 10487 0e8e C57986BE 		.ascii	"\305y\206\276\327/^\031#\257\356#\032\274Vlr\b\321\241b\335\322"
 10487      D72F5E19 
 10487      23AFEE23 
 10487      1ABC566C 
 10487      7208D1A1 
 10488 0ea5 09025382 		.ascii	"\t\002S\202\374\346\220W\267\024N\360d\300\265i\275\216U\017"
 10488      FCE69057 
 10488      B7144EF0 
 10488      64C0B569 
 10488      BD8E550F 
 10489 0eb9 0540D863 		.ascii	"\005@\330cN\0029\323\177C\304\f=AlY\334{\222\210\362\324@Xp%"
 10489      4E0239D3 
 10489      7F43C40C 
 10489      3D416C59 
 10489      DC7B9288 
 10490 0ed3 DE0D4789 		.ascii	"\336\rG\211K*\022\351N(\2239\2163\236t4ke9<\226\344\0343\213"
 10490      4B2A12E9 
 10490      4E289339 
 10490      8E339E74 
 10490      346B6539 
 10491 0eed 8C40E65C 		.ascii	"\214@\346\\B\266\016JBuaFU\213W\356\0313@\320\021*}6\021.\033"
 10491      42B60E4A 
 10491      42756146 
 10491      558B57EE 
 10491      193340D0 
 10492 0f08 763ADCD0 		.ascii	"v:\334\320\353(\245\240\013\312\310J\366j\272#\267\262&\224\234"
 10492      EB28A5A0 
 10492      0BCAC84A 
 10492      F66ABA23 
 10492      B7B22694 
 10493 0f1d 1629FDE3 		.ascii	"\026)\375\343\343\200U\372\325\214\203\240\037\270\310A\t\210"
 10493      E38055FA 
 10493      D58C83A0 
 10493      1FB8C841 
 10493      0988
 10494 0f2f CC3721B2 		.ascii	"\3147!\262\0366)\274\371S\213\310\345\237\2274\336\201m)\232"
 10494      1E3629BC 
 10494      F9538BC8 
 10494      E59F9734 
 10494      DE816D29 
 10495 0f44 2507932F 		.ascii	"%\007\223/\322\314\276\244 !O\361N\200!\353u\033\332\334\356"
 10495      D2CCBEA4 
 10495      20214FF1 
 10495      4E8021EB 
 10495      751BDADC 
 10496 0f59 A3A18243 		.ascii	"\243\241\202C\211_0\237\262\326\017\230\331\320\035\321\273p"
 10496      895F309F 
 10496      B2D60F98 
 10496      D9D01DD1 
 10496      BB70
GAS LISTING /tmp/ccHMMbxq.s 			page 241


 10497 0f6b 14244AB1 		.ascii	"\024$J\261'\265e\307]59 \224r\rvs^\334\264Ri\237cs\200\360-\221"
 10497      27B565C7 
 10497      5D353920 
 10497      94720D76 
 10497      735EDCB4 
 10498 0f88 F50D2FD5 		.ascii	"\365\r/\325\305\263\013\217#\"vP?M\244`'\306\007\275\275(-\026"
 10498      C5B30B8F 
 10498      23227650 
 10498      3F4DA460 
 10498      27C607BD 
 10499 0fa0 D96049C4 		.string	"\331`I\304\341\235!\230\267\207UvwU\035\224A\373\243\374\210\272\035\213\215\324\347\302c
 10499      E19D2198 
 10499      B7875576 
 10499      77551D94 
 10499      41FBA3FC 
 10500 1021 83885040 		.string	"\203\210P@\214\327\0258\202"
 10500      8CD71538 
 10500      8200
 10501 102b 06554AE3 		.string	"\006UJ\343,#\267O\034\016W\317\251?"
 10501      2C23B74F 
 10501      1C0E57CF 
 10501      A93F00
 10502 103a 8FD66DCB 		.ascii	"\217\326m\313\212&fh:\343\237\306VCs\270\265\371p\334\344t\333"
 10502      8A266668 
 10502      3AE39FC6 
 10502      564373B8 
 10502      B5F970DC 
 10503 1051 D78F31B1 		.ascii	"\327\2171\261\031\007\263\373\034~\250l\343\017\002L^\250\334"
 10503      1907B3FB 
 10503      1C7EA86C 
 10503      E30F024C 
 10503      5EA8DC
 10504 1064 E57493E2 		.ascii	"\345t\223\342\241\001Z\206\224\227k7\234\221\022m\213b\246\007"
 10504      A1015A86 
 10504      94976B37 
 10504      9C91126D 
 10504      8B62A607 
 10505 1078 206C8585 		.ascii	" l\205\205\324\212\211\212\325\001\030\255C\346Cxh5^\246K\300"
 10505      D48A898A 
 10505      D50118AD 
 10505      43E64378 
 10505      68355EA6 
 10506 108e 13EA34A4 		.ascii	"\023\3524\244\027\300\036\002\226\0064\355v3ZT\201 \025\\qEI"
 10506      17C01E02 
 10506      960634ED 
 10506      76335A54 
 10506      8120155C 
 10507 10a5 3596ED43 		.ascii	"5\226\355C"
 10508              		.text
 10509              		.section	.gnu.lto__ZSt8_DestroyIPP16rho_coefficientsEvT_S3_.375.bf5e6e41e14b94cc,"e",@progbits
 10510 0000 28B52FFD 		.string	"(\265/\375`7"
 10510      603700
 10511 0007 C50800   		.string	"\305\b"
 10512 000a 56103F3A 		.string	"V\020?:0\305*\035"
 10512      30C52A1D 
 10512      00
 10513 0013 1FAB0BAD 		.string	"\037\253\013\255\030\002i\307\242n\026\210k\237A\336%[\2332\226a!\264\034\336\224\207D\25
GAS LISTING /tmp/ccHMMbxq.s 			page 242


 10513      180269C7 
 10513      A26E1688 
 10513      6B9F41DE 
 10513      255B9B32 
 10514 004a 3000     		.string	"0"
 10515 004c 2D00     		.string	"-"
 10516 004e 06976FFE 		.string	"\006\227o\376l\331\253\310\016\240\200\304f\273+\343\310\277\303\317\377\311\tT\253\215C\
 10516      6CD9ABC8 
 10516      0EA080C4 
 10516      66BB2BE3 
 10516      C8BFC3CF 
 10517 0088 9588CCB7 		.string	"\225\210\314\267\022\313\341\320~\311M\276W\224@H\001+\205E\266[\031\274\220\371\346z\315
 10517      12CBE1D0 
 10517      7EC94DBE 
 10517      57944048 
 10517      012B8545 
 10518 010b 3D131817 		.ascii	"=\023\030\027xkLX\026\236\026\206\006v@\250\203\343\332X\b\223"
 10518      786B4C58 
 10518      169E1686 
 10518      067640A8 
 10518      83E3DA58 
 10519 0121 0C       		.ascii	"\f"
 10520              		.text
 10521              		.section	.gnu.lto__ZNKSt6vectorIP16rho_coefficientsSaIS1_EE12_M_check_lenEmPKc.381.bf5e6e41e14b94c
 10522 0000 28B52FFD 		.string	"(\265/\375`\315\006\035)"
 10522      60CD061D 
 10522      2900
 10523 000a BA473C10 		.string	"\272G<\020DP\036R:\353S\236NJw\312N\313l\320\302/\374=o\250d\240\347\2019\214\257(\031\21
 10523      44501E52 
 10523      3AEB539E 
 10523      4E4A77CA 
 10523      4ECB6CD0 
 10524 0055 EA00     		.string	"\352"
 10525 0057 F100     		.string	"\361"
 10526 0059 BE7BB4AA 		.ascii	"\276{\264\252O\223\006\242\371Y\340)\344\007X\336\331F\361\263"
 10526      4F9306A2 
 10526      F959E029 
 10526      E40758DE 
 10526      D946F1B3 
 10527 006d AAEEE0D9 		.ascii	"\252\356\340\331\333\275\243/\355 2\020\261\273\354\206\321\025"
 10527      DBBDA32F 
 10527      ED203210 
 10527      B1BBEC86 
 10527      D115
 10528 007f 59BE4E   		.ascii	"Y\276N"
 10529 0082 D2E08139 		.string	"\322\340\2019:\333$\220|\210\230\f\307\231\0305\347\350\260A\274\021\233\214\325\027\344l
 10529      3ADB2490 
 10529      7C88980C 
 10529      C7991835 
 10529      E7E8B041 
 10530 0183 0DB99297 		.ascii	"\r\271\222\227s\226\320Gu{ao\312[\355\350\362\342)\3755ch\267"
 10530      7396D047 
 10530      757B616F 
 10530      CA5BEDE8 
 10530      F2E229FD 
 10531 019b EFF68093 		.ascii	"\357\366\200\223\375\001\202\267\211\202\267\205B\267\207\202"
 10531      FD0182B7 
GAS LISTING /tmp/ccHMMbxq.s 			page 243


 10531      8982B785 
 10531      42B78782 
 10532 01ab 42B78580 		.ascii	"B\267\205\200\267\333G\377\037\3606\333\267W\340m\f\274}\201"
 10532      B7DB47FF 
 10532      1FF036DB 
 10532      B757E06D 
 10532      0CBC7D81 
 10533 01bf B74F4018 		.ascii	"\267O@\030v9`93\251\346\3457V\r\226\227\275\033itE\246\274\362"
 10533      76396039 
 10533      33A9E6E5 
 10533      37560D96 
 10533      97BD1B69 
 10534 01d8 4B8E7A74 		.ascii	"K\216zt\273\337Ws\265\032l.F\017\316\232\233}t\031=\277\340e"
 10534      BBDF5773 
 10534      B51A6C2E 
 10534      460FCE9A 
 10534      9B7D7419 
 10535 01f0 A1A3F124 		.ascii	"\241\243\361$\336\37355\234\274U\203\f\325\324\350\016\236\332"
 10535      DEFB3535 
 10535      9CBC5583 
 10535      0CD5D4E8 
 10535      0E9EDA
 10536 0203 1DECAA9B 		.ascii	"\035\354\252\233\365\315<\355\336\351\265\201\345\234\203h\316"
 10536      F5CD3CED 
 10536      DEE9B581 
 10536      E59C8368 
 10536      CE
 10537 0214 E0A139D3 		.ascii	"\340\2419\323\300\252=\2136M>3\203d \227\236\033\263\243\263"
 10537      C0AA3D8B 
 10537      364D3E33 
 10537      83642097 
 10537      9E1BB3A3 
 10538 0229 50798801 		.ascii	"Py\210\001\030?)\351\261\245\304\313\243\335/9\2740B\350\246"
 10538      183F29E9 
 10538      B1A5C4CB 
 10538      A3DD2F39 
 10538      BC3042E8 
 10539 023e 3E3CE557 		.ascii	"><\345W\256\240w,\206\266\370\342SO4\263\033sK{\321\023([uvy"
 10539      AEA0772C 
 10539      86B6F8E2 
 10539      534F34B3 
 10539      1B734B7B 
 10540 0259 8C039A13 		.ascii	"\214\003\232\023\240\322u\263\257yx\201'\347\374\346\321\336"
 10540      A0D275B3 
 10540      AF797881 
 10540      27E7FCE6 
 10540      D1DE
 10541 026b E2B73984 		.ascii	"\342\2679\204\246\037e\237\017\275\346\360\214\346~\351\035\300"
 10541      A61F659F 
 10541      0FBDE6F0 
 10541      8CE67EE9 
 10541      1DC0
 10542 027d CDFD7953 		.ascii	"\315\375yS\366\006\345\255\342j\235\270\263\025\301\r\200\273"
 10542      F606E5AD 
 10542      E26A9DB8 
 10542      B315C10D 
 10542      80BB
GAS LISTING /tmp/ccHMMbxq.s 			page 244


 10543 028f 438CB86F 		.ascii	"C\214\270o\266P\253MN\031\036X8\353@\0220\214\247\\|<`\214\r"
 10543      B650AB4D 
 10543      4E191E58 
 10543      38EB4012 
 10543      308CA75C 
 10544 02a8 EBEEF5C9 		.ascii	"\353\356\365\311\374b\fP.LT}\267\371\216=(af\351\365\313nN\217"
 10544      FC620C50 
 10544      2E4C547D 
 10544      B7F98E3D 
 10544      286166E9 
 10545 02c1 106E31D2 		.ascii	"\020n1\322\227\326^\373v\363\ra!|&\333\022/[\210\211\360\020"
 10545      97D65EFB 
 10545      76F30D61 
 10545      217C26DB 
 10545      122F5B88 
 10546 02d8 1EFA6276 		.ascii	"\036\372bvY\226x\236\023\270)\207')\307\035!\306M\250Z\233x\235"
 10546      5996789E 
 10546      13B82987 
 10546      2729C71D 
 10546      21C64DA8 
 10547 02f0 132CD43A 		.ascii	"\023,\324:\305\343T\254+\016\227\004B\312\325\372\305\351\020"
 10547      C5E354AC 
 10547      2B0E9704 
 10547      42CAD5FA 
 10547      C5E910
 10548 0303 E1AB5DE8 		.ascii	"\341\253]\350m\314\331\0271%^\336\272\275&p\371V\373\207\277"
 10548      6DCCD917 
 10548      31255EDE 
 10548      BABD2670 
 10548      F956FB87 
 10549 0318 E6979E01 		.ascii	"\346\227\236\001\334\\\r\240\2231\242\232\2068\226\206J1\212"
 10549      DC5C0DA0 
 10549      9331A29A 
 10549      86389686 
 10549      4A318A
 10550 032b 33A69037 		.ascii	"3\246\2207\212S\307\250\250\252\251\342\221\006\322\251Ha\311"
 10550      8A53C7A8 
 10550      A8AAA9E2 
 10550      9106D2A9 
 10550      4861C9
 10551 033e 89784C2A 		.ascii	"\211xL*-!\233\240\224\036(\035\241\214F6i4\342(\243\0217\f$\013"
 10551      2D219BA0 
 10551      941E281D 
 10551      A18C4636 
 10551      6934E228 
 10552 0358 48172E58 		.ascii	"H\027.X\240@\224\222b\"F)\321\230\301\364\004\243(\371\344D\265"
 10552      A0409492 
 10552      62224629 
 10552      D198C1F4 
 10552      04A328F9 
 10553 036f B613710A 		.ascii	"\266\023q\nI\305t\264a\204\242J\026\223TOKE\244\t\305\243#\246"
 10553      49C574B4 
 10553      6184A24A 
 10553      1693544F 
 10553      4B45A409 
 10554 0387 E2114615 		.ascii	"\342\021F\025\024S\324Sq*YUl\320\335Q\3451\264\357\326\326\217"
 10554      1453D453 
GAS LISTING /tmp/ccHMMbxq.s 			page 245


 10554      712A5955 
 10554      6CD0DD51 
 10554      E531B4EF 
 10555 039e C57783E3 		.ascii	"\305w\203\343\373\236\257+\316P\355Rb\255i\373=\017b\026_z\001"
 10555      FB9EAF2B 
 10555      CE50ED52 
 10555      62AD69FB 
 10555      3D0F6216 
 10556 03b5 5C6961FA 		.ascii	"\\ia\3720\357\006\tJj\331\036\250\251\005\364\265wQ^\225\211"
 10556      30EF0609 
 10556      4A6AD91E 
 10556      A8A905F4 
 10556      B577515E 
 10557 03cb 93EE9A51 		.ascii	"\223\356\232Q\273B\3447\365\252[\003\302\036L\330\\\234\030\352"
 10557      BB42E437 
 10557      F5AA5B03 
 10557      C21E4CD8 
 10557      5C9C18EA 
 10558 03df 05F881E2 		.ascii	"\005\370\201\342\\\003\262\346\r\300@\202\270\305\005\312\306"
 10558      5C03B2E6 
 10558      0DC04082 
 10558      B8C505CA 
 10558      C6
 10559 03f0 DCFA7FCE 		.ascii	"\334\372\177\316\302\315\001\272]_\360\264 \327\234\235hx\233"
 10559      C2CD01BA 
 10559      5D5FF0B4 
 10559      20D79C9D 
 10559      68789B
 10560 0403 CB80D291 		.ascii	"\313\200\322\221\301\313\016\342\227a\034\304G+\314%K\273\026"
 10560      C1CB0EE2 
 10560      97611CC4 
 10560      472BCC25 
 10560      4BBB16
 10561 0416 481055FA 		.ascii	"H\020U\372I\337\331x\250A4\244\220bH!\032\tDD\343,\007\200\002"
 10561      49DFD978 
 10561      A84134A4 
 10561      90624821 
 10561      1A094444 
 10562 042f 9129337A 		.ascii	"\221)3z\022`\365E\254\030\253ITR\250\325n\216Qgr\023\t\271\033"
 10562      1260F545 
 10562      AC18AB49 
 10562      5452A8D5 
 10562      6E8E5167 
 10563 0448 5F93BEAA 		.ascii	"_\223\276\252\005U\270\262\372%\221w*\272\240)`\204\256r\330"
 10563      0555B8B2 
 10563      FA259177 
 10563      2ABAA029 
 10563      6084AE72 
 10564 045d 56CD182D 		.ascii	"V\315\030-\220K\312]\361f\023%\261\307[\031\364\237\262@\013"
 10564      904BCA5D 
 10564      F1661325 
 10564      B1C75B19 
 10564      F49FB240 
 10565 0472 29D2FD7F 		.ascii	")\322\375\177\275C\2055c\224\251\036\200\257\250pF\rbN|\316\242"
 10565      BD438535 
 10565      6394A91E 
 10565      80AFA870 
GAS LISTING /tmp/ccHMMbxq.s 			page 246


 10565      460D624E 
 10566 0489 48FB5B6B 		.ascii	"H\373[kD%l\330\263\317\331/n\376\336\271\370\236\311hf\251o\260"
 10566      44256CD8 
 10566      B3CFD92F 
 10566      6EFEDEB9 
 10566      F89EC968 
 10567 04a1 15B1EFC1 		.ascii	"\025\261\357\301'\316\321u\021\275k}\233\352\311+\013\t\024\334"
 10567      27CED175 
 10567      11BD6B7D 
 10567      9BEAC92B 
 10567      0B0914DC 
 10568 04b5 4DC3C5F8 		.ascii	"M\303\305\370\331I%u(\273\326\213\311u\307k\367Iq\365\271~\031"
 10568      D9492575 
 10568      28BBD68B 
 10568      C975C76B 
 10568      F74971F5 
 10569 04cc 62067D5A 		.ascii	"b\006}Zi\342\003\371\243\221\007 \022D)\234\201\375\"QA\b\177"
 10569      69E203F9 
 10569      A3910720 
 10569      1244299C 
 10569      81FD2251 
 10570 04e3 31D62CA2 		.ascii	"1\326,\242,;U{:\006\363X\273\022\322\2205\304\034DJt\n\323\201"
 10570      2C3B557B 
 10570      3A06F358 
 10570      BB12D290 
 10570      35C41C44 
 10571 04fc 6D3E055C 		.ascii	"m>\005\\205\252v\321\216\345+fZ\331Y\364\344m8G\232,\204\340"
 10571      323035AA 
 10571      76D18EE5 
 10571      2B665AD9 
 10571      59F4E46D 
 10572 0516 32D12439 		.ascii	"2\321$9\274%\t\213\205|J\202Pb\264B\246\276\224\2226\214\032"
 10572      BC25098B 
 10572      857C4A82 
 10572      5062B442 
 10572      A6BE9492 
 10573              		.text
 10574              		.section	.gnu.lto__ZNSt15__new_allocatorIP16rho_coefficientsE10deallocateEPS1_m.389.bf5e6e41e14b94
 10575 0000 28B52FFD 		.string	"(\265/\375`\230"
 10575      609800
 10576 0007 1D0B00   		.string	"\035\013"
 10577 000a 56954F43 		.string	"V\225OC kj:@Ne\215D\003XH&\300{sc\203\226P\302q+\303a#\211\202\362\027Ph&b\020$\206fyy\26
 10577      206B6A3A 
 10577      404E658D 
 10577      44035848 
 10577      26C07B73 
 10578 0039 F4201C6E 		.string	"\364 \034nG \310o\217\210AC\374#\301\023\246\240~jd\357\224\0028"
 10578      4720C86F 
 10578      8F884143 
 10578      FC23C113 
 10578      A6A07E6A 
 10579 0053 3F00     		.string	"?"
 10580 0055 3900     		.string	"9"
 10581 0057 2AF3E5DA 		.string	"*\363\345\332EQ\254\261=\363y\211\366l{\205\366\314\245\355\3320\357\241\302\352\265\273\
 10581      4551ACB1 
 10581      3DF37989 
 10581      F66C7B85 
GAS LISTING /tmp/ccHMMbxq.s 			page 247


 10581      F6CCA5ED 
 10582 00a9 C447D912 		.string	"\304G\331\022\317\374\361\241\243'\002\277\330\315\320A\303\356I\261\307\366\254\303\352N
 10582      CFFCF1A1 
 10582      A32702BF 
 10582      D8CDD041 
 10582      C3EE49B1 
 10583 014d 192BB0E0 		.string	"\031+\260\340\002l\215\251\327\302S\230\341\301`\020\020\352\260(D\007a"
 10583      026C8DA9 
 10583      D7C25398 
 10583      E1C16010 
 10583      10EAB028 
 10584 0165 A1CA843B 		.ascii	"\241\312\204;\274h'\031"
 10584      BC682719 
 10585              		.text
 10586              		.section	.gnu.lto__ZNSt15__new_allocatorIP16rho_coefficientsE8allocateEmPKv.402.bf5e6e41e14b94cc,"
 10587 0000 28B52FFD 		.string	"(\265/\375`}\001\005\020"
 10587      607D0105 
 10587      1000
 10588 000a 069F7048 		.string	"\006\237pH\340\220L:\200i\005\203 h\017\356C\224_qhj\254\343\301\0260K\246=\210\031\371\n
 10588      E0904C3A 
 10588      80690583 
 10588      20680FEE 
 10588      43945F71 
 10589 0058 5800     		.string	"X"
 10590 005a 5E00     		.string	"^"
 10591 005c FFBF1F16 		.ascii	"\377\277\037\026\004\312c\003J\026\225\317N\007\211\232ZK\361"
 10591      04CA6303 
 10591      4A1695CF 
 10591      4E07899A 
 10591      5A4BF1
 10592 006f E57AD005 		.ascii	"\345z\320\0057+\200.\330-\033[\n\316\346\330\327\323\"Cc#+,="
 10592      372B802E 
 10592      D82D1B5B 
 10592      0ACEE6D8 
 10592      D7D32243 
 10593 0088 F8F92169 		.ascii	"\370\371!i\363\243\326\332!g\334s\324\233\321}\310\224Iu\267"
 10593      F3A3D6DA 
 10593      2167DC73 
 10593      D49BD17D 
 10593      C8944975 
 10594 009d 12CB5BBE 		.ascii	"\022\313[\276@\216\314\241\202Z\353\331F\252\354\303\375\337"
 10594      408ECCA1 
 10594      825AEBD9 
 10594      46AAECC3 
 10594      FDDF
 10595 00af E03F837F 		.ascii	"\340?\203\177S\004/G\356\334w\326\306\375\347s6f7\334r\227\206"
 10595      53042F47 
 10595      EEDC77D6 
 10595      C6FDE773 
 10595      366637DC 
 10596 00c6 FC49F94D 		.ascii	"\374I\371M\371\f\362\327\343Z"
 10596      F90CF2D7 
 10596      E35A
 10597 00d0 18985A37 		.string	"\030\230Z7\354\250\251-@\024.\377Q\376\316\257\272\021\232\277\215\237\nF\250c&\254\201ZG
 10597      ECA8A92D 
 10597      40142EFF 
 10597      51FECEAF 
GAS LISTING /tmp/ccHMMbxq.s 			page 248


 10597      BA119ABF 
 10598 01d1 418C78C3 		.ascii	"A\214x\303^)\202\205\240\304P\327\200\273\211\272\220\224E\244"
 10598      5E298285 
 10598      A0C450D7 
 10598      80BB89BA 
 10598      909445A4 
 10599 01e5 96D0E278 		.ascii	"\226\320\342x\027q\242b\002\204\313\2545\206\0326 \330\004\004"
 10599      1771A262 
 10599      0284CBAC 
 10599      35861A36 
 10599      20D80404 
 10600 01f9 68C0DD9E 		.ascii	"h\300\335\236\215\024J\367\021T\232]\265\337\023\n\024"
 10600      8D144AF7 
 10600      11549A5D 
 10600      B5DF130A 
 10600      14
 10601              		.text
 10602              		.section	.gnu.lto__Z11dickman_rhod.part.0.504.bf5e6e41e14b94cc,"e",@progbits
 10603 0000 28B52FFD 		.string	"(\265/\375`\231\"E\224"
 10603      60992245 
 10603      9400
 10604 000a CAE70833 		.ascii	"\312\347\b3K \220\332\031\016\025\304\214\t\013\224\344t@A\005"
 10604      4B2090DA 
 10604      190E15C4 
 10604      8C090B94 
 10604      E4744041 
 10605 001f BE37D3E2 		.ascii	"\2767\323\342\307\005\340\277\017bo\202;\350\2407m\301\265\327"
 10605      C705E0BF 
 10605      0F626F82 
 10605      3BE8A037 
 10605      6DC1B5D7 
 10606 0033 D8D7936E 		.ascii	"\330\327\223n\326\002H\207\350\337(u\016J\3659\224`II\264!\222"
 10606      D6024887 
 10606      E8DF2875 
 10606      0E4AF539 
 10606      94604949 
 10607 004a 60DE0C70 		.ascii	"`\336\fp\377o\301[E\017rjD\312$\003 \003\357\002\027\003\334"
 10607      FF6FC15B 
 10607      450F726A 
 10607      44CA2403 
 10607      2003EF02 
 10608 0061 E42AB6E2 		.ascii	"\344*\266\342+vJ\255\224\224\224\324\230\323\315\364^V\314\023"
 10608      2B764AAD 
 10608      949494D4 
 10608      98D3CDF4 
 10608      5E56CC13 
 10609 0075 AF7FB38F 		.ascii	"\257\177\263\217\363\305\3339\343\033\017\033\317\374\\\230\256"
 10609      F3C5DB39 
 10609      E31B0F1B 
 10609      CFFC5C98 
 10609      AE
 10610 0086 AB60D391 		.ascii	"\253`\323\221D\3200\336\321\253\243\370\264{;\3739\247\243\276"
 10610      44D030DE 
 10610      D1ABA3F8 
 10610      B47B3BFB 
 10610      39A7A3BE 
 10611 009a 0E07AB9F 		.ascii	"\016\007\253\237\230\2727\312#\227\366^tG\204qQ\216\230s\314"
GAS LISTING /tmp/ccHMMbxq.s 			page 249


 10611      98BA37CA 
 10611      2397F65E 
 10611      74478471 
 10611      518E9873 
 10612 00af 74AA3C72 		.ascii	"t\252<r\005\2558pv\314\n\375\233\224\"\206\213k\224o\036\270"
 10612      05AD3870 
 10612      76CC0AFD 
 10612      9B942286 
 10612      8B6B946F 
 10613 00c5 CB54F460 		.ascii	"\313T\364`\227y6\3736\021\274M\241Z\013\331\330\342\242\2177"
 10613      977936FB 
 10613      3611BC4D 
 10613      A15A0BD9 
 10613      D8E2A28F 
 10614 00da 4F41FCE9 		.ascii	"OA\374\351\007'\204\362k\223\244\316\306\0325Q\307\265l/\r\372"
 10614      072784F2 
 10614      6B93A4CE 
 10614      C61A3551 
 10614      C7B56C2F 
 10615 00f0 AD274FB9 		.ascii	"\255'O\271E!\213O@|56N\030\225\004\313Zr\221\215"
 10615      45218B4F 
 10615      407C3536 
 10615      4E189504 
 10615      CB5A7291 
 10616 0105 2DDE3DCD 		.string	"-\336=\315\307\034\215\217\227\331\237\351ID\2733s#l\313N\b\fO?|3>Nx\203\f\313H\t'\263\26
 10616      C71C8D8F 
 10616      97D99FE9 
 10616      4944BB33 
 10616      73236CCB 
 10617 0206 FCF3DBC1 		.ascii	"\374\363\333\301\343Z\306\264\222a-\326A)\217$2\370\264\373>"
 10617      E35AC6B4 
 10617      92612DD6 
 10617      41298F24 
 10617      32F8B4FB 
 10618 021b BE1DE4B5 		.ascii	"\276\035\344\265+M\305\027\026\235\351\272\256MG\356\007+\365"
 10618      2B4DC517 
 10618      169DE9BA 
 10618      AE4D47EE 
 10618      072BF5
 10619 022e 2BAB1830 		.ascii	"+\253\0300\"\\O\314\177\341Wv\360\"V\252\273E\301u]S\034\271"
 10619      225C4FCC 
 10619      7FE15776 
 10619      F02256AA 
 10619      BB45C175 
 10620 0246 0D288FDC 		.ascii	"\r(\217\334\275\025\251\335A\026\253\240\030\260\335\335\347"
 10620      BD15A9DD 
 10620      4116ABA0 
 10620      18B0DDDD 
 10620      E7
 10621 0257 5D4FDD1D 		.ascii	"]O\335\035D\332{\233C\306\301\343Z\\\327\325\351\310\335{Q\362"
 10621      44DA7B9B 
 10621      43C6C1E3 
 10621      5A5CD7D5 
 10621      E9C8DD7B 
 10622 026d 48E53B24 		.ascii	"H\345;$\217l\271\027J\0300`0\027(\350\005"
 10622      8F6CB917 
 10622      4A183060 
GAS LISTING /tmp/ccHMMbxq.s 			page 250


 10622      301728E8 
 10622      05
 10623 027e D10AA3FD 		.string	"\321\n\243\375n\357\302\370q\357\273\244T\357aI)\t\351\310\250\210\250\303\220P\020\007\2
 10623      6EEFC2F8 
 10623      71EFBBA4 
 10623      54EF6149 
 10623      2909E9C8 
 10624 037f 4CAA123E 		.string	"L\252\022>\243.\331\027G\232Q\327Ve\343\254\245\025\027D\303\025{Lk\032\236\333\364\315\2
 10624      A32ED917 
 10624      479A51D7 
 10624      5665E3AC 
 10624      A5151744 
 10625 03a7 229351DD 		.string	"\"\223Q\335\242j\\\\\362\310\327\360\236\264&7\366\027\316\337\261\341\266\351\310\366\30
 10625      A26A5C5C 
 10625      F2C8D7F0 
 10625      9EB42637 
 10625      F617CEDF 
 10626 03e5 E66F61F2 		.string	"\346oa\362^\230\006U\212r]\233\337Z\006\303a\226{\271#W\215\242J\341o\251R\222\352\024\26
 10626      5E980655 
 10626      8A725D9B 
 10626      DF5A06C3 
 10626      61967BB9 
 10627 0453 F31EF0C0 		.ascii	"\363\036\360\300\257\001\314+#\306\005\2770@\360\276\360\300"
 10627      AF01CC2B 
 10627      23C605BF 
 10627      3040F0BE 
 10627      F0C0
 10628 0465 EBE2036F 		.ascii	"\353\342\003o\001\036x[\024\361\022\300\274,V0\257\223\n\346"
 10628      011E785B 
 10628      14F112C0 
 10628      BC2C5630 
 10628      AF930AE6 
 10629 0479 4D81A2E9 		.ascii	"M\201\242\351\004\363\232`\336\001\230\267\004\363\n\300x_\022"
 10629      04F39A60 
 10629      DE0198B7 
 10629      04F30AC0 
 10629      785F12
 10630 048c 018C1011 		.ascii	"\001\214\020\021\202\233_&\346\005\200yA0\357\007\346\365\300"
 10630      829B5F26 
 10630      E6058079 
 10630      4130EF07 
 10630      E6F5C0
 10631 049f BC4BCCAB 		.ascii	"\274K\314\253\304T\337\244\"^$\346=2b\336\"\256\373\022-\361"
 10631      C454DFA4 
 10631      225E24E6 
 10631      3D3262DE 
 10631      22AEFB12 
 10632 04b5 7618625E 		.ascii	"v\030b^!6\373\0065/\007\240\037\346\365a^&[}{\230w\311\320\257"
 10632      2136FB06 
 10632      352F07A0 
 10632      1FE6F561 
 10632      5E265B7D 
 10633 04cf 728997A7 		.ascii	"r\211\227\247\2107Y\304\213T\342=\236\313\267\337\345\313\177"
 10633      883759C4 
 10633      8B54E23D 
 10633      9ECBB7DF 
 10633      E5CB7F
GAS LISTING /tmp/ccHMMbxq.s 			page 251


 10634 04e2 E17F0843 		.ascii	"\341\177\bC\377\272[\327\306\306\3055\r\331\205\356]~.\277\340"
 10634      FFBA5BD7 
 10634      C6C6C535 
 10634      0DD985EE 
 10634      5D7E2EBF 
 10635 04f7 BFE50F3C 		.ascii	"\277\345\017<_\235\255\316U\347\346\231\352\f=\233\235\353\316"
 10635      5F9DADCE 
 10635      55E7E699 
 10635      EA0C3D9B 
 10635      9DEBCE
 10636 050a 7867BE77 		.ascii	"xg\276w\221\340h\305`%@\332{\2333\261V\205\t\224\305#\217,VA"
 10636      91E068C5 
 10636      602540DA 
 10636      7B9B33B1 
 10636      56850994 
 10637 0524 26603250 		.ascii	"&`2P\260\265tZ\361\rY\n\220\366\336\2402\334\2208i\261\340\212"
 10637      B0B5745A 
 10637      F10D590A 
 10637      90F6DEA0 
 10637      32DC9038 
 10638 053c D55E9307 		.ascii	"\325^\223\007k\001\022\223\230\326\030\241\323\221H\273\317\342"
 10638      6B011293 
 10638      98D618A1 
 10638      D39148BB 
 10638      CFE2
 10639 054e B7FCC780 		.ascii	"\267\374\307\200@WZ|\367\262\334\207\345\357"
 10639      40575A7C 
 10639      F7B2DC87 
 10639      E5EF
 10640 055c 89F91EB8 		.string	"\211\371\036\270\214\005\020\313\023\313\316\025\275e+\274\307\001\313\031\274\274*sT\236
 10640      8C0510CB 
 10640      13CBCE15 
 10640      BD652BBC 
 10640      C701CB19 
 10641 065d 761847CE 		.string	"v\030G\316\023\021s\226\007'\324\240\347\020\362\312T\033\354\344E\3238nW\246\026\260\207
 10641      13117396 
 10641      0727D4A0 
 10641      E710F2CA 
 10641      541BECE4 
 10642 069c 9E51446A 		.ascii	"\236QDj\226\262\324\fE\251\227\222Z\251O\324F\215\324\314Dg\235"
 10642      96B2D40C 
 10642      45A99792 
 10642      5AA94FD4 
 10642      468DD4CC 
 10643 06b3 511F3533 		.ascii	"Q\03753\003eQG\020\355\342\344\334\344+Q\272\366_\341U\330O\333"
 10643      03655147 
 10643      10EDE2E4 
 10643      DCE42B51 
 10643      BAF65FE1 
 10644 06cb 974E3E7C 		.ascii	"\227N>|\321u\030q\307\310;4\362\313\207\257+.o>\r\267L\263\243"
 10644      D1751871 
 10644      C7C83B34 
 10644      F2CB87AF 
 10644      2B2E6F3E 
 10645 06e4 A6FF8F4A 		.ascii	"\246\377\217J\317P\007u\332\203\220\230\031\020\365b\2049\324"
 10645      CF500775 
 10645      DA839098 
GAS LISTING /tmp/ccHMMbxq.s 			page 252


 10645      1910F562 
 10645      8439D4
 10646 06f7 6C16D443 		.ascii	"l\026\324Cg^r\204@`\253\035\224afy\203\224\306-7k\273 \364\333"
 10646      675E7284 
 10646      4060AB1D 
 10646      94616679 
 10646      8394C62D 
 10647 0711 9A5B0842 		.ascii	"\232[\bB]\"\217\313\254\271$\355Z\274\356\254\251-\341\320\234"
 10647      5D228FCB 
 10647      ACB924ED 
 10647      5ABCEEAC 
 10647      A92DE1D0 
 10648 0726 76A6AB73 		.ascii	"v\246\253sh\b\242eH\316Q\257;\322U\006\223\346\232\236\t\230"
 10648      6808A265 
 10648      48CE51AF 
 10648      3BD25506 
 10648      93E69A9E 
 10649 073c B1D8D9C0 		.ascii	"\261\330\331\300\004o\214\325L\3248e\257%N\225\341(A^.,\033n"
 10649      046F8CD5 
 10649      4CD43865 
 10649      AF254E95 
 10649      E128415E 
 10650 0754 EF478507 		.ascii	"\357G\205\007\250Y\020\315W\362\311E.\264\210f\r\317O7\367\312"
 10650      A85910CD 
 10650      57F2C945 
 10650      2EB48866 
 10650      0DCF4F37 
 10651 076a 3026DBEC 		.ascii	"0&\333\354=\375\334\335\302\244\262\027\320b\243\326\303\320"
 10651      3DFDDCDD 
 10651      C2A4B217 
 10651      D062A3D6 
 10651      C3D0
 10652 077c B2374B94 		.ascii	"\2627K\224@\315P\024W6P\337\211\226<\342\265\366\323lu\246fO"
 10652      40CD5014 
 10652      573650DF 
 10652      89963CE2 
 10652      B5F6D36C 
 10653 0794 FF74C371 		.ascii	"\377t\303q\332U5\361i&\333\345\321h;\330\364\266\256k\f&\333"
 10653      DA5535F1 
 10653      6926DBE5 
 10653      D1683BD8 
 10653      F4B6AE6B 
 10654 07ab A9337DC6 		.ascii	"\2513}\306A\005j\026\247\322 \277l\271a6\373t\211<g\230\2521"
 10654      41056A16 
 10654      A7D220BF 
 10654      6CB96136 
 10654      FB74893C 
 10655 07c3 318EF38A 		.ascii	"1\216\363\212\222\031Q6\217\211\375Mz"
 10655      92195136 
 10655      8F89FD4D 
 10655      7A
 10656 07d0 7AD9CCBE 		.ascii	"z\331\314\276\323N\331\313^\2169\247\037\274\242\322\365F\300"
 10656      D34ED9CB 
 10656      5E8E39A7 
 10656      1FBCA2D2 
 10656      F546C0
 10657 07e3 9C3C288A 		.ascii	"\234<(\212|\031\365Z\262G\266\372\2274J\327\301\237y\275i^!Z"
GAS LISTING /tmp/ccHMMbxq.s 			page 253


 10657      7C19F55A 
 10657      B247B6FA 
 10657      97344AD7 
 10657      C19F79BD 
 10658 07fb A5ADBB34 		.ascii	"\245\255\2734\032\033\031\255\326\2659b\273\f\205\035\274\005"
 10658      1A1B19AD 
 10658      D6B53962 
 10658      BB0C851D 
 10658      BC05
 10659 080d C923396A 		.ascii	"\311#9jf\261\331UW\322\005\307\260\371\274\220\226(\322\257\013"
 10659      66B1D955 
 10659      57D205C7 
 10659      B0F9BC90 
 10659      9628D2AF 
 10660 0822 A56982C8 		.ascii	"\245i\202\310^gjf]*-\251K\016O\363\325\223\266\334<\300}\367"
 10660      5E676A66 
 10660      5D2A2DA9 
 10660      4B0E4FF3 
 10660      D593B6DC 
 10661 083a 2936C9DD 		.ascii	")6\311\335\2516S\212\374-\236^Fq\206e%u\251i\272\030\n\347\371"
 10661      A936538A 
 10661      FC2D9E5E 
 10661      46718665 
 10661      2575A969 
 10662 0853 48D79964 		.ascii	"H\327\231d\262Ol\2075t\013\367r;\005g\ty\t\223G&\233\327\363"
 10662      B24F6C87 
 10662      35740BF7 
 10662      723B0567 
 10662      09790993 
 10663 086c 9168990F 		.ascii	"\221h\231\017\236\024\331\025\005\311\300\263\277\246\346L\325"
 10663      9E14D915 
 10663      05C9C0B3 
 10663      BFA6E64C 
 10663      D5
 10664 087d 391305F8 		.ascii	"9\023\005\370^\232K\245j\255\336Z6S\215*\025U\262\261\3248n\347"
 10664      5E9A4BA5 
 10664      6AADDE5A 
 10664      36538D2A 
 10664      1555B2B1 
 10665 0895 BDA855EA 		.ascii	"\275\250U\352\325\252X\252\026\177kGxs\366\325\331f@\304\302"
 10665      D5AA58AA 
 10665      167F6B47 
 10665      7873F6D5 
 10665      D96640C4 
 10666 08aa 3295FE7D 		.ascii	"2\225\376}r\347qc\363\025\021'V\307\260\311\215\\\335T\3038\254"
 10666      72E77163 
 10666      F3151127 
 10666      56C7B0C9 
 10666      8D5CDD54 
 10667 08c1 3555026C 		.ascii	"5U\002l\347^\334\250\206\3650\016\360\266W\303\222G\263\352\223"
 10667      E75EDCA8 
 10667      86F5300E 
 10667      F0B657C3 
 10667      9247B3EA 
 10668 08d6 EBA861AF 		.ascii	"\353\250a\257\212\201\016\362i\216\254\212\341\217\020\357M\263"
 10668      8A810EF2 
 10668      698EAC8A 
GAS LISTING /tmp/ccHMMbxq.s 			page 254


 10668      E18F10EF 
 10668      4DB3
 10669 08e8 AB561D13 		.ascii	"\253V\035\023Ac9\016\313Q\307j\254ir\367r\027\312\016\247dh~"
 10669      4163390E 
 10669      CB51C76A 
 10669      AC6972F7 
 10669      7217CA0E 
 10670 0900 ADE90B5D 		.ascii	"\255\351\013]\265?sn~\321M\1773g*\303oT\262\367$\242\375\021"
 10670      B53F736E 
 10670      7ED14D7F 
 10670      33672AC3 
 10670      6F54B2F7 
 10671 0918 DA29B36A 		.ascii	"\332)\263j\021VT\307\326\r\337\240\"9K\222)\323\240G.\210\207"
 10671      115654C7 
 10671      D60DDFA0 
 10671      22394B92 
 10671      29D3A047 
 10672 092f C93789D1 		.ascii	"\3117\211\321A\003\263\034\303\264\315\357%\2753\234~k\254\371"
 10672      4103B31C 
 10672      C3B4CDEF 
 10672      25BD339C 
 10672      7E6BACF9 
 10673 0943 9191B9B8 		.ascii	"\221\221\271\2706\212jn\303\207\304\022\021\323\374\211g\"\303"
 10673      368A6A6E 
 10673      C387C412 
 10673      11D3FC89 
 10673      6722C3
 10674 0956 6CD433E5 		.ascii	"l\3243\345\326\311\254z\204\327\250H~\246\316\372B\r\227Q\227"
 10674      D6C9AC7A 
 10674      84D7A848 
 10674      7EA6CEFA 
 10674      420D9751 
 10675 096b ECE5D892 		.ascii	"\354\345\330\222g\210\277\333\r\2106\374\3223\0352\032\225\315"
 10675      6788BFDB 
 10675      0D8836FC 
 10675      D2331D32 
 10675      1A95CD
 10676 097e 8393B83F 		.ascii	"\203\223\270?B\274\037nD\240\240zM\bbcG\224\222\nPP}\302q\034"
 10676      42BC1F6E 
 10676      44A0A07A 
 10676      4D086263 
 10676      4794920A 
 10677 0998 854741A5 		.ascii	"\205GA\245p\343\007\n\311\035B\200\264\216C\r\271\301\303\204"
 10677      70E3070A 
 10677      C91D4280 
 10677      B48E430D 
 10677      B9C1C384 
 10678 09ac 8DA81E3A 		.ascii	"\215\250\036:t\330 \301\003\n\252\327\004\0257R\200\322\021\004"
 10678      74D820C1 
 10678      030AAAD7 
 10678      04153752 
 10678      80D21104 
 10679 09c0 88139020 		.ascii	"\210\023\220 8Dpj\301\302\251\251)\312\351\306\bBtD\361\300\341"
 10679      3844706A 
 10679      C1C2A9A9 
 10679      29CAE9C6 
 10679      08427444 
GAS LISTING /tmp/ccHMMbxq.s 			page 255


 10680 09d7 F4038810 		.ascii	"\364\003\210\020'\001\200\3400!\3101\307m\004\271\261\3021\352"
 10680      270180E0 
 10680      3021C831 
 10680      C76D04B9 
 10680      B1C231EA 
 10681 09eb 39A07A98 		.ascii	"9\240z\230\360\003\271\302w\204\0260Z\310\220\001\303\205\212"
 10681      F003B9C2 
 10681      77841630 
 10681      5AC89001 
 10681      C3858A
 10682 09fe 2215BE28 		.ascii	"\"\025\276(\240\020\245\202\207\215\0359\242p\214\340\263@H\340"
 10682      A010A582 
 10682      878D1D39 
 10682      A2708CE0 
 10682      B34048E0 
 10683 0a12 51420A22 		.ascii	"QB\n\"\"\244\370\321#H\224\r\022\234r\374\3501\304\351\307\r"
 10683      22A4F8D1 
 10683      2348940D 
 10683      129C72FC 
 10683      E831C4E9 
 10684 0a28 1E3C84FC 		.ascii	"\036<\204\374p\272\261\243\207\tN.v\371\035\335\3035\275%\004"
 10684      70BAB1A3 
 10684      87094E2E 
 10684      76F91DDD 
 10684      C335BD25 
 10685 0a3d BA468DDE 		.ascii	"\272F\215\336\032\315\306\362\320p\373CE\211F\177\332\030\230"
 10685      1ACDC6F2 
 10685      D070FB43 
 10685      4589467F 
 10685      DA1898
 10686 0a50 D4F41842 		.ascii	"\324\364\030B`\324\002\225f\350%\265\340\r\350g\330\0345=\245"
 10686      60D40295 
 10686      66E825B5 
 10686      E00DE867 
 10686      D81C353D 
 10687 0a65 049ACAB0 		.ascii	"\004\232\312\260\021-\251\267\034\201\030}\277\226\0255\004\230"
 10687      112DA9B7 
 10687      1C81187D 
 10687      BF961535 
 10687      0498
 10688 0a77 F9BAF019 		.ascii	"\371\272\360\031g\211F3_\214\246\341\342YgF?\320\200\356\236"
 10688      67894633 
 10688      5F8CA6E1 
 10688      E2596746 
 10688      3FD080EE 
 10689 0a8c D11DC569 		.ascii	"\321\035\305i'\026\227@\177\013\002}@'\200f@\313\350\003zi\206"
 10689      27169740 
 10689      7F0B027D 
 10689      40278066 
 10689      40CBE803 
 10690 0aa3 8B12A75D 		.ascii	"\213\022\247]U\226]\365\253\007\263tQ\301dt\211&\\f\315??\276"
 10690      55965DF5 
 10690      AB07B374 
 10690      51C16474 
 10690      89265C66 
 10691 0abb 1363CB02 		.ascii	"\023c\313\002\030\243\371\357LM\366;\223\030[\340\fyJ\r\307}"
 10691      18A3F9EF 
GAS LISTING /tmp/ccHMMbxq.s 			page 256


 10691      4C4DF63B 
 10691      93185BE0 
 10691      0C794A0D 
 10692 0ad1 57CE99F3 		.ascii	"W\316\231\363@8\337r\037i\310\247\242\024F_\260\003U\350\024"
 10692      4038DF72 
 10692      1F69C8A7 
 10692      A214465F 
 10692      B00355E8 
 10693 0ae6 0D14248F 		.ascii	"\r\024$\217\204\321I\377"
 10693      84D149FF 
 10694 0aee E08FF618 		.string	"\340\217\366\030\335\256L]t\001\375\242\227p\234P\016$\331\242]\364\222\315i\367l-j\230\2
 10694      DDAE4C5D 
 10694      7401FDA2 
 10694      97709C50 
 10694      0E24D9A2 
 10695 0bef 6DA279E0 		.string	"m\242y\340\224\350\001Ht\211\356\221\313S\342\2346\257\354\252P\032\312\225'\002t\211;\\f
 10695      94E80148 
 10695      7489EE91 
 10695      CB53E29C 
 10695      36AFECAA 
 10696 0cbf F4F28B33 		.string	"\364\362\2133LU\0375\210n:s\332UI\201\362\202\377\250\022!%\214r\322)eHFd$I\322\001\302\n
 10696      4C551F35 
 10696      886E3A73 
 10696      DA554981 
 10696      F282FFA8 
 10697 0d68 F031D1E9 		.string	"\3601\321\351\376oj-\236!9WdI\275\005y'\321\315\272J\203\266\225W\277\360[%\306<d3\366\33
 10697      FE6F6A2D 
 10697      9E213957 
 10697      6449BD05 
 10697      7927D1CD 
 10698 0db0 F00841D5 		.string	"\360\bA\325,"
 10698      2C00
 10699 0db6 5C239044 		.ascii	"\\#\220D\247\354\332\204@C\276\032\356//\275\272\213\211\206"
 10699      A7ECDA84 
 10699      4043BE1A 
 10699      EE2F2FBD 
 10699      BA8B8986 
 10700 0dca CC654180 		.ascii	"\314eA\200_\375\3678\224\270lqq\233\007B\250v\032\257\310\271"
 10700      5FFDF738 
 10700      94B86C71 
 10700      719B0742 
 10700      A8761AAF 
 10701 0de0 E40F1E6B 		.ascii	"\344\017\036k"
 10702 0de4 D12ADDE6 		.string	"\321*\335\346\001\376\327\254\314\302I\333uo\314F\032%\221'F\002@\240\f4\266\367\004(\270
 10702      01FED7AC 
 10702      CCC249DB 
 10702      756FCC46 
 10702      1A259127 
 10703 0ee5 19B7A76D 		.ascii	"\031\267\247m\323\032c\246\016\335Uj\327V\255\351\206l/X\226"
 10703      D31A63A6 
 10703      0EDD556A 
 10703      D756ADE9 
 10703      866C2F58 
 10704 0efa 0D8F0C79 		.ascii	"\r\217\fy\007mW\355z\302t\247\254\350;m\251\2236G%\340 \345\330"
 10704      076D57ED 
 10704      7AC274A7 
 10704      ACE83B6D 
GAS LISTING /tmp/ccHMMbxq.s 			page 257


 10704      A9933647 
 10705 0f13 E50AF1AB 		.ascii	"\345\n\361\253\314\372\226x\314\22727\305\253;`QU\213\r\033-"
 10705      CCFA9678 
 10705      CC973237 
 10705      C5AB3B60 
 10705      51558B0D 
 10706 0f29 9D920B61 		.ascii	"\235\222\013a\357t\371P\330\333\330\343\324\343VTUc\200\340\360"
 10706      EF74F950 
 10706      D8DBD8E3 
 10706      D4E35654 
 10706      556380E0 
 10707 0f3e 8159F04C 		.ascii	"\201Y\360L\226ii\337\371\211\257\201\024\247\235\212\243\177"
 10707      966969DF 
 10707      F989AF81 
 10707      14A79D8A 
 10707      A37F
 10708 0f50 BFB0EADA 		.ascii	"\277\260\352\332\310\374\364\355\211\217\261x+\003\352HHv\r\355"
 10708      C8FCF4ED 
 10708      898FB178 
 10708      2B03EA48 
 10708      48760DED 
 10709 0f64 D5C17D4B 		.ascii	"\325\301}K/\r\261\\$\325f\255\366\255\031M\302\327\016 \254\353"
 10709      2F0DB15C 
 10709      24D566AD 
 10709      F6AD194D 
 10709      C2D70E20 
 10710 0f7a 76CF502C 		.ascii	"v\317P,<\254f\032o\255\001i\263\365\271\005\351\224l\036d\240"
 10710      3CAC661A 
 10710      6FAD0169 
 10710      B3F5B905 
 10710      E9946C1E 
 10711 0f90 7EB21AA3 		.ascii	"~\262\032\243\001\f\001\035\355MRsp\0266\271"
 10711      010C011D 
 10711      ED4D5273 
 10711      701636B9 
 10712 0fa0 BFBEDD31 		.ascii	"\277\276\3351S\206\225\212\374\022u\320\254\027\203\217\200\255"
 10712      5386958A 
 10712      FC1275D0 
 10712      AC17838F 
 10712      80AD
 10713 0fb2 29320339 		.ascii	")2\0039\241er\260y\314x\213\327\013\231\230\276\262\001\322\t"
 10713      A16572B0 
 10713      79CC788B 
 10713      D70B9998 
 10713      BEB201D2 
 10714 0fc7 3C5CAD48 		.ascii	"<\\\255H\2700W,\223o\302\230\356{\004D'<\036\3411uUc\034a\343"
 10714      B830572C 
 10714      936FC298 
 10714      EE7B0444 
 10714      273C1EE1 
 10715 0fe2 A82B0D58 		.ascii	"\250+\rX\263\020r\205\211W\037\320\023\203\030\255\341\331\202"
 10715      B3107285 
 10715      89571FD0 
 10715      138318AD 
 10715      E1D982
 10716 0ff5 1C3F8E6D 		.ascii	"\034?\216m\021Z(\033\1772\235H2\206\214\246x\370\240\177l\027"
 10716      115A281B 
GAS LISTING /tmp/ccHMMbxq.s 			page 258


 10716      7F329D48 
 10716      32868CA6 
 10716      78F8A07F 
 10717 100b 0F098B3F 		.ascii	"\017\t\213?0@\2729w\236j\033\323.\250\257"
 10717      3040BA39 
 10717      779E6A1B 
 10717      D32EA8AF 
 10718 101b 8026E46C 		.string	"\200&\344l\016z\353M\237?\304X-\302\346n\324Q;\337\254C\370\260O\344\324\241\307\013+\n\2
 10718      0E7AEB4D 
 10718      9F3FC458 
 10718      2DC2E66E 
 10718      D4513BDF 
 10719 111c E1FBDCC2 		.ascii	"\341\373\334\302\031P\353#\277\034\f\336y\t\r\342\272,"
 10719      1950EB23 
 10719      BF1C0CDE 
 10719      79090DE2 
 10719      BA2C
 10720 112e E70B1AF3 		.string	"\347\013\032\363i\227R&\027V\025Y\330\021\0166:\316\030\177\245\231+H\023\245C\317L\016\0
 10720      69975226 
 10720      17561559 
 10720      D8110E36 
 10720      3ACE187F 
 10721 122f 55D696F8 		.string	"U\326\226\370g\236s\022W8L\013\261\320\330\f'\037\354\322\233\037\201\352"
 10721      679E7312 
 10721      57384C0B 
 10721      B1D0D80C 
 10721      271FECD2 
 10722 1248 29ADE0BE 		.ascii	")\255\340\276\322\332\264\374\002\356T\350\314\200fR\320/\223"
 10722      D2DAB4FC 
 10722      02EE54E8 
 10722      CC806652 
 10722      D02F93
 10723 125b 52155AE6 		.ascii	"R\025Z\3464\367\034o\204\274\205!R\257\023x\2150%\001\332l\001"
 10723      34F71C6F 
 10723      84BC8521 
 10723      52AF1378 
 10723      8D302501 
 10724 1272 27DAE2F9 		.ascii	"'\332\342\371\002\315L\026\231\326\325XT\215!\027\036&\2165\025"
 10724      02CD4C16 
 10724      99D6D558 
 10724      548D2117 
 10724      1E268E35 
 10725 1287 E8B446A2 		.ascii	"\350\264F\242sq:\230\372\022\016"
 10725      73713A98 
 10725      FA120E
 10726              		.text
 10727              		.section	.gnu.lto_.symbol_nodes.bf5e6e41e14b94cc,"e",@progbits
 10728 0000 28B52FFD 		.string	"(\265/\375`\376\004\365\026"
 10728      60FE04F5 
 10728      1600
 10729 000a 86E3894B 		.string	"\206\343\211K\260\326Q\007\314\f\215\241\300?\266\211\214\037\0071\362\216\353]a\305\bp\3
 10729      B0D65107 
 10729      CC0C8DA1 
 10729      C03FB689 
 10729      8C1F0731 
 10730 005b 7800     		.string	"x"
 10731 005d 7200     		.string	"r"
GAS LISTING /tmp/ccHMMbxq.s 			page 259


 10732 005f 24D014E3 		.ascii	"$\320\024\343\031r5\311\367\241\323v\333\225)\252\303>'\332s"
 10732      197235C9 
 10732      F7A1D376 
 10732      DB9529AA 
 10732      C33E27DA 
 10733 0074 621C1C43 		.ascii	"b\034\034C\226%&\315\032\316\254\251\274\365D}4\253i\313\201"
 10733      962526CD 
 10733      1ACEACA9 
 10733      BCF5447D 
 10733      34AB69CB 
 10734 0089 F91BE52D 		.ascii	"\371\033\345-\2261\261\216\257\354\255)\232;s<<(\357\304\274"
 10734      9631B18E 
 10734      AFECAD29 
 10734      9A3B733C 
 10734      3C28EFC4 
 10735 009e 1E9586BC 		.ascii	"\036\225\206\274\335j%x\352\332Cix\266\232 pJ\3169G\370\373d"
 10735      DD6A2578 
 10735      EADA4369 
 10735      78B69A20 
 10735      704ACE39 
 10736 00b6 96544C02 		.ascii	"\226TL\002\341o\217\013$j\262"
 10736      E16F8F0B 
 10736      246AB2
 10737 00c1 F6AD8D22 		.string	"\366\255\215\"\352Wq\313\306\203\277<\256\265\326U\fP.k\255\202\f\004\262\320\021[b\242y\
 10737      EA5771CB 
 10737      C683BF3C 
 10737      AEB5D655 
 10737      0C502E6B 
 10738 01c2 9C5660F4 		.string	"\234V`\364\227\220\313\350/\341\313\350\262\240\201\321e\302\266M\236\016\034\teG\200}\26
 10738      9790CBE8 
 10738      2FE1CBE8 
 10738      B2A081D1 
 10738      65C2B64D 
 10739 0223 E69DF34F 		.string	"\346\235\363O\330.PZ8\006\300|\207"
 10739      D82E505A 
 10739      3806C07C 
 10739      8700
 10740 0231 CC59024C 		.ascii	"\314Y\002L\250a\020dHjhhFA\201I\323\001\300\002\031\022#\017"
 10740      A8611064 
 10740      486A6868 
 10740      46418149 
 10740      D301C002 
 10741 0249 12C0E254 		.ascii	"\022\300\342T\211a\004\2201P\200\204F\220\324\374l\213\305[\342"
 10741      89610490 
 10741      31508084 
 10741      4690D4FC 
 10741      6C8BC55B 
 10742 025e 7A7D3BB9 		.ascii	"z};\271+\340\274\207\230s\020f/\faG\210B\213f\335kT\212\375d"
 10742      2BE0BC87 
 10742      98731066 
 10742      2F0C6147 
 10742      88428B66 
 10743 0278 0A2BA74D 		.ascii	"\n+\247M\tp$\245w\"\224y&8\277\313\253\025U\324+m}\232?\023\252"
 10743      097024A5 
 10743      77229479 
 10743      2638BFCB 
 10743      AB1555D4 
GAS LISTING /tmp/ccHMMbxq.s 			page 260


 10744 0293 B6D2C81C 		.ascii	"\266\322\310\034&\224\034}\272\266t<\271\250\253\211\031\242"
 10744      26941C7D 
 10744      BAB6743C 
 10744      B9A8AB89 
 10744      19A2
 10745 02a5 66299083 		.ascii	"f)\220\203$\020\2513\2540\026\311\357Z\363\036{\320\316\034\361"
 10745      2410A933 
 10745      AC3016C9 
 10745      EF5AF31E 
 10745      7BD0CE1C 
 10746 02ba 9DC1A8FA 		.ascii	"\235\301\250\372} \367f\322\360X\2175i\332(\022\340\225\240\230"
 10746      7D20F766 
 10746      D2F0588F 
 10746      3569DA28 
 10746      12E095A0 
 10747 02cf 9A5E9791 		.ascii	"\232^\227\221\022\235\b\375\331+U\350\334\250u\363\330\213~\372"
 10747      129D08FD 
 10747      D92B55E8 
 10747      DCA875F3 
 10747      D88B7EFA 
 10748 02e3 48DC8F48 		.ascii	"H\334\217H\003"
 10748      03
 10749              		.text
 10750              		.section	.gnu.lto_.refs.bf5e6e41e14b94cc,"e",@progbits
 10751 0000 28B52FFD 		.string	"(\265/\375 L\035\002"
 10751      204C1D02 
 10751      00
 10752 0009 C2C40F1A 		.string	"\302\304\017\032\2605\303\001\024+X\222$IR\226@\004\277mz\227\336D\336\266i\020)S?A\177\2
 10752      B035C301 
 10752      142B5892 
 10752      24495296 
 10752      4004BF6D 
 10753              		.text
 10754              		.section	.gnu.lto_.decls.bf5e6e41e14b94cc,"e",@progbits
 10755 0000 28B52FFD 		.ascii	"(\265/\375`hN\025>\001\272\020\342tT \fI:\351|iE\020\214\214"
 10755      60684E15 
 10755      3E01BA10 
 10755      E2745420 
 10755      0C493AE9 
 10756 001a B8BBDF96 		.ascii	"\270\273\337\226a\274\333U\364\025\355\235\035>\332\2733q\371"
 10756      61BCDB55 
 10756      F415ED9D 
 10756      1D3EDABB 
 10756      3371F9
 10757 002d CC1D9E07 		.ascii	"\314\035\236\007W\300<\272F\03724\013wLN<j'\360\321.\266\365"
 10757      57C03CBA 
 10757      461F3234 
 10757      0B774C4E 
 10757      3C6A27F0 
 10758 0045 82A71B75 		.ascii	"\202\247\033u)\330\355bN\364\367\374\017\232\254b\352K\022\326"
 10758      29D8ED62 
 10758      4EF4F7FC 
 10758      0F9AAC62 
 10758      EA4B12D6 
 10759 0059 D9FFBFBF 		.ascii	"\331\377\277\277$\022\262\211\334)S\0061\007{\007;c{i\3722\024"
 10759      2412B289 
 10759      DC295306 
GAS LISTING /tmp/ccHMMbxq.s 			page 261


 10759      31077B07 
 10759      3B637B69 
 10760 0070 CA81429B 		.ascii	"\312\201B\233\025\030\031\250bIr<i|\375\336K\336L\336\327\223"
 10760      151819A8 
 10760      6249723C 
 10760      697CFDDE 
 10760      4BDE4CDE 
 10761 0086 33B86750 		.ascii	"3\270gPqm\215\037\330d\377\207\254\215-\037}dI\214(\351\022\330"
 10761      716D8D1F 
 10761      D864FF87 
 10761      AC8D2D1F 
 10761      7D64498C 
 10762 009e 49EE0690 		.ascii	"I\356\006\220L\231\375%i%69\272\322\3000\276\315\033{\033\037"
 10762      4C99FD25 
 10762      69253639 
 10762      BAD2C030 
 10762      BECD1B7B 
 10763 00b4 ECDF62BF 		.ascii	"\354\337b\277g-6\354\211\002\241\352p\006\245\241'\230\237O\017"
 10763      672D36EC 
 10763      8902A1EA 
 10763      7006A5A1 
 10763      27989F4F 
 10764 00c9 BEAA0903 		.ascii	"\276\252\t\003\263\331B\005\007\225\332\316\332\330\220&<.\341"
 10764      B3D94205 
 10764      0795DACE 
 10764      DAD89026 
 10764      3C2EE1
 10765 00dc 185F1391 		.ascii	"\030_\023\221\367\327\337E\332\253\261n\324y\023v\027V\325\370"
 10765      F7D7DF45 
 10765      DAABB16E 
 10765      D4791376 
 10765      1756D5F8 
 10766 00f0 B25D0CEB 		.ascii	"\262]\f\353\005\367\302\332]\3047\221\241\0252;\255\306\026\364"
 10766      05F7C2DA 
 10766      5DC43791 
 10766      A115323B 
 10766      ADC616F4 
 10767 0104 90CFC881 		.ascii	"\220\317\310\201sRw\2451WO\216\225\300\2540\215\277\376\261\177"
 10767      735277A5 
 10767      31574F8E 
 10767      95C0AC30 
 10767      8DBFFEB1 
 10768 0119 0719E6A1 		.ascii	"\007\031\346\241Z\226,OWNF\224\360\307\026"
 10768      5A962C4F 
 10768      574E4694 
 10768      F0C716
 10769 0128 5E133303 		.string	"^\0233\003\327\370\335\343Z\275\365\034\2732zy\2029\347\336j\037\377\t\3614\003\361\351\3
 10769      D7F8DDE3 
 10769      5ABDF51C 
 10769      BB327A79 
 10769      8239E7DE 
 10770 0229 5969597F 		.string	"YiY\177}9\032}7\377\277s+\365\322)\020R&n\313X\277\350\334K\315D\314\316\016|zV\"S\260\34
 10770      7D391A7D 
 10770      37FFBF73 
 10770      2BF5D229 
 10770      1052266E 
 10771 0287 D96234BE 		.string	"\331b4\276\201W\360\257\273hp\260\276r\024-\347\350\316\315\023JE\243\361q\030\373\373\27
GAS LISTING /tmp/ccHMMbxq.s 			page 262


 10771      8157F0AF 
 10771      BB6870B0 
 10771      BE72142D 
 10771      E7E8CECD 
 10772 02de A7592806 		.ascii	"\247Y(\006\265\342\337.^.\337w\302\334\275\313w\373\376\253w"
 10772      B5E2DF2E 
 10772      5E2EDF77 
 10772      C2DCBDCB 
 10772      77FBFEAB 
 10773 02f3 DDEEDECD 		.ascii	"\335\356\336\315\003a\327D\270w\341._7m\334\240+\323r\353:C7"
 10773      0361D744 
 10773      B877E12E 
 10773      5F376DDC 
 10773      A02BD372 
 10774 030b 349D9AD6 		.ascii	"4\235\232\326x\345\034\375\305\362\023\361n\334\255\273\031\n"
 10774      78E51CFD 
 10774      C5F213F1 
 10774      6EDCADBB 
 10774      190A
 10775 031d ABA9A260 		.ascii	"\253\251\242`<\373r\216^\276_\274\233\241\26084\245\236\252\356"
 10775      3CFB728E 
 10775      5EBE5FBC 
 10775      9BA1B038 
 10775      34A59EAA 
 10776 0332 97BBBB77 		.ascii	"\227\273\273w\235\246,}9\347\377W\314\035s\311\334\275\213w\301"
 10776      9DA62C7D 
 10776      39E7FF57 
 10776      CC1D73C9 
 10776      DCBD8B77 
 10777 0347 FC5AB96C 		.ascii	"\374Z\271l\317\337-n\227\313\305\273G|Sf\177\2029g\237\236\236"
 10777      CFDF2D6E 
 10777      97CBC5BB 
 10777      477C5366 
 10777      7F823967 
 10778 035e 0E3AE8A0 		.ascii	"\016:\350\240\203\016|z|\324/]\230\316T\200\2173\373\364\215"
 10778      830E7C7A 
 10778      7CD42F5D 
 10778      98CE5480 
 10778      8F33FBF4 
 10779 0373 7D7AC63E 		.ascii	"}z\306>ub\337\201\354[\214}\017a\337Y\227.\313\206\267 \201\215"
 10779      7562DF81 
 10779      EC5B8C7D 
 10779      0F61DF59 
 10779      972ECB86 
 10780 038b DF55EC7F 		.ascii	"\337U\354\177\347\262P\230\013s\346#\213\034\216\016"
 10780      E7B25098 
 10780      0B73E623 
 10780      8B1C8E0E 
 10781 039b 33B61F8D 		.string	"3\266\037\215\345\356\t\377\237fg\3169\313=\0036\032z>l\024\271\2622\030\277\235\354\315\
 10781      E5EE09FF 
 10781      9F6667CE 
 10781      39CB3D03 
 10781      361A7A3E 
 10782 049c 988AF0DF 		.string	"\230\212\360\3372i\b\rHA\370\037\346y\303\3269\231;\342K\372\301\177\267pHC\374\027K\n\36
 10782      3269080D 
 10782      4841F81F 
 10782      E679C3D6 
GAS LISTING /tmp/ccHMMbxq.s 			page 263


 10782      39993BE2 
 10783 04d6 65FC530B 		.ascii	"e\374S\013\376{$\325\200,\315\340\277\026H1\370\257\005\351\005"
 10783      FE7B24D5 
 10783      802CCDE0 
 10783      BF164831 
 10783      F8AF05E9 
 10784 04eb 185CFCC2 		.ascii	"\030\\\374\302\337f\376\333\225f\270\030\np\366o\273?\255\240"
 10784      DF66FEDB 
 10784      9566B818 
 10784      0A70F66F 
 10784      BB3FADA0 
 10785 04ff 474AC1E5 		.ascii	"GJ\301\345I/\244<\177j!\335\371_Z\341h\376T'e\377\366q\221\007"
 10785      492FA43C 
 10785      7F6A21DD 
 10785      F95F5AE1 
 10785      68FE5427 
 10786 0519 C0DF6AFF 		.ascii	"\300\337j\377\251t\022\266\264\377\364\376\235\346\357\025\267"
 10786      A97412B6 
 10786      B4FFF4FE 
 10786      9DE6EF15 
 10786      B7
 10787 052a 450BFE27 		.ascii	"E\013\376'\354q\275+\364w \005}\346\277j\353p\240\001\263\376"
 10787      EC71BD2B 
 10787      F4772005 
 10787      7DE6BF6A 
 10787      EB70A001 
 10788 0540 FEE6FB1B 		.ascii	"\376\346\373\033\314\337_\344\324\306\022\345\357\265\277\231"
 10788      CCDF5FE4 
 10788      D4C612E5 
 10788      EFB5BF99 
 10789 0550 FC4DF6B7 		.ascii	"\374M\366\267\221\277\271\376\366\361\367\326\315p\022\376T\375"
 10789      91BFB9FE 
 10789      F6F1F7D6 
 10789      CD7012FE 
 10789      54FD
 10790 0562 6FB3B5FE 		.ascii	"o\263\265\376\213\377\356\361_\013\217\022\346V0x\333\203\254"
 10790      8BFFEEF1 
 10790      5F0B8F12 
 10790      E6563078 
 10790      DB83AC
 10791 0575 B6FA7BC6 		.ascii	"\266\372{\306\337T\177\303\370\273)\303\005\360\247\030\376\253"
 10791      DF547FC3 
 10791      F8BB29C3 
 10791      05F0A718 
 10791      FEAB
 10792 0587 ECFC3FCC 		.ascii	"\354\374?\314\1777\320'\370\257\367_\314\377\274\217\371\277"
 10792      7F37D027 
 10792      F8AFF75F 
 10792      CCFFBC8F 
 10792      F9BF
 10793 0599 F7BF2F4A 		.ascii	"\367\277/J\353\374\347@\233\240K\360\367\212\277\211\376N\006"
 10793      EBFCE740 
 10793      9BA04BF0 
 10793      F78ABF89 
 10793      FE4E06
 10794 05ac FD7D1CE1 		.ascii	"\375}\034\341o\016\374\275\201\377Z\320\032\300\300\337&\374"
 10794      6F0EFCBD 
GAS LISTING /tmp/ccHMMbxq.s 			page 264


 10794      81FF5AD0 
 10794      1AC0C0DF 
 10794      26FC
 10795 05be 4DC2DF0C 		.ascii	"M\302\337\f\370o\206w\370\373\356\277\020h\020\376\376\240?\374"
 10795      F86F8677 
 10795      F8FBEEBF 
 10795      106810FE 
 10795      FEA03FFC 
 10796 05d2 CDC1DF1B 		.ascii	"\315\301\337\033\376\356\371;\303\337;\177\347\374\255\376\215"
 10796      FEEEF93B 
 10796      C3DF3B7F 
 10796      E7FCADFE 
 10796      8D
 10797 05e3 FF9BC184 		.ascii	"\377\233\301\204[\370[\352\277\024\350\373\277\003W\377\356\372"
 10797      5BF85BEA 
 10797      BF14E8FB 
 10797      BF0357FF 
 10797      EEFA
 10798 05f5 EF55FF1D 		.ascii	"\357U\377\035X\377\346\361\337\302\377\236\371\257\337\177\357"
 10798      58FFE6F1 
 10798      DFC2FF9E 
 10798      F9AFDF7F 
 10798      EF
 10799 0606 FECBE5BF 		.ascii	"\376\313\345\277q\377m\373\357\331\177\243\377]\362_$\377%\362"
 10799      71FF6DFB 
 10799      EFD97FA3 
 10799      FF5DF25F 
 10799      24FF25F2 
 10800 061a 5FADFFE6 		.ascii	"_\255\377\346\370o\004\376;\365_\250\377>\375W\351\277.\376\273"
 10800      F86F04FE 
 10800      3BF55FA8 
 10800      FF3EFD57 
 10800      E9BF2EFE 
 10801 062f FCAFD17F 		.ascii	"\374\257\321\177\221\377\345\300\177/\360\337\022\377\301\374"
 10801      91FFE5C0 
 10801      7F2FF0DF 
 10801      12FFC1FC 
 10802 063f 37E7FF05 		.ascii	"7\347\377\005\376\253\375'\363\277\314\1773\377%\341\277#\376"
 10802      FEABFD27 
 10802      F3BFCC7F 
 10802      33FF25E1 
 10802      BF23FE
 10803 0652 DB80FF32 		.ascii	"\333\200\3772\340\277!\376\013\342\277\304\377z\360\337\016\376"
 10803      E0BF21FE 
 10803      0BE2BFC4 
 10803      FF7AF0DF 
 10803      0EFE
 10804 0664 1FFD97C3 		.ascii	"\037\375\227\303\177\013\360\337\r\376{\301\377\016\3747\341"
 10804      7F0BF0DF 
 10804      0DFE7BC1 
 10804      FF0EFC37 
 10804      E1
 10805 0675 BF16FC37 		.ascii	"\277\026\3747\303\177+\370/\206\377R\360_\013\377\345\371o\205"
 10805      C37F2BF8 
 10805      2F86FF52 
 10805      F05F0BFF 
 10805      E5F96F85 
GAS LISTING /tmp/ccHMMbxq.s 			page 265


 10806 0689 FF52F85F 		.ascii	"\377R\370_\201\377\336\374\267\300\177\207\377\251\374\227\375"
 10806      81FFDEFC 
 10806      B7C07F87 
 10806      FFA9FC97 
 10806      FD
 10807 069a AFFA9FF0 		.ascii	"\257\372\237\360\377\340\3774\377\001\377\377\375_\373\037\201"
 10807      FFE0FF34 
 10807      FF01FFFF 
 10807      FD5FFB1F 
 10807      81
 10808 06ab FF76FF71 		.ascii	"\377v\377q\n\013\013\013\377\365\352\247@\001?P\016\303\2345"
 10808      0A0B0B0B 
 10808      FFF5EAA7 
 10808      40013F50 
 10808      0EC39C35 
 10809 06bf A623257C 		.ascii	"\246#%|\272\346\251\032\034\266E\013L:\3707)sU`R4\026p\260*\360"
 10809      BAE6A91A 
 10809      1CB6450B 
 10809      4C3AF837 
 10809      29735560 
 10810 06da FEFED233 		.ascii	"\376\376\3223w\300\022ST\307S\257\210\227\034\340\3233}\303\252"
 10810      77C01253 
 10810      54C753AF 
 10810      88971CE0 
 10810      D3337DC3 
 10811 06ef B0302A0B 		.ascii	"\2600*\013/X\274\247y\177*&\305K\375n\223\345N\212\222\022E\354"
 10811      2F58BCA7 
 10811      797F2A26 
 10811      C54BFD6E 
 10811      93E54E8A 
 10812 0707 68F43D2D 		.ascii	"h\364=-\023\207SUc\306\226\306\251^\312\227S\307\205#\b\337^"
 10812      13875355 
 10812      63C696C6 
 10812      A95ECA97 
 10812      53C78523 
 10813 071e 982B6E78 		.ascii	"\230+nx)\231\247{Lrz\321t\314\371\3300\270\246+\347s\202\304"
 10813      2999A77B 
 10813      4C727AD1 
 10813      74CCF9D8 
 10813      30B8A62B 
 10814 0736 AF4BE3A7 		.ascii	"\257K\343\247a\336\3279;sv\376\f\325xA\2734>O\032\226\f\253b"
 10814      61DED739 
 10814      3B7376FE 
 10814      0CD57841 
 10814      BB343E4F 
 10815 074f D0CBEF25 		.ascii	"\320\313\357%\275\333\320|\202%5\350\326\343\353\313\323\273"
 10815      BDDBD07C 
 10815      822535E8 
 10815      D6E3EBCB 
 10815      D3BB
 10816 0761 FF27C4E3 		.ascii	"\377'\304\343v\202\240\201\202\021D\016\354)\214\234\334\323"
 10816      7682A081 
 10816      8211440E 
 10816      EC298C9C 
 10816      DCD3
 10817 0773 39B994CB 		.ascii	"9\271\224\313M\016u\306\2304\257-O\271\374?!2\b\200\337\233["
 10817      4D0E75C6 
GAS LISTING /tmp/ccHMMbxq.s 			page 266


 10817      9834AF2D 
 10817      4FB9FC3F 
 10817      21320880 
 10818 078a E3942EB5 		.ascii	"\343\224.\265k\250\330\237Xj\227j\351\267\2672+\357K\353\376"
 10818      6BA8D89F 
 10818      586A976A 
 10818      E9B7B732 
 10818      2BEF4BEB 
 10819 079f BF274773 		.ascii	"\277'Gs\316X\032\232\207\323\006\215\306\347\271\302>\360q\377"
 10819      CE581A9A 
 10819      87D3068D 
 10819      C6E7B9C2 
 10819      3EF071FF 
 10820 07b3 87E9541A 		.ascii	"\207\351T\032\037\215\323,f\354\220\f\roO\261\274\245q&\024\271"
 10820      1F8DD32C 
 10820      66EC900C 
 10820      0D6F4FB1 
 10820      BCA57126 
 10821 07c9 E270BF76 		.ascii	"\342p\277v`\251\243"
 10821      60A9A3
 10822 07d0 5AEAF36B 		.string	"Z\352\363k\234\302]i\202\366t\212Z\332f\003\315\021\375\262W\345i\333S\266\237\020\347[\3
 10822      9CC25D69 
 10822      82F6748A 
 10822      5ADA6603 
 10822      CD11FDB2 
 10823 088d AB50C5AA 		.string	"\253P\305\252X\363z\372e$Er3T~f.;9`\020\366\345\f\345\360"
 10823      58F37AFA 
 10823      65244572 
 10823      33547E66 
 10823      2E3B3960 
 10824 08a8 B5258560 		.string	"\265%\205`O\221<=\362\023\342|\370\315\355\004\247\306\351\2204,\025\373\207\024r\344\032
 10824      4F913C3D 
 10824      F213E27C 
 10824      F8CDED04 
 10824      A7C6E990 
 10825 08ed A9C00979 		.ascii	"\251\300\ty\332\365t\310}!f\315\232\306)\327\371\332\234<\232"
 10825      DAF574C8 
 10825      7D2166CD 
 10825      9AC629D7 
 10825      F9DA9C3C 
 10826 0902 AAFE0F37 		.ascii	"\252\376\0177\254Q\302\324\370;o?\376!N\0166#6\032\177'\312~"
 10826      AC51C2D4 
 10826      F83B6F3F 
 10826      FE214E0E 
 10826      3623361A 
 10827 091a 678C25E1 		.ascii	"g\214%\341\266\343)\217\377\272\245Y\251\326\206\346\223,\325"
 10827      B6E3298F 
 10827      FFBAA559 
 10827      A9D686E6 
 10827      932CD5
 10828 092d 83370310 		.ascii	"\2037\003\020K0\3471\016\354^\026\224\232\036O\265\332\242PO"
 10828      4B30E731 
 10828      0EEC5E16 
 10828      949A1E4F 
 10828      B5DAA250 
 10829 0942 9D41F64F 		.ascii	"\235A\366O\261\346\256\344\371\261\327\271\302\016ei\370\237"
 10829      B1E6AEE4 
GAS LISTING /tmp/ccHMMbxq.s 			page 267


 10829      F9B1D7B9 
 10829      C20E6569 
 10829      F89F
 10830 0954 CE787A63 		.ascii	"\316xzcF\232Cu\302\301j>\311R\303\037f\300x\tf'\224\003\205("
 10830      469A4375 
 10830      C2C16A3E 
 10830      C952C31F 
 10830      66C07809 
 10831 096e 5092AC61 		.ascii	"P\222\254a(\272\276!\351\325S+\265\320l\312_\343\2478\322"
 10831      28BABE21 
 10831      E9D5532B 
 10831      B5D06CCA 
 10831      5FE3A738 
 10832 0983 AA7FB843 		.string	"\252\177\270C\270\206$L\343\353\\\261O\241\377\207\030\354\013\307\t\215\337:8\n\200Sw\02
 10832      B886244C 
 10832      E3EB5CB1 
 10832      4FA1FF87 
 10832      18EC0BC7 
 10833 0a84 1B4D4ECE 		.ascii	"\033MN\316'h\323\313\033\313O(\007\226P+\220\213\340\033\315"
 10833      2768D3CB 
 10833      1BCB4F28 
 10833      0796502B 
 10833      908BE01B 
 10834 0a99 9DEB2A57 		.ascii	"\235\353*W\31085\356\300&#\006}B\322\270\317\264\215\247)eK\215"
 10834      C83835EE 
 10834      C0262306 
 10834      7D42D2B8 
 10834      CFB48DA7 
 10835 0ab1 1F38BC7B 		.ascii	"\0378\274{y\200`\032\237B\025\366\024h\260,\314\312\370uYNV\332"
 10835      7980601A 
 10835      9F4215F6 
 10835      1468B02C 
 10835      CCCAF875 
 10836 0ac9 528A66A9 		.ascii	"R\212f\251\034\276/\263\277\261\f\205r\270\001"
 10836      1CBE2FB3 
 10836      BFB10C85 
 10836      72B801
 10837 0ad8 7CEA42D2 		.string	"|\352B\322\370\024\234\330\337\320\261Elxy\3157\202)\202}[NhT\215{\353\275\367\346S\245\2
 10837      F8149CD8 
 10837      DFD0B145 
 10837      6C7879CD 
 10837      37822982 
 10838 0bd9 F3D8B376 		.ascii	"\363\330\263v,\t\316\326^\245\331n\3169C[\344\031\271ZU\3178"
 10838      2C09CED6 
 10838      5EA5D96E 
 10838      CE39435B 
 10838      E419B95A 
 10839 0bf0 2B6F362D 		.ascii	"+o6-C\035E\322,i\371?\034\0329!\213\230\306g\351\330\263pl\212"
 10839      431D45D2 
 10839      2C69F93F 
 10839      1C1A3921 
 10839      8B98C667 
 10840 0c0a 3E0D6F35 		.ascii	">\ro5\265\363y\200\310\024\325z\346|\202\007\275\344\b\217\266"
 10840      B5F37980 
 10840      C814D57A 
 10840      E67C8207 
 10840      BDE4088F 
GAS LISTING /tmp/ccHMMbxq.s 			page 268


 10841 0c1f C667D158 		.ascii	"\306g\321X\027A4\274\2354Z\247]\277\3164\260n\327\031\264\217"
 10841      174134BC 
 10841      9D345AA7 
 10841      5DBFCE34 
 10841      B06ED719 
 10842 0c35 15635B04 		.ascii	"\025c[\004j\350'\r\345m\326hQZ\n\333\314\271\031\315R\3073P\016"
 10842      6AE8270D 
 10842      E56DD668 
 10842      515A0ADB 
 10842      CCB919CD 
 10843 0c4e 3A8056D8 		.ascii	":\200V\330h\234\275\245\274a\2206\211\3428k\374\300\277\375\037"
 10843      689CBDA5 
 10843      BC619036 
 10843      89E2386B 
 10843      FCC0BFFD 
 10844 0c63 52F0B123 		.ascii	"R\360\261#\206]\343\263A\330\263P\366;\205\201\205\205\205_\372"
 10844      865DE3B3 
 10844      41D8B350 
 10844      F63B8581 
 10844      8585855F 
 10845 0c78 FDCBF4F4 		.ascii	"\375\313\364\364\224\363\365+\334\233\263\"\3140\374\324hf[\302"
 10845      94F3F52B 
 10845      DC9BB322 
 10845      CC30FCD4 
 10845      68665BC2 
 10846 0c8c 59FFFB56 		.ascii	"Y\377\373V\211\031nz\211\377q:XXXX\330\244\260Po\2470\320\256"
 10846      89196E7A 
 10846      89FF713A 
 10846      58585858 
 10846      D8A4B050 
 10847 0ca5 B0908389 		.ascii	"\260\220\203\211\234\225\242`\345\234\357\237\316\034\324\024"
 10847      9C95A260 
 10847      E59CEF9F 
 10847      CE1CD414 
 10848 0cb5 68E3E31C 		.ascii	"h\343\343\034\347\374\247\321\343\234cD\261\246x\262Y\316N\246"
 10848      E7FCA7D1 
 10848      E39C6344 
 10848      B1A678B2 
 10848      59CE4EA6 
 10849 0cc9 ACA96C96 		.ascii	"\254\251l\226U\206\307i\2265\3454\303zn\020#\232E\005Uz\346h"
 10849      5586C769 
 10849      9635E534 
 10849      C37A6E10 
 10849      239A4505 
 10850 0ce1 CEB799B1 		.ascii	"\316\267\231\261\262\323Li\212'G\225\246\234Q\245|\307\314\260"
 10850      B2D34C69 
 10850      8A274795 
 10850      A69C51A5 
 10850      7CC7CCB0 
 10851 0cf5 9E4E262C 		.ascii	"\236N&,\036lT"
 10851      1E6C54
 10852 0cfc 692A3365 		.string	"i*3e\245\353\214fa9\231\262\246x\234LYSN\263\254\251\3534\313\317\314\244\364\264\340\314
 10852      A5EB8C66 
 10852      613999B2 
 10852      A6789C4C 
 10852      59534EB3 
 10853 0dfd 5CEC0780 		.string	"\\\354\007\200\205\215\3560\345\355\350\222\206B\2317\031dh\336hn\326\025\034?\004\333\31
GAS LISTING /tmp/ccHMMbxq.s 			page 269


 10853      858DEE30 
 10853      E5EDE892 
 10853      86429937 
 10853      196468DE 
 10854 0e56 3158A2B0 		.string	"1X\242\260<\265O%\243\362u\360\023\303#\304\251jc\203\333\273\312\007$*\bUc\034\005\247\2
 10854      3CB54F25 
 10854      A3F275F0 
 10854      13C323C4 
 10854      A96A6383 
 10855 0efb 61AC11D8 		.string	"a\254\021\330\tj\026\2713;bx\220\2555~"
 10855      096A16B9 
 10855      333B6278 
 10855      90AD357E 
 10855      00
 10856 0f0c 88B0DF40 		.ascii	"\210\260\337@\r\233\024\264\242\306\261\251X\006\2214\340\307"
 10856      0D9B14B4 
 10856      A2C6B1A9 
 10856      58069134 
 10856      E0C7
 10857 0f1e A097B91B 		.ascii	"\240\227\271\033:\247(NW\256\3025\r\252\t\323X}S\335\324\266"
 10857      3AA7284E 
 10857      57AEC235 
 10857      0DAA09D3 
 10857      587D53DD 
 10858 0f34 0DFAD86F 		.ascii	"\r\372\330o@\204\005A\231&j\225\250\272\026\210\203&\206\225"
 10858      40840541 
 10858      99266A95 
 10858      A8BA1688 
 10858      83268695 
 10859 0f48 2A66743B 		.ascii	"*ft;\262\324\256R!\202\245D\255\261:\345\326i)\3455V\323n]\037"
 10859      B2D4AE52 
 10859      2182A544 
 10859      ADB13AE5 
 10859      D66929E5 
 10860 0f62 5D8E268D 		.ascii	"]\216&\215U45H\215\027N\032\253R\260\0312\205}\\\215\037\250"
 10860      55343548 
 10860      8D174E1A 
 10860      AB52B019 
 10860      32857D5C 
 10861 0f79 9EC56539 		.ascii	"\236\305e9\276\306Q\n\275\004\001\033\177\003-\366\252\023\365"
 10861      BEC6510A 
 10861      BD04011B 
 10861      7F032DF6 
 10861      AA13F5
 10862 0f8c 890AE506 		.ascii	"\211\n\345\006\245\201^\031\242BQ\315\226\204\341b\006\f\306"
 10862      A5815E19 
 10862      A24251CD 
 10862      9684E162 
 10862      060CC6
 10863 0f9f DF       		.ascii	"\337"
 10864 0fa0 5086FD86 		.string	"P\206\375\206+\3547Da\017"
 10864      2BEC3744 
 10864      610F00
 10865 0fab 2EECAF96 		.string	".\354\257\226\251L\206\200\201{Q\206Bs\306\231\214\306J\033a\352\222\253b*YN\002\326\214A
 10865      A94C8680 
 10865      817B5186 
 10865      4273C699 
GAS LISTING /tmp/ccHMMbxq.s 			page 270


 10865      8CC64A1B 
 10866 1003 8E3D00   		.string	"\216="
 10867 1006 9EECD0DA 		.ascii	"\236\354\320\332\020\025\354j\227j\344R\260\027\267\007\004k"
 10867      1015EC6A 
 10867      976AE452 
 10867      B017B707 
 10867      046B
 10868 1018 398B21A5 		.ascii	"9\213!\245\263\006%n\007\221\253_\252Wg}\271\241\246\026\351"
 10868      B306256E 
 10868      0791AB5F 
 10868      AA57677D 
 10868      B9A1A616 
 10869 102d B2650D97 		.ascii	"\262e\r\227\306\327\340\n\213\t\357\034\030&,/\215\257A\024\366"
 10869      C6D7E00A 
 10869      8B09EF1C 
 10869      18262C2F 
 10869      8DAF4114 
 10870 1042 193C6155 		.ascii	"\031<aU j\220_\213\312u\nqE\322`5~\006c\354\tr\316\327\262\276"
 10870      206A905F 
 10870      8BCA750A 
 10870      7145D260 
 10870      357E0663 
 10871 105d F05ECB8A 		.ascii	"\360^\313\212\343\266\243\217\253\361V\252d3\203\211\252\211"
 10871      E3B6A38F 
 10871      ABF156AA 
 10871      64338389 
 10871      AA89
 10872 106f AAD537AC 		.ascii	"\252\3257\254$\371\013\322\030iI\016\265\207\272#K\210\030\036"
 10872      24F90BD2 
 10872      1869490E 
 10872      B587BA23 
 10872      4B88181E 
 10873 1083 21611528 		.ascii	"!a\025(_n\224\210\261\023\243b]\3451\202T\227\264\306*\024\247"
 10873      5F6E9488 
 10873      B113A362 
 10873      5DE53182 
 10873      5497B4C6 
 10874 109a 4DB11DC9 		.ascii	"M\261\035\311\252\016\f\272\260Gh5\324+\325\206zC\265\352\320"
 10874      AA0E0CBA 
 10874      B0476835 
 10874      D42BD586 
 10874      7A43B5EA 
 10875 10af E469F2A5 		.ascii	"\344i\362\245\227\227\201\031=\376p\366\336\204\024\2528\256"
 10875      97978119 
 10875      3DFE70F6 
 10875      DE8414AA 
 10875      38AE
 10876 10c1 56E10416 		.ascii	"V\341\004\026\346\315h\254BY\254y\311h\334\2056_\274\210q\322"
 10876      E6CD68AC 
 10876      4259AC79 
 10876      C968DC85 
 10876      365FBC88 
 10877 10d7 F8189CC0 		.ascii	"\370\030\234\300b\020\203\375U\032M\325nb\244\310h|\344\324\360"
 10877      621083FD 
 10877      551A4DD5 
 10877      6E62A4C8 
 10877      687CE4D4 
GAS LISTING /tmp/ccHMMbxq.s 			page 271


 10878 10ec 5F753A66 		.ascii	"_u:fR\251\326hvs\302\243\202T\222\036'\350\310\243\243B\201\r"
 10878      52A9D668 
 10878      7673C2A3 
 10878      8254921E 
 10878      27E8C8A3 
 10879 1104 4C8A97C6 		.ascii	"L\212\227\306\275t\365yu\212\314\2243^\215U(U*\215\017A0UJ\225"
 10879      BD74F579 
 10879      758ACC94 
 10879      335E8D55 
 10879      28552A8D 
 10880 111e 5115F6E5 		.ascii	"Q\025\366\345\327X\225\241F\25124\b\252w|h\300`\374"
 10880      D75895A1 
 10880      46A93234 
 10880      08AA777C 
 10880      68C060FC 
 10881 1132 4035C698 		.string	"@5\306\230\264\266\247\032C}\002\262\307\303\254q\226\2354A\254\270\306\327\200d,ITVc\244
 10881      B4B6A71A 
 10881      437D02B2 
 10881      C7C3AC71 
 10881      969D3441 
 10882 1233 8AC1784C 		.ascii	"\212\301xLcP\274\343<\2335\262\257\302\256\234\267;\262/\013"
 10882      6350BCE3 
 10882      3C9B35B2 
 10882      AFC2AE9C 
 10882      B73BB22F 
 10883 1248 7EB02378 		.ascii	"~\260#x\363\302\327~\370\3060z36\225\346J\343\367\334\261#(\242"
 10883      F3C2D77E 
 10883      F8C6307A 
 10883      333695E6 
 10883      4AE3F7DC 
 10884 1260 850F2BC1 		.ascii	"\205\017+\301\\p\264I\345\204\307\007)\251\247*\035\277'\260"
 10884      5C70B449 
 10884      E584C707 
 10884      29A9A72A 
 10884      1DBF27B0 
 10885 1274 391D2929 		.ascii	"9\035))bc\354\216\267\340\224a\352qG\243IU\031\"\215\337\323"
 10885      6263EC8E 
 10885      B7E09461 
 10885      EA7147A3 
 10885      49551922 
 10886 128b 83A59BAB 		.ascii	"\203\245\233\253\200e\207\246\261\224\036\036\"_\3144f1(\367"
 10886      806587A6 
 10886      B1941E1E 
 10886      225FCC34 
 10886      663128F7 
 10887 129f F6C35139 		.ascii	"\366\303Q9M%\t\274\310Y\307\023\b\024\236\227\306\317\300\307"
 10887      4D2509BC 
 10887      C859C713 
 10887      08149E97 
 10887      C6CFC0C7 
 10888 12b3 B298BB72 		.ascii	"\262\230\273r%8n\003'\214\2702/\035O\214\200a\351r\003\r\334"
 10888      25386E03 
 10888      278CB832 
 10888      2F1D4F8C 
 10888      8061E972 
 10889 12ca 3196B40E 		.ascii	"1\226\264\016p\352\2521&\303Oh^vY\032?\003\031\313\204[\303o"
 10889      70EAAA31 
GAS LISTING /tmp/ccHMMbxq.s 			page 272


 10889      26C34F68 
 10889      5E76591A 
 10889      3F0319CB 
 10890 12e2 B80A76CB 		.ascii	"\270\nv\313if\265\231\375\245@\262\244\335h;v{JS\030m\214\331"
 10890      6966B599 
 10890      FDA540B2 
 10890      A4DD683B 
 10890      767B4A53 
 10891 12fa F09355DD 		.ascii	"\360\223U\335\231\216\306\330\n\003^\310\225\311\320\305\276"
 10891      998EC6D8 
 10891      0A035EC8 
 10891      95C9D0C5 
 10891      BE
 10892 130b 823C3604 		.ascii	"\202<6\004Gp\024S\301P\362\260Z\207&N\217\032x\2046S\321\271"
 10892      47701453 
 10892      C150F2B0 
 10892      5A87264E 
 10892      8F1A7884 
 10893 1323 E8946335 		.ascii	"\350\224c5\fXh\r=\261\306\370\f\247\345(\351\002\303\226\206"
 10893      0C58680D 
 10893      3DB1C6F8 
 10893      0CA7E528 
 10893      E902C396 
 10894 1338 66014707 		.ascii	"f\001G\007\217&3)=:D\204\210\3115~\005^,\216r\353\272\274\242"
 10894      8F263329 
 10894      3D3A4484 
 10894      88C9357E 
 10894      055E2C8E 
 10895 1351 CEB0D993 		.ascii	"\316\260\331\223\177x\363vV\345\257\361q\020\354\344\037\246"
 10895      7F78F376 
 10895      56E5AFF1 
 10895      7110ECE4 
 10895      1FA6
 10896 1363 5F9A5D35 		.ascii	"_\232]5\032\277\202!\3541\334\261,\264\222`%\370\311\323\t\345"
 10896      1ABF8221 
 10896      EC31DCB1 
 10896      2CB49260 
 10896      25F8C9D3 
 10897 1379 7083B727 		.ascii	"p\203\267'\305\305:\313x\275\341%\307L\324.7+K\2151Y\223\375"
 10897      C5C53ACB 
 10897      78BDE125 
 10897      C74CD42E 
 10897      372B4B8D 
 10898 1391 907B636A 		.ascii	"\220{cj|\fv\3541\030a\177<\326RJ\360\235Ui\034\002<#\307`G:\344"
 10898      7C0C76EC 
 10898      3118617F 
 10898      3CD6524A 
 10898      F09D5569 
 10899 13ae E696D293 		.ascii	"\346\226\322\223\247\224rJ/o\314n\314R\017\\F\247\026\206\303"
 10899      A794724A 
 10899      2F6FCC6E 
 10899      CC520F5C 
 10899      46A71686 
 10900 13c3 8EC56C06 		.ascii	"\216\305l\006\263\232T\343\253qp\201g\215A\211]1\006\3101\227"
 10900      B39A54E3 
 10900      AB717081 
 10900      678D4189 
GAS LISTING /tmp/ccHMMbxq.s 			page 273


 10900      5D3106C8 
 10901 13d9 973AA8B6 		.ascii	"\227:\250\266\2221\"\025\270J\035\311B\032c\255c\"\307E\032\212"
 10901      92312215 
 10901      B84A1DC9 
 10901      421A63AD 
 10901      6322C745 
 10902 13ef EB6AABAB 		.ascii	"\353j\253\253\223x%\251\201\273\360\020\2530aF\206`!C*\274p\002"
 10902      937825A9 
 10902      81BBF010 
 10902      AB306146 
 10902      86602143 
 10903 1407 9685F18F 		.ascii	"\226\205\361\217\203\374\303\365\n\312\223\030\215O\301\037{"
 10903      83FCC3F5 
 10903      0ACA9318 
 10903      8D4FC11F 
 10903      7B
 10904 1418 0AE0D89D 		.ascii	"\n\340\330\2356\037Pd\330\007\326\032\326(\204\022\326\3708\013"
 10904      361F5064 
 10904      D807D61A 
 10904      D6288412 
 10904      D6F8380B 
 10905 142c F7C05A57 		.ascii	"\367\300ZW\003Ypg\204X\013o\2058C\203\003\343S\260\305\236\202"
 10905      03597067 
 10905      84580B6F 
 10905      85384383 
 10905      03E353B0 
 10906 1443 28760593 		.ascii	"(v\005\223*,\0306tt|\261)\331H\301\322U\326\370\342\035\3538"
 10906      2A2C1836 
 10906      74747CB1 
 10906      29D948C1 
 10906      D255D6F8 
 10907 145b DE71A394 		.ascii	"\336q\243\224p\001\346\030j\221\263\212\346\260\332\321\013\023"
 10907      7001E618 
 10907      6A91B38A 
 10907      E6B0DAD1 
 10907      0B13
 10908 146d 38B6850B 		.ascii	"8\266\205\013\266\372N\223\240\025\276\242@\005\203J\030\306"
 10908      B6FA4E93 
 10908      A015BEA2 
 10908      4005834A 
 10908      18C6
 10909 147f BF70C6FE 		.ascii	"\277p\306\376\375\204\027m\260/[\234\032\267H\233\272q\331\320"
 10909      FD84176D 
 10909      B02F5B9C 
 10909      1AB7489B 
 10909      BA71D9D0 
 10910 1493 3C19E9CB 		.ascii	"<\031\351\313N(\207\313vd\214G\024\350\226\246\306\227\357\270"
 10910      4E2887CB 
 10910      76648C47 
 10910      14E896A6 
 10910      C697EFB8 
 10911 14a7 C6B18D9B 		.ascii	"\306\261\215\23343V\236`\0321\342\374d\320\300T\321\251\275\030"
 10911      3433569E 
 10911      601A31E2 
 10911      FC64D0C0 
 10911      54D1A9BD 
 10912 14bc 8DA9BEF3 		.ascii	"\215\251\276\363T\325\267\207\251\360\214\0330\273(B\214\177"
GAS LISTING /tmp/ccHMMbxq.s 			page 274


 10912      54D5B787 
 10912      A9F08C1B 
 10912      30BB2842 
 10912      8C7F
 10913 14ce 8189B512 		.ascii	"\201\211\265\022\034\243'\305\227o\b\263\224\"\215G\320\204\201"
 10913      1CA327C5 
 10913      976F08B3 
 10913      94228D47 
 10913      D08481
 10914 14e1 A378F2E0 		.ascii	"\243x\362\340\333\031\266\301& C\2705>\232\215\357\336q\214c"
 10914      DB19B6C1 
 10914      262043B8 
 10914      353E9A8D 
 10914      EFDE718C 
 10915 14f6 28223578 		.string	"(\"5x85~ ~\232\343\262\206\207\237\260\323\f\254\"6\032c'\354\304N\303*Xz\334\300\370\026
 10915      38357E20 
 10915      7E9AE3B2 
 10915      86879FB0 
 10915      D30CAC22 
 10916 15f7 22A18413 		.ascii	"\"\241\204\023\255\221BQ\021I\242%\022\031 \264<\006!%\205\214"
 10916      AD914251 
 10916      1149A225 
 10916      121920B4 
 10916      3C062125 
 10917 160d 94C3A2F6 		.ascii	"\224\303\242\366\307hB\003v:\f[\021\306\366\001F\022L(\246H\n"
 10917      C7684203 
 10917      763A0C5B 
 10917      11C6F601 
 10917      46124C28 
 10918 1624 852016DB 		.ascii	"\205 \026\333\017&Z\023\255\261\204b\262h\251&\025\225I\025H"
 10918      0F265A13 
 10918      ADB18462 
 10918      B268A926 
 10918      15954915 
 10919 1639 14213EE0 		.ascii	"\024!>\340\264D\023!\214\255\211\366\203\211b\261%\376<`\311"
 10919      B4441321 
 10919      8CAD89F6 
 10919      838962B1 
 10919      25FE3C60 
 10920 164e 1C1E79E4 		.ascii	"\034\036y\344\202\271\201\007\003\235b\221\210b\002(F0\225\307"
 10920      82B98107 
 10920      039D6291 
 10920      88620228 
 10920      463095C7 
 10921 1662 E3520592 		.ascii	"\343R\005\222\251L\202@d\032\215\204Zc\013D\f\242\320\376\030"
 10921      A94C8240 
 10921      641A8D84 
 10921      5A630B44 
 10921      0CA2D0FE 
 10922 1677 4D68818C 		.ascii	"Mh\201\214-\220\321\330\022\211BH\021$\211\216IfR\231T\256h\211"
 10922      2D90D1D8 
 10922      12894248 
 10922      1124898E 
 10922      49665299 
 10923 168f 98481D98 		.ascii	"\230H\035\230m\333\346\350\264\037\030\213\310#\027L\240b\013"
 10923      6DDBE6E8 
 10923      B41F188B 
GAS LISTING /tmp/ccHMMbxq.s 			page 275


 10923      C823174C 
 10923      A0620B
 10924 16a2 642C510C 		.ascii	"d,Q\fQLjM\214@\022\2418\"\221\222,\230I\024-R\262m\201~\230\306"
 10924      514C6A4D 
 10924      8C4012A1 
 10924      38229192 
 10924      2C984914 
 10925 16be 25520646 		.ascii	"%R\006F\244H\266H\"\024G%R\004\246\261\204bK4\022\333c\213D."
 10925      A448B648 
 10925      22144725 
 10925      5204A6B1 
 10925      84624B34 
 10926 16d8 DB16E836 		.ascii	"\333\026\3506\231m\212\024I\241%\363\310\002\303\366\203\t\n"
 10926      996D8A14 
 10926      49A125F3 
 10926      C802C3F6 
 10926      83090A
 10927 16eb 1C89684D 		.ascii	"\034\211hM\224h\211\306\021\"L\240\005a$\301\204\"\320\b'Z\243"
 10927      946889C6 
 10927      11224CA0 
 10927      056124C1 
 10927      8422D008 
 10928 1702 90129926 		.ascii	"\220\022\231&\025\205\224H\020>\305\366\203\211\021G\243\t-\321"
 10928      15859448 
 10928      103EC5F6 
 10928      83891147 
 10928      A3092DD1 
 10929 1716 08A47321 		.ascii	"\b\244s!\251xd\242e\"U\264$Z\021~\200Dh\220T\374\021!\342G\004"
 10929      A97864A2 
 10929      652255B4 
 10929      245A117E 
 10929      80446890 
 10930 1731 88A42290 		.ascii	"\210\244\"\220\210\234\226D\013B\304\207|\220G.tV(U\244\355\217"
 10930      889C9644 
 10930      0B42C487 
 10930      7C90472E 
 10930      74562855 
 10931 1748 D1841148 		.ascii	"\321\204\021H\314\344q\311l?\200\300\006\246\220\210\244\"\320"
 10931      CCE471C9 
 10931      6C3F80C0 
 10931      06A69088 
 10931      A422D0
 10932 175b 081E90CA 		.ascii	"\b\036\220\312$\2212\331\"\2718\262 :\346$\025\201F(\341"
 10932      249132D9 
 10932      22B938B2 
 10932      203AE624 
 10932      15814628 
 10933 1770 44ABC187 		.string	"D\253\301\207|\b0,\036\215\031\222\212@#\200"
 10933      7C08302C 
 10933      1E8D1992 
 10933      8A402380 
 10933      00
 10934 1781 81A422D0 		.string	"\201\244\"\320\bDGE\311\007$\025\201F"
 10934      08444745 
 10934      C9072415 
 10934      814600
 10935 1790 B18119D4 		.string	"\261\201\031\324\266jR\021h\004\026FG)\022\351\210$B.\211II\024\307\026-\202\332\366\206\
GAS LISTING /tmp/ccHMMbxq.s 			page 276


 10935      B66A5211 
 10935      68041646 
 10935      472912E9 
 10935      8824422E 
 10936 185b 0A94CB15 		.ascii	"\n\224\313\025L\344\322H\311\006\221Pbi\264\\\"\333!\246\n%\222"
 10936      4CE4D248 
 10936      C9069150 
 10936      6269B45C 
 10936      22DB21A6 
 10937 1872 A86DDB0F 		.ascii	"\250m\333\017?L\343\2116\203\017\371 \021\021\035\203\206\230"
 10937      3F4CE389 
 10937      36830FF9 
 10937      2011111D 
 10937      838698
 10938 1885 C7220F41 		.ascii	"\307\"\017A\310#\244\r\312\0246#\3704\013\243\345\020\323Hi\223"
 10938      C823A40D 
 10938      CA143623 
 10938      F8340BA3 
 10938      E510D348 
 10939 189b E28824C2 		.ascii	"\342\210$\302\314e\b\220\360\r\262(\311l\231H\313d\212\017\032"
 10939      CC650890 
 10939      F00DB228 
 10939      C96C9948 
 10939      CB648A0F 
 10940 18b0 7CF0612E 		.ascii	"|\360a.\217G>\031\206E\020\004\035Q\264CH+\216D\b\341AAL\237"
 10940      8F473E19 
 10940      86451004 
 10940      1D51B443 
 10940      482B8E44 
 10941 18ca 01F0B426 		.ascii	"\001\360\264&(p$\242XlA\030[\2421\251H\202\t\022\030\301\\\""
 10941      287024A2 
 10941      586C4118 
 10941      5BA231A9 
 10941      48820912 
 10942 18e2 9194C976 		.ascii	"\221\224\311v\331\222hA \"\261I$\224(*\206 \302\006$\322\021"
 10942      D9926841 
 10942      2022B149 
 10942      2494282A 
 10942      8620C206 
 10943 18f9 C5CF4D51 		.ascii	"\305\317MQK4\226(\"\221B\037\210\013\300\t\"\241DQQ\211$jA\020"
 10943      4B349628 
 10943      2291421F 
 10943      880BC009 
 10943      22A14451 
 10944 1913 841C0A6A 		.ascii	"\204\034\njI\264?D\022J8\321*\340C>\314\240\025K&\222\322(\250"
 10944      49B43F44 
 10944      124A38D1 
 10944      2AE0433E 
 10944      CCA0154B 
 10945 192c 256222B1 		.ascii	"%b\"\261-\bck"
 10945      2D08636B 
 10946 1934 22A9E8C2 		.string	"\"\251\350\302h\311DB\212hC`\032O\264\006H\016\035\245DD\311\241#\020'Z\226X\242\211\210%
 10946      68C94442 
 10946      8A684360 
 10946      1A4FB406 
 10946      480E1DA5 
 10947 1a35 4EF14701 		.string	"N\361G\001<\305#\363(\324\022\035\025%A \"\221\216(\332\013\264?D\246\261\204\0070\227G&R
GAS LISTING /tmp/ccHMMbxq.s 			page 277


 10947      3CC523F3 
 10947      28D4121D 
 10947      15254120 
 10947      22918E28 
 10948 1a97 1FF25191 		.string	"\037\362Q\221L\2414\n\362\300\203 \017H\314$\n\017 \210\036<\360 \310\303\n\245\212\016-V
 10948      4CA1340A 
 10948      F2C08320 
 10948      0F48CC24 
 10948      0A0F2088 
 10949 1b12 01840822 		.ascii	"\001\204\b\"\200\020\302\007\303\201\210\036x0\302\006\013\224"
 10949      8010C207 
 10949      C381881E 
 10949      7830C206 
 10949      0B94
 10950 1b24 10819BA3 		.ascii	"\020\201\233\243\243 \037\345\261\b\004AI!\nA\367\377\272\244"
 10950      A3201FE5 
 10950      B1080441 
 10950      49210A41 
 10950      F7FFBAA4 
 10951 1b38 F0720D01 		.ascii	"\360r\r\001\244\"{\032\236\t\224Z\242$=\223\363\343)\212^\222"
 10951      A4227B1A 
 10951      9E09945A 
 10951      A2243D93 
 10951      F3E3298A 
 10952 1b4e F3E90839 		.ascii	"\363\351\b9\023\2705\346g#\204\311[\f$w\030\255IJ>\362\224\313"
 10952      13B835E6 
 10952      672384C9 
 10952      5B0C2477 
 10952      18AD494A 
 10953 1b66 1D1C9B97 		.ascii	"\035\034\233\227\330\32386\317\206\333\263q\022\223\"k\330\005"
 10953      D8D33836 
 10953      CF86DBB3 
 10953      71129322 
 10953      6BD805
 10954 1b79 57B05B50 		.ascii	"W\260[P\312S\226r\326\341\006\2014Ug@\004\377\354\312\320\254"
 10954      CA539672 
 10954      D6E10681 
 10954      34556740 
 10954      04FFECCA 
 10955 1b8f 5E5FC156 		.ascii	"^_\301V#i\026\302\301\250\267\365k}B\243\315\261\234s\205\034"
 10955      236916C2 
 10955      C1A8B7F5 
 10955      6B7D42A3 
 10955      CDB19C73 
 10956 1ba5 26CDB8AA 		.ascii	"&\315\270\252\306\347`\305b2\035\265<0a\215\317A!;\0021\\+\221"
 10956      C6E760C5 
 10956      62321DB5 
 10956      3C30618D 
 10956      CF41213B 
 10957 1bbe 95C7DA45 		.ascii	"\225\307\332E\242\231_(E\263\324\n,4\364\004\325\234DUi|\325"
 10957      A2995F28 
 10957      45B3D40A 
 10957      2C34F404 
 10957      D59C4455 
 10958 1bd5 BE0EF9DA 		.ascii	"\276\016\371\332\3251t\226XA1\322x\025r\263\344\300\370\201\267"
 10958      D5317496 
 10958      584131D2 
GAS LISTING /tmp/ccHMMbxq.s 			page 278


 10958      781572B3 
 10958      E4C0F881 
 10959 1bea 86833B36 		.ascii	"\206\203;6"
 10960 1bee 0907D61A 		.string	"\t\007\326\032\204\307\nd\310\366db\003\342\342\307\225\327\033\23035\210D\021\f\353\361\
 10960      84C70A64 
 10960      C8F66462 
 10960      03E2E2C7 
 10960      95D71B98 
 10961 1cef 7CE0A0FB 		.ascii	"|\340\240\373\242\276\031\341r\262\302\370\352\274\203:]p;\264"
 10961      A2BE19E1 
 10961      72B2C2F8 
 10961      EABC833A 
 10961      5D703BB4 
 10962 1d03 1AAF4D77 		.ascii	"\032\257Mw0\207\316\n\232\007\377\017-\234 \003G\343\023 \n{"
 10962      3087CE0A 
 10962      9A07FF0F 
 10962      2D9C2003 
 10962      47E31320 
 10963 1d19 021461FF 		.ascii	"\002\024a\377u)m\273@Y\332\217\306E\205\204\253\222\232\265I"
 10963      75296DBB 
 10963      4059DA8F 
 10963      C6458584 
 10963      AB929AB5 
 10964 1d2e 02838FB6 		.ascii	"\002\203\217\266\270-c_`\356\302\334\230q"
 10964      B82D635F 
 10964      60EEC2DC 
 10964      9871
 10965 1d3c 51CA51F8 		.string	"Q\312Q\3705\2531\322p\005\205\004\250\303\321\022R|F\213q\030\t\032\245\020C43%\351\303\0
 10965      35AB31D2 
 10965      70058504 
 10965      A8C3D112 
 10965      527C468B 
 10966 1e3d 7F2C046E 		.ascii	"\177,\004n4\020\300/a;a\274\016a\003\267H\314M^\214+|\016.\272"
 10966      3410C02F 
 10966      613B61BC 
 10966      0E6103B7 
 10966      48CC4D5E 
 10967 1e57 DA604DC7 		.ascii	"\332`M\3075\330\034w\207\351\304Gm\246\004\364\b*' \022/*\234"
 10967      35D81C77 
 10967      87E9C447 
 10967      6DA604F4 
 10967      082A2720 
 10968 1e6f 7B58E807 		.ascii	"{X\350\007\310\344\250\373\212R'\024MnJ\224\233\346\313\340\234"
 10968      C8E4A8FB 
 10968      8A522714 
 10968      4D6E4A94 
 10968      9BE6CBE0 
 10969 1e84 B4882B35 		.ascii	"\264\210+5\372\212j\325\373SD\200\036\363\274\003@\3558\013\242"
 10969      FA8A6AD5 
 10969      FB534480 
 10969      1EF3BC03 
 10969      40ED380B 
 10970 1e99 F4F4C49A 		.ascii	"\364\364\304\232ts\230]\354&\236\346B8rb\256\t\026\357'\272m"
 10970      7473985D 
 10970      EC269EE6 
 10970      42387262 
 10970      AE0916EF 
GAS LISTING /tmp/ccHMMbxq.s 			page 279


 10971 1eb0 38928719 		.ascii	"8\222\207\031k\262\204\221\360\334\025\032\n\177f\256E\363\340"
 10971      6BB28491 
 10971      F0DC151A 
 10971      0A7F66AE 
 10971      45F3E0
 10972 1ec3 BC4603B5 		.ascii	"\274F\003\265E\374\027\376\253\226\273\033\304J)E\306x?\374\202"
 10972      45FC17FE 
 10972      AB96BB1B 
 10972      C44A2945 
 10972      C6783FFC 
 10973 1ed8 53C8B605 		.ascii	"S\310\266\005\336\223\002\3139\r\3233\036\233L\212\242g\2243"
 10973      DE9302CB 
 10973      390DD333 
 10973      1E9B4C8A 
 10973      A2679433 
 10974 1eec 22815B22 		.ascii	"\"\201[\"\036\261\356\024\212\321$\f\313\335\327\233w\t1\227"
 10974      1EB1EE14 
 10974      8AD1240C 
 10974      CBDDD79B 
 10974      77093197 
 10975 1f00 5140288A 		.ascii	"Q@(\212Zt\311K%\246\211LNG \343\300\202\200\003\027\351\277~"
 10975      5A74C94B 
 10975      25A6894C 
 10975      4E4720E3 
 10975      C0828003 
 10976 1f18 D770F47E 		.ascii	"\327p\364~jph\213&,+n\256I%tL\217\373\005\002\221UXT\na\037\251"
 10976      6A70688B 
 10976      262C2B6E 
 10976      AE492574 
 10976      4C8FFB05 
 10977 1f35 34572F43 		.ascii	"4W/C\323\250@\346\"@\205"
 10977      D3A840E6 
 10977      224085
 10978 1f40 8BBA50BA 		.string	"\213\272P\272\257\350\244E\305Z\350Q\035\230e@\206X\222\b\205\022\223r]i\025%\032\331\\\0
 10978      AFE8A445 
 10978      C55AE851 
 10978      1D986540 
 10978      86589208 
 10979 1ffb 3CBE4130 		.string	"<\276A0\245E\001\024\212-\340\017\020\357V\221\271\254\217\246\004\275\025\017]*}*x6\244&
 10979      A5450114 
 10979      8A2DE00F 
 10979      10EF5691 
 10979      B9AC8FA6 
 10980 2030 E2B984E8 		.string	"\342\271\204\350\257I\246\003\367\\\227\375\333K8\2122\253\343q\265\353\026\234\331\237]\
 10980      AF49A603 
 10980      F75C97FD 
 10980      DB4B388A 
 10980      32ABE371 
 10981 2087 BD5ADD41 		.ascii	"\275Z\335A%\200)\265\377\260\314\267=y\272\310\030D\n\020Or_"
 10981      258029B5 
 10981      FFB0CCB7 
 10981      3D79BAC8 
 10981      18440A10 
 10982 209e 5A0FDF7A 		.ascii	"Z\017\337z\200\272\362d\334\021\027\005\221\225\332\220\034("
 10982      80BAF264 
 10982      DC111705 
 10982      9195DA90 
GAS LISTING /tmp/ccHMMbxq.s 			page 280


 10982      1C28
 10983 20b0 4699ED6D 		.ascii	"F\231\355m@\340X\234N\370X\326\\\254E4\263\356\310\214k\177\360"
 10983      40E0589C 
 10983      4EF858D6 
 10983      5CAC4534 
 10983      B3EEC88C 
 10984 20c7 034925E4 		.ascii	"\003I%\344\253\206\225UQv"
 10984      AB869555 
 10984      5176
 10985 20d1 B0A2F7BF 		.string	"\260\242\367\277\002\367\030\f\034\030\320\277R \025a\341\021\301\373\270#\336\\HR\267%\3
 10985      02F7180C 
 10985      1C18D0BF 
 10985      52201561 
 10985      E111C1FB 
 10986 21d2 A15CAC31 		.string	"\241\\\2541\2057\3211\226\320\b\315&\360d\016\343\022\003\266\241=P\257'{\253C\343\311!Q\
 10986      8537D131 
 10986      96D008CD 
 10986      26F0640E 
 10986      E31203B6 
 10987 2231 21957589 		.string	"!\225u\211\347|\363D3\211\203\231o\033\020\ri\360\032\226\242\331?\364\216x\025\303\307\2
 10987      E77CF344 
 10987      33898399 
 10987      6F1B100D 
 10987      69F01A96 
 10988 225c E840A800 		.string	"\350@\250"
 10989 2260 7490019A 		.string	"t\220\001\232!bZ/\026;S\005!\365\222G^\007\253\210FW\207\232\237\222F\217 \027\327\305\02
 10989      21625A2F 
 10989      163B5305 
 10989      21F59247 
 10989      5E07AB88 
 10990 2312 43D40453 		.string	"C\324\004S\3306-v9\002\025\250\365\372\333\314-\023!\260\277\230\351\251\356)\020y\326m\3
 10990      D8362D76 
 10990      390215A8 
 10990      F5FADBCC 
 10990      2D1321B0 
 10991 237f 74949FF1 		.string	"t\224\237\361\271\013\\Sc\305\001#\t-\333%\025(\341\250\371\\3kJ+\250"
 10991      B90B5C53 
 10991      63C50123 
 10991      092DDB25 
 10991      1528E1A8 
 10992 239b 4085B58C 		.ascii	"@\205\265\214\313\032a\260\371\225\207\223\227\364\005p\260\352"
 10992      CB1A61B0 
 10992      F9958793 
 10992      97F40570 
 10992      B0EA
 10993 23ad 78DEF7B2 		.ascii	"x\336\367\262v\242\302\032\324s?^\202\360\361\255Z7\227\223\023"
 10993      76A2C21A 
 10993      D4733F5E 
 10993      82F0F1AD 
 10993      5A379793 
 10994 23c2 8F3858F7 		.ascii	"\2178X\367\225\240}\n\020\311\261\t\202\243\320\342\232\226\213"
 10994      95A07D0A 
 10994      10C9B109 
 10994      82A3D0E2 
 10994      9A968B
 10995 23d5 14D3591F 		.ascii	"\024\323Y\03769\357\325E@2&\335\336\216\275\025\235?\372\324"
 10995      3639EFD5 
GAS LISTING /tmp/ccHMMbxq.s 			page 281


 10995      45403226 
 10995      DDDE8EBD 
 10995      159D3FFA 
 10996 23ea D741997F 		.ascii	"\327A\231\177:\256z)\341\037\n\005N\356G8\260m\337\t=\372\030"
 10996      3AAE7A29 
 10996      E11F0A05 
 10996      4EEE4738 
 10996      B06DDF09 
 10997 2401 5F679748 		.ascii	"_g\227Hl\311\325\024\226h\201\251\n\267/<\352=\343\\L\217\373"
 10997      6CC9D514 
 10997      966881A9 
 10997      0AB72F3C 
 10997      EA3DE35C 
 10998 2418 6B557009 		.ascii	"kUp\t\3575O\343\376\030\344\t#\250ty\202\376Q\315\205\026D\204"
 10998      EF354FE3 
 10998      FE18E409 
 10998      23A87479 
 10998      82FE51CD 
 10999 2430 65106477 		.ascii	"e\020dw\211\270\227Oz\234L/\214\303/\201\345\233\"\367\025\201"
 10999      89B8974F 
 10999      7A9C4C2F 
 10999      8CC32F81 
 10999      E59B22F7 
 11000 2446 A21F0210 		.ascii	"\242\037\002\020"
 11001 244a 0BA19A2C 		.string	"\013\241\232,H\252\277\001\325\254\220\251\302\206\212\036^\333\331\234\340\307A\353\203\
 11001      48AABF01 
 11001      D5AC90A9 
 11001      C2868A1E 
 11001      5EDBD99C 
 11002 254b 358896A9 		.string	"5\210\226\251\025\217\325\314@\314U\005\360{ U\337Ta\001\275+v\263\261\025\314\351V\360\0
 11002      158FD5CC 
 11002      40CC5505 
 11002      F07B2055 
 11002      DF546101 
 11003 25ae 9D74F17D 		.string	"\235t\361}Ap\\P\267\331\005\3052\026]\371\356jz1! 5\226.\214i\251\220\031\245\363\311A\24
 11003      41705C50 
 11003      B7D905C5 
 11003      32165DF9 
 11003      EE6A7A31 
 11004 262e 6F01FF3A 		.ascii	"o\001\377:\370\013x\234\\\316\251\b\315\252K\343\275\227S\216"
 11004      F80B789C 
 11004      5CCEA908 
 11004      CDAA4BE3 
 11004      BD97538E 
 11005 2642 708C252A 		.ascii	"p\214%*,\351osU%3\006D\017#\256\320\"{g\257\326\326w\250\267"
 11005      2CE96F73 
 11005      55253306 
 11005      440F23AE 
 11005      D0227B67 
 11006 265c 93094E7F 		.ascii	"\223\tN\177\244n7\375\267\325\344H\355]L1\220\304\234\372-\360"
 11006      A46E37FD 
 11006      B7D5E448 
 11006      ED5D4C31 
 11006      90C49CFA 
 11007 2672 B79327BD 		.ascii	"\267\223'\275lqK\224\236\311S\317tq\267\3454d[\304s\272\035\325"
 11007      6C714B94 
 11007      9EC953CF 
GAS LISTING /tmp/ccHMMbxq.s 			page 282


 11007      7471B7E5 
 11007      34645BC4 
 11008 268a 8717CFF2 		.ascii	"\207\027\317\362+\350\035\021\006 .\234\350(s@\360F\212\003\""
 11008      2BE81D11 
 11008      06202E9C 
 11008      E8287340 
 11008      F0468A03 
 11009 269f 2DA4F3CC 		.ascii	"-\244\363\314=\256r\221W\227\363p\310\354\220\275\3409A\202\330"
 11009      3DAE7291 
 11009      5797F370 
 11009      C8EC90BD 
 11009      E0394182 
 11010 26b4 592EE482 		.ascii	"Y.\344\202g\371\312\303\241\250\034e\314\311\021}\274 \337r\346"
 11010      67F9CAC3 
 11010      A1A81C65 
 11010      CCC9117D 
 11010      BC20DF72 
 11011 26c9 6949CF04 		.ascii	"iI\317\004\367\305\374/\254\3764u\266\200\267q\354\244\344,a"
 11011      F7C5FC2F 
 11011      ACFE3475 
 11011      B680B771 
 11011      ECA4E42C 
 11012 26de 3005E3B5 		.ascii	"0\005\343\2652\\%\355\317\276\361\327\266\352d\006L\333\244\\"
 11012      325C25ED 
 11012      CFBEF1D7 
 11012      B6EA6406 
 11012      4CDBA45C 
 11013 26f2 C57CCB84 		.ascii	"\305|\313\204?\214\247\372t\350.\344\272jH\347c\210\357_\330"
 11013      3F8CA7FA 
 11013      74E82EE4 
 11013      BA6A48E7 
 11013      6388EF5F 
 11014 2707 3E7EA19D 		.ascii	">~\241\235\327\003\370yV"
 11014      D703F879 
 11014      56
 11015 2710 4750DA21 		.string	"GP\332!\347\027\230\370A\254\177\254\232\204\343\013\274\357\236\336\237m^i\223\323\033}W
 11015      E71798F8 
 11015      41AC7FAC 
 11015      9A84E30B 
 11015      BCEF9EDE 
 11016 272e 2EC77166 		.string	".\307qf\005\3441I\257\t\327k6\321+\354\355f\247h\304{\224\006H\333K[\240\016\274L\370\027
 11016      05E43149 
 11016      AF09D76B 
 11016      36D12BEC 
 11016      ED66A768 
 11017 278c C81B2C4D 		.ascii	"\310\033,M\030\316\355\223\373\306\250\332|\352d\016\360,\262"
 11017      18CEED93 
 11017      FBC6A8DA 
 11017      7CEA640E 
 11017      F02CB2
 11018 279f 9EE0EA80 		.ascii	"\236\340\352\200j\263\207=\237\364\331\231\254\362\207S\366\325"
 11018      6AB3873D 
 11018      9FF4D999 
 11018      ACF28753 
 11018      F6D5
 11019 27b1 DCEB1196 		.ascii	"\334\353\021\226\025\310/\254\307B\032h\376\303\377#\242\251"
 11019      15C82FAC 
GAS LISTING /tmp/ccHMMbxq.s 			page 283


 11019      C7421A68 
 11019      FEC3FF23 
 11019      A2A9
 11020 27c3 C175F2A3 		.ascii	"\301u\362\243gfp\355\n"
 11020      676670ED 
 11020      0A
 11021              		.text
 11022              		.section	.gnu.lto_.symtab.bf5e6e41e14b94cc,"e",@progbits
 11023 0000 5F5A3250 		.string	"_Z2P1l"
 11023      316C00
 11024 0007 00       		.string	""
 11025 0008 00       		.string	""
 11026 0009 00       		.string	""
 11027 000a 00       		.string	""
 11028 000b 00       		.string	""
 11029 000c 00       		.string	""
 11030 000d 00       		.string	""
 11031 000e 00       		.string	""
 11032 000f 00       		.string	""
 11033 0010 00       		.string	""
 11034 0011 00       		.string	""
 11035 0012 500100   		.string	"P\001"
 11036 0015 00       		.string	""
 11037 0016 5F5A3370 		.string	"_Z3phill"
 11037      68696C6C 
 11037      00
 11038 001f 00       		.string	""
 11039 0020 00       		.string	""
 11040 0021 00       		.string	""
 11041 0022 00       		.string	""
 11042 0023 00       		.string	""
 11043 0024 00       		.string	""
 11044 0025 00       		.string	""
 11045 0026 00       		.string	""
 11046 0027 00       		.string	""
 11047 0028 00       		.string	""
 11048 0029 00       		.string	""
 11049 002a 560100   		.string	"V\001"
 11050 002d 00       		.string	""
 11051 002e 5F5A5374 		.string	"_ZSt8_DestroyIPP16rho_coefficientsEvT_S3_"
 11051      385F4465 
 11051      7374726F 
 11051      79495050 
 11051      31367268 
 11052 0058 5F5A5374 		.string	"_ZSt8_DestroyIPP16rho_coefficientsEvT_S3_"
 11052      385F4465 
 11052      7374726F 
 11052      79495050 
 11052      31367268 
 11053 0082 01       		.ascii	"\001"
 11054 0083 00       		.string	""
 11055 0084 00       		.string	""
 11056 0085 00       		.string	""
 11057 0086 00       		.string	""
 11058 0087 00       		.string	""
 11059 0088 00       		.string	""
 11060 0089 00       		.string	""
GAS LISTING /tmp/ccHMMbxq.s 			page 284


 11061 008a 00       		.string	""
 11062 008b 00       		.string	""
 11063 008c 5C0100   		.string	"\\\001"
 11064 008f 00       		.string	""
 11065 0090 5F5A4E4B 		.string	"_ZNKSt6vectorIP16rho_coefficientsSaIS1_EE12_M_check_lenEmPKc"
 11065      53743676 
 11065      6563746F 
 11065      72495031 
 11065      3672686F 
 11066 00cd 5F5A4E4B 		.string	"_ZNKSt6vectorIP16rho_coefficientsSaIS1_EE12_M_check_lenEmPKc"
 11066      53743676 
 11066      6563746F 
 11066      72495031 
 11066      3672686F 
 11067 010a 01       		.ascii	"\001"
 11068 010b 00       		.string	""
 11069 010c 00       		.string	""
 11070 010d 00       		.string	""
 11071 010e 00       		.string	""
 11072 010f 00       		.string	""
 11073 0110 00       		.string	""
 11074 0111 00       		.string	""
 11075 0112 00       		.string	""
 11076 0113 00       		.string	""
 11077 0114 650100   		.string	"e\001"
 11078 0117 00       		.string	""
 11079 0118 5F5A4E53 		.string	"_ZNSt15__new_allocatorIP16rho_coefficientsE10deallocateEPS1_m"
 11079      7431355F 
 11079      5F6E6577 
 11079      5F616C6C 
 11079      6F636174 
 11080 0156 5F5A4E53 		.string	"_ZNSt15__new_allocatorIP16rho_coefficientsE10deallocateEPS1_m"
 11080      7431355F 
 11080      5F6E6577 
 11080      5F616C6C 
 11080      6F636174 
 11081 0194 01       		.ascii	"\001"
 11082 0195 00       		.string	""
 11083 0196 00       		.string	""
 11084 0197 00       		.string	""
 11085 0198 00       		.string	""
 11086 0199 00       		.string	""
 11087 019a 00       		.string	""
 11088 019b 00       		.string	""
 11089 019c 00       		.string	""
 11090 019d 00       		.string	""
 11091 019e 6F0100   		.string	"o\001"
 11092 01a1 00       		.string	""
 11093 01a2 5F5A4E53 		.string	"_ZNSt6vectorIP16rho_coefficientsSaIS1_EED2Ev"
 11093      74367665 
 11093      63746F72 
 11093      49503136 
 11093      72686F5F 
 11094 01cf 5F5A4E53 		.string	"_ZNSt6vectorIP16rho_coefficientsSaIS1_EED5Ev"
 11094      74367665 
 11094      63746F72 
 11094      49503136 
GAS LISTING /tmp/ccHMMbxq.s 			page 285


 11094      72686F5F 
 11095 01fc 01       		.ascii	"\001"
 11096 01fd 00       		.string	""
 11097 01fe 00       		.string	""
 11098 01ff 00       		.string	""
 11099 0200 00       		.string	""
 11100 0201 00       		.string	""
 11101 0202 00       		.string	""
 11102 0203 00       		.string	""
 11103 0204 00       		.string	""
 11104 0205 00       		.string	""
 11105 0206 720100   		.string	"r\001"
 11106 0209 00       		.string	""
 11107 020a 5F5A4E53 		.string	"_ZNSt6vectorIP16rho_coefficientsSaIS1_EED1Ev"
 11107      74367665 
 11107      63746F72 
 11107      49503136 
 11107      72686F5F 
 11108 0237 5F5A4E53 		.string	"_ZNSt6vectorIP16rho_coefficientsSaIS1_EED5Ev"
 11108      74367665 
 11108      63746F72 
 11108      49503136 
 11108      72686F5F 
 11109 0264 01       		.ascii	"\001"
 11110 0265 00       		.string	""
 11111 0266 00       		.string	""
 11112 0267 00       		.string	""
 11113 0268 00       		.string	""
 11114 0269 00       		.string	""
 11115 026a 00       		.string	""
 11116 026b 00       		.string	""
 11117 026c 00       		.string	""
 11118 026d 00       		.string	""
 11119 026e 3E0100   		.string	">\001"
 11120 0271 00       		.string	""
 11121 0272 5F5A4E53 		.string	"_ZNSt15__new_allocatorIP16rho_coefficientsE8allocateEmPKv"
 11121      7431355F 
 11121      5F6E6577 
 11121      5F616C6C 
 11121      6F636174 
 11122 02ac 5F5A4E53 		.string	"_ZNSt15__new_allocatorIP16rho_coefficientsE8allocateEmPKv"
 11122      7431355F 
 11122      5F6E6577 
 11122      5F616C6C 
 11122      6F636174 
 11123 02e6 01       		.ascii	"\001"
 11124 02e7 00       		.string	""
 11125 02e8 00       		.string	""
 11126 02e9 00       		.string	""
 11127 02ea 00       		.string	""
 11128 02eb 00       		.string	""
 11129 02ec 00       		.string	""
 11130 02ed 00       		.string	""
 11131 02ee 00       		.string	""
 11132 02ef 00       		.string	""
 11133 02f0 790100   		.string	"y\001"
 11134 02f3 00       		.string	""
GAS LISTING /tmp/ccHMMbxq.s 			page 286


 11135 02f4 5F5A4E53 		.string	"_ZNSt6vectorIP16rho_coefficientsSaIS1_EE17_M_realloc_insertIJRKS1_EEEvN9__gnu_cxx17__norm
 11135      74367665 
 11135      63746F72 
 11135      49503136 
 11135      72686F5F 
 11136 0368 5F5A4E53 		.string	"_ZNSt6vectorIP16rho_coefficientsSaIS1_EE17_M_realloc_insertIJRKS1_EEEvN9__gnu_cxx17__norm
 11136      74367665 
 11136      63746F72 
 11136      49503136 
 11136      72686F5F 
 11137 03dc 01       		.ascii	"\001"
 11138 03dd 00       		.string	""
 11139 03de 00       		.string	""
 11140 03df 00       		.string	""
 11141 03e0 00       		.string	""
 11142 03e1 00       		.string	""
 11143 03e2 00       		.string	""
 11144 03e3 00       		.string	""
 11145 03e4 00       		.string	""
 11146 03e5 00       		.string	""
 11147 03e6 820100   		.string	"\202\001"
 11148 03e9 00       		.string	""
 11149 03ea 5F5A4E53 		.string	"_ZNSt6vectorIP16rho_coefficientsSaIS1_EE9push_backERKS1_"
 11149      74367665 
 11149      63746F72 
 11149      49503136 
 11149      72686F5F 
 11150 0423 5F5A4E53 		.string	"_ZNSt6vectorIP16rho_coefficientsSaIS1_EE9push_backERKS1_"
 11150      74367665 
 11150      63746F72 
 11150      49503136 
 11150      72686F5F 
 11151 045c 01       		.ascii	"\001"
 11152 045d 00       		.string	""
 11153 045e 00       		.string	""
 11154 045f 00       		.string	""
 11155 0460 00       		.string	""
 11156 0461 00       		.string	""
 11157 0462 00       		.string	""
 11158 0463 00       		.string	""
 11159 0464 00       		.string	""
 11160 0465 00       		.string	""
 11161 0466 8A0100   		.string	"\212\001"
 11162 0469 00       		.string	""
 11163 046a 5F5A3131 		.string	"_Z11dickman_rhod"
 11163      6469636B 
 11163      6D616E5F 
 11163      72686F64 
 11163      00
 11164 047b 00       		.string	""
 11165 047c 00       		.string	""
 11166 047d 00       		.string	""
 11167 047e 00       		.string	""
 11168 047f 00       		.string	""
 11169 0480 00       		.string	""
 11170 0481 00       		.string	""
 11171 0482 00       		.string	""
GAS LISTING /tmp/ccHMMbxq.s 			page 287


 11172 0483 00       		.string	""
 11173 0484 00       		.string	""
 11174 0485 00       		.string	""
 11175 0486 470100   		.string	"G\001"
 11176 0489 00       		.string	""
 11177 048a 5F5F6473 		.string	"__dso_handle"
 11177      6F5F6861 
 11177      6E646C65 
 11177      00
 11178 0497 00       		.string	""
 11179 0498 02       		.ascii	"\002"
 11180 0499 03       		.ascii	"\003"
 11181 049a 00       		.string	""
 11182 049b 00       		.string	""
 11183 049c 00       		.string	""
 11184 049d 00       		.string	""
 11185 049e 00       		.string	""
 11186 049f 00       		.string	""
 11187 04a0 00       		.string	""
 11188 04a1 00       		.string	""
 11189 04a2 4B0100   		.string	"K\001"
 11190 04a5 00       		.string	""
 11191 04a6 73717274 		.string	"sqrt"
 11191      00
 11192 04ab 00       		.string	""
 11193 04ac 02       		.ascii	"\002"
 11194 04ad 00       		.string	""
 11195 04ae 00       		.string	""
 11196 04af 00       		.string	""
 11197 04b0 00       		.string	""
 11198 04b1 00       		.string	""
 11199 04b2 00       		.string	""
 11200 04b3 00       		.string	""
 11201 04b4 00       		.string	""
 11202 04b5 00       		.string	""
 11203 04b6 9D0100   		.string	"\235\001"
 11204 04b9 00       		.string	""
 11205 04ba 5F5A5374 		.string	"_ZSt20__throw_length_errorPKc"
 11205      32305F5F 
 11205      7468726F 
 11205      775F6C65 
 11205      6E677468 
 11206 04d8 00       		.string	""
 11207 04d9 02       		.ascii	"\002"
 11208 04da 00       		.string	""
 11209 04db 00       		.string	""
 11210 04dc 00       		.string	""
 11211 04dd 00       		.string	""
 11212 04de 00       		.string	""
 11213 04df 00       		.string	""
 11214 04e0 00       		.string	""
 11215 04e1 00       		.string	""
 11216 04e2 00       		.string	""
 11217 04e3 A40100   		.string	"\244\001"
 11218 04e6 00       		.string	""
 11219 04e7 5F5A646C 		.string	"_ZdlPvm"
 11219      50766D00 
GAS LISTING /tmp/ccHMMbxq.s 			page 288


 11220 04ef 00       		.string	""
 11221 04f0 02       		.ascii	"\002"
 11222 04f1 00       		.string	""
 11223 04f2 00       		.string	""
 11224 04f3 00       		.string	""
 11225 04f4 00       		.string	""
 11226 04f5 00       		.string	""
 11227 04f6 00       		.string	""
 11228 04f7 00       		.string	""
 11229 04f8 00       		.string	""
 11230 04f9 00       		.string	""
 11231 04fa AE0100   		.string	"\256\001"
 11232 04fd 00       		.string	""
 11233 04fe 5F5A6E77 		.string	"_Znwm"
 11233      6D00
 11234 0504 00       		.string	""
 11235 0505 02       		.ascii	"\002"
 11236 0506 00       		.string	""
 11237 0507 00       		.string	""
 11238 0508 00       		.string	""
 11239 0509 00       		.string	""
 11240 050a 00       		.string	""
 11241 050b 00       		.string	""
 11242 050c 00       		.string	""
 11243 050d 00       		.string	""
 11244 050e 00       		.string	""
 11245 050f B70100   		.string	"\267\001"
 11246 0512 00       		.string	""
 11247 0513 5F5A5374 		.string	"_ZSt17__throw_bad_allocv"
 11247      31375F5F 
 11247      7468726F 
 11247      775F6261 
 11247      645F616C 
 11248 052c 00       		.string	""
 11249 052d 02       		.ascii	"\002"
 11250 052e 00       		.string	""
 11251 052f 00       		.string	""
 11252 0530 00       		.string	""
 11253 0531 00       		.string	""
 11254 0532 00       		.string	""
 11255 0533 00       		.string	""
 11256 0534 00       		.string	""
 11257 0535 00       		.string	""
 11258 0536 00       		.string	""
 11259 0537 BC0100   		.string	"\274\001"
 11260 053a 00       		.string	""
 11261 053b 5F5A5374 		.string	"_ZSt28__throw_bad_array_new_lengthv"
 11261      32385F5F 
 11261      7468726F 
 11261      775F6261 
 11261      645F6172 
 11262 055f 00       		.string	""
 11263 0560 02       		.ascii	"\002"
 11264 0561 00       		.string	""
 11265 0562 00       		.string	""
 11266 0563 00       		.string	""
 11267 0564 00       		.string	""
GAS LISTING /tmp/ccHMMbxq.s 			page 289


 11268 0565 00       		.string	""
 11269 0566 00       		.string	""
 11270 0567 00       		.string	""
 11271 0568 00       		.string	""
 11272 0569 00       		.string	""
 11273 056a C00100   		.string	"\300\001"
 11274 056d 00       		.string	""
 11275 056e 6365696C 		.string	"ceil"
 11275      00
 11276 0573 00       		.string	""
 11277 0574 02       		.ascii	"\002"
 11278 0575 00       		.string	""
 11279 0576 00       		.string	""
 11280 0577 00       		.string	""
 11281 0578 00       		.string	""
 11282 0579 00       		.string	""
 11283 057a 00       		.string	""
 11284 057b 00       		.string	""
 11285 057c 00       		.string	""
 11286 057d 00       		.string	""
 11287 057e D70100   		.string	"\327\001"
 11288 0581 00       		.string	""
 11289 0582 5F5F6378 		.string	"__cxa_guard_acquire"
 11289      615F6775 
 11289      6172645F 
 11289      61637175 
 11289      69726500 
 11290 0596 00       		.string	""
 11291 0597 02       		.ascii	"\002"
 11292 0598 00       		.string	""
 11293 0599 00       		.string	""
 11294 059a 00       		.string	""
 11295 059b 00       		.string	""
 11296 059c 00       		.string	""
 11297 059d 00       		.string	""
 11298 059e 00       		.string	""
 11299 059f 00       		.string	""
 11300 05a0 00       		.string	""
 11301 05a1 E50100   		.string	"\345\001"
 11302 05a4 00       		.string	""
 11303 05a5 5F5F6378 		.string	"__cxa_atexit"
 11303      615F6174 
 11303      65786974 
 11303      00
 11304 05b2 00       		.string	""
 11305 05b3 02       		.ascii	"\002"
 11306 05b4 00       		.string	""
 11307 05b5 00       		.string	""
 11308 05b6 00       		.string	""
 11309 05b7 00       		.string	""
 11310 05b8 00       		.string	""
 11311 05b9 00       		.string	""
 11312 05ba 00       		.string	""
 11313 05bb 00       		.string	""
 11314 05bc 00       		.string	""
 11315 05bd F20100   		.string	"\362\001"
 11316 05c0 00       		.string	""
GAS LISTING /tmp/ccHMMbxq.s 			page 290


 11317 05c1 5F5F6378 		.string	"__cxa_guard_release"
 11317      615F6775 
 11317      6172645F 
 11317      72656C65 
 11317      61736500 
 11318 05d5 00       		.string	""
 11319 05d6 02       		.ascii	"\002"
 11320 05d7 00       		.string	""
 11321 05d8 00       		.string	""
 11322 05d9 00       		.string	""
 11323 05da 00       		.string	""
 11324 05db 00       		.string	""
 11325 05dc 00       		.string	""
 11326 05dd 00       		.string	""
 11327 05de 00       		.string	""
 11328 05df 00       		.string	""
 11329 05e0 F60100   		.string	"\366\001"
 11330 05e3 00       		.string	""
 11331 05e4 706F7700 		.string	"pow"
 11332 05e8 00       		.string	""
 11333 05e9 02       		.ascii	"\002"
 11334 05ea 00       		.string	""
 11335 05eb 00       		.string	""
 11336 05ec 00       		.string	""
 11337 05ed 00       		.string	""
 11338 05ee 00       		.string	""
 11339 05ef 00       		.string	""
 11340 05f0 00       		.string	""
 11341 05f1 00       		.string	""
 11342 05f2 00       		.string	""
 11343 05f3 FF0100   		.string	"\377\001"
 11344 05f6 00       		.string	""
 11345              		.text
 11346              		.section	.gnu.lto_.ext_symtab.bf5e6e41e14b94cc,"e",@progbits
 11347 0000 01       		.ascii	"\001"
 11348 0001 01       		.ascii	"\001"
 11349 0002 00       		.string	""
 11350 0003 01       		.ascii	"\001"
 11351 0004 00       		.string	""
 11352 0005 01       		.ascii	"\001"
 11353 0006 00       		.string	""
 11354 0007 01       		.ascii	"\001"
 11355 0008 00       		.string	""
 11356 0009 01       		.ascii	"\001"
 11357 000a 00       		.string	""
 11358 000b 01       		.ascii	"\001"
 11359 000c 00       		.string	""
 11360 000d 01       		.ascii	"\001"
 11361 000e 00       		.string	""
 11362 000f 01       		.ascii	"\001"
 11363 0010 00       		.string	""
 11364 0011 01       		.ascii	"\001"
 11365 0012 00       		.string	""
 11366 0013 01       		.ascii	"\001"
 11367 0014 00       		.string	""
 11368 0015 01       		.ascii	"\001"
 11369 0016 00       		.string	""
GAS LISTING /tmp/ccHMMbxq.s 			page 291


 11370 0017 02       		.ascii	"\002"
 11371 0018 01       		.ascii	"\001"
 11372 0019 01       		.ascii	"\001"
 11373 001a 00       		.string	""
 11374 001b 01       		.ascii	"\001"
 11375 001c 00       		.string	""
 11376 001d 01       		.ascii	"\001"
 11377 001e 00       		.string	""
 11378 001f 01       		.ascii	"\001"
 11379 0020 00       		.string	""
 11380 0021 01       		.ascii	"\001"
 11381 0022 00       		.string	""
 11382 0023 01       		.ascii	"\001"
 11383 0024 00       		.string	""
 11384 0025 01       		.ascii	"\001"
 11385 0026 00       		.string	""
 11386 0027 01       		.ascii	"\001"
 11387 0028 00       		.string	""
 11388 0029 01       		.ascii	"\001"
 11389 002a 00       		.string	""
 11390 002b 01       		.ascii	"\001"
 11391 002c 00       		.string	""
 11392 002d 01       		.ascii	"\001"
 11393 002e 00       		.string	""
 11394              		.text
 11395              		.section	.gnu.lto_.opts,"e",@progbits
 11396 0000 272D666E 		.ascii	"'-fno-openmp' '-fno-openacc' '-fPIC' '-g' '-march=znver3' '-"
 11396      6F2D6F70 
 11396      656E6D70 
 11396      2720272D 
 11396      666E6F2D 
 11397 003c 6D6D6D78 		.ascii	"mmmx' '-mpopcnt' '-msse' '-msse2' '-msse3' '-mssse3' '-msse4"
 11397      2720272D 
 11397      6D706F70 
 11397      636E7427 
 11397      20272D6D 
 11398 0078 2E312720 		.ascii	".1' '-msse4.2' '-mavx' '-mavx2' '-msse4a' '-mno-fma4' '-mno-"
 11398      272D6D73 
 11398      7365342E 
 11398      32272027 
 11398      2D6D6176 
 11399 00b4 786F7027 		.ascii	"xop' '-mno-avx512f' '-mbmi' '-mbmi2' '-maes' '-mpclmul' '-mn"
 11399      20272D6D 
 11399      6E6F2D61 
 11399      76783531 
 11399      32662720 
 11400 00f0 6F2D6176 		.ascii	"o-avx512vl' '-mno-avx512bw' '-mno-avx512dq' '-mno-avx512cd' "
 11400      78353132 
 11400      766C2720 
 11400      272D6D6E 
 11400      6F2D6176 
 11401 012c 272D6D6E 		.ascii	"'-mno-avx512er' '-mno-avx512pf' '-mno-avx512vbmi' '-mno-avx5"
 11401      6F2D6176 
 11401      78353132 
 11401      65722720 
 11401      272D6D6E 
 11402 0168 31326966 		.ascii	"12ifma' '-mno-avx5124vnniw' '-mno-avx5124fmaps' '-mno-avx512"
GAS LISTING /tmp/ccHMMbxq.s 			page 292


 11402      6D612720 
 11402      272D6D6E 
 11402      6F2D6176 
 11402      78353132 
 11403 01a4 76706F70 		.ascii	"vpopcntdq' '-mno-avx512vbmi2' '-mno-gfni' '-mvpclmulqdq' '-m"
 11403      636E7464 
 11403      71272027 
 11403      2D6D6E6F 
 11403      2D617678 
 11404 01e0 6E6F2D61 		.ascii	"no-avx512vnni' '-mno-avx512bitalg' '-mno-avx512bf16' '-mno-a"
 11404      76783531 
 11404      32766E6E 
 11404      69272027 
 11404      2D6D6E6F 
 11405 021c 76783531 		.ascii	"vx512vp2intersect' '-mno-3dnow' '-madx' '-mabm' '-mno-cldemo"
 11405      32767032 
 11405      696E7465 
 11405      72736563 
 11405      74272027 
 11406 0258 74652720 		.ascii	"te' '-mclflushopt' '-mclwb' '-mclzero' '-mcx16' '-mno-enqcmd"
 11406      272D6D63 
 11406      6C666C75 
 11406      73686F70 
 11406      74272027 
 11407 0294 2720272D 		.ascii	"' '-mf16c' '-mfsgsbase' '-mfxsr' '-mno-hle' '-msahf' '-mno-l"
 11407      6D663136 
 11407      63272027 
 11407      2D6D6673 
 11407      67736261 
 11408 02d0 77702720 		.ascii	"wp' '-mlzcnt' '-mmovbe' '-mno-movdir64b' '-mno-movdiri' '-mn"
 11408      272D6D6C 
 11408      7A636E74 
 11408      2720272D 
 11408      6D6D6F76 
 11409 030c 6F2D6D77 		.ascii	"o-mwaitx' '-mno-pconfig' '-mno-pku' '-mno-prefetchwt1' '-mpr"
 11409      61697478 
 11409      2720272D 
 11409      6D6E6F2D 
 11409      70636F6E 
 11410 0348 66636877 		.ascii	"fchw' '-mno-ptwrite' '-mrdpid' '-mrdrnd' '-mrdseed' '-mno-rt"
 11410      2720272D 
 11410      6D6E6F2D 
 11410      70747772 
 11410      69746527 
 11411 0384 6D272027 		.ascii	"m' '-mno-serialize' '-mno-sgx' '-msha' '-mshstk' '-mno-tbm' "
 11411      2D6D6E6F 
 11411      2D736572 
 11411      69616C69 
 11411      7A652720 
 11412 03c0 272D6D6E 		.ascii	"'-mno-tsxldtrk' '-mvaes' '-mno-waitpkg' '-mno-wbnoinvd' '-mx"
 11412      6F2D7473 
 11412      786C6474 
 11412      726B2720 
 11412      272D6D76 
 11413 03fc 73617665 		.ascii	"save' '-mxsavec' '-mxsaveopt' '-mxsaves' '-mno-amx-tile' '-m"
 11413      2720272D 
 11413      6D787361 
GAS LISTING /tmp/ccHMMbxq.s 			page 293


 11413      76656327 
 11413      20272D6D 
 11414 0438 6E6F2D61 		.ascii	"no-amx-int8' '-mno-amx-bf16' '-mno-uintr' '-mno-hreset' '-mn"
 11414      6D782D69 
 11414      6E743827 
 11414      20272D6D 
 11414      6E6F2D61 
 11415 0474 6F2D6B6C 		.ascii	"o-kl' '-mno-widekl' '-mno-avxvnni' '-mno-avx512fp16' '-mno-a"
 11415      2720272D 
 11415      6D6E6F2D 
 11415      77696465 
 11415      6B6C2720 
 11416 04b0 76786966 		.ascii	"vxifma' '-mno-avxvnniint8' '-mno-avxneconvert' '-mno-cmpccxa"
 11416      6D612720 
 11416      272D6D6E 
 11416      6F2D6176 
 11416      78766E6E 
 11417 04ec 64642720 		.ascii	"dd' '-mno-amx-fp16' '-mno-prefetchi' '-mno-raoint' '-mno-amx"
 11417      272D6D6E 
 11417      6F2D616D 
 11417      782D6670 
 11417      31362720 
 11418 0528 2D636F6D 		.ascii	"-complex' '--param=l"
 11418      706C6578 
 11418      2720272D 
 11418      2D706172 
 11418      616D3D6C 
 11419 053c 312D6361 		.string	"1-cache-size=32' '--param=l1-cache-line-size=64' '--param=l2-cache-size=512' '-mtune=znve
 11419      6368652D 
 11419      73697A65 
 11419      3D333227 
 11419      20272D2D 
 11420              		.text
 11421              		.comm	__gnu_lto_slim,1,1
 11422              		.ident	"GCC: (Ubuntu 13.3.0-6ubuntu2~24.04) 13.3.0"
 11423              		.section	.note.GNU-stack,"",@progbits
 11424              		.section	.note.gnu.property,"a"
 11425              		.align 8
 11426 0000 04000000 		.long	1f - 0f
 11427 0004 10000000 		.long	4f - 1f
 11428 0008 05000000 		.long	5
 11429              	0:
 11430 000c 474E5500 		.string	"GNU"
 11431              	1:
 11432              		.align 8
 11433 0010 020000C0 		.long	0xc0000002
 11434 0014 04000000 		.long	3f - 2f
 11435              	2:
 11436 0018 03000000 		.long	0x3
 11437              	3:
 11438 001c 00000000 		.align 8
 11439              	4:
GAS LISTING /tmp/ccHMMbxq.s 			page 294


DEFINED SYMBOLS
                            *ABS*:0000000000000000 dickman.cpp
     /tmp/ccHMMbxq.s:31     .gnu.debuglto_.debug_info:0000000000000000 dickman.cpp.5799373d
                            *COM*:0000000000000001 __gnu_lto_slim

NO UNDEFINED SYMBOLS
